EmpID,FullName,Age,Gender,Department,Education,HireDate,Salary,Email,Phone
bdd640fb,Jackie Morgan,57,Other,Admin,High School,2018-08-28,51000,charlesleonard@martin-hancock.info,(173)274-3076x67400
23b8c1e9,Lisa Walton,47,Other,,Bachelor,2018-11-21,73000,lisa84@taylor.biz,847-669-9535
bd9c66b3,Maria Taylor,33,Other,finance,PhD,2017-10-11,118000,elizabeth99@carr.com,001-607-124-0847
972a8469,Daniel Graham,61,Female,Admin,Diploma,2019-04-16,78000,leonard75@hotmail.com,(520)562-2471x8038
17fc695a,Matthew Simmons,26,Male,Finance,,2019-03-24,96000,umoreno@weber.org,143.710.4582x60960
9a1de644,James Nicholson,39,Male,Marketing,,2022-03-31,33000,whitejames@gmail.com,7507975221
b74d0fb1,Tyler Fisher,57,Other,finance,Master,2024-09-03,44000,brittany58@gmail.com,806.677.4818x930
6b65a6a4,Michael Flowers,37,Female,HR,Bachelor,2022-03-13,81000,nancy28@johnson.com,001-163-684-2633x618
47378190,Bradley Parks,41,Female,finance,PhD,2016-10-31,57000,gmoran@willis.info,001-135-596-5727
c241330b,Scott Lara,29,Female,hr,Diploma,2015-12-07,118000,jonathon42@white-padilla.info,(878)184-1476
6c307511,Francis Andrews,29,Female,IT,Bachelor,2024-07-17,116000,solson@yahoo.com,(380)267-0946
371ecd7b,Jesse Tucker,42,Female,IT,High School,2019-02-17,66000,laura30@yahoo.com,867-716-4181
1a2a73ed,Jennifer Wise,54,Male,finance,Master,2020-06-06,34000,lindsay06@gmail.com,604-991-2936x322
5be6128e,David Walters,58,Male,hr,PhD,2023-08-08,56000,peterpayne@gmail.com,029.798.0134x72096
43b7a3a6,Rebekah Cole,42,Male,finance,,2023-02-28,81000,linda37@yahoo.com,386.675.1965x3767
759cde66,John Rogers,21,Other,IT,Diploma,2016-12-30,69000,rebecca46@aguilar.com,3927499143
ec1b8ca1,Holly Floyd,40,Female,,High School,2018-01-04,84000,andrew25@pacheco-gomez.com,+1-397-505-3083
4b0dbb41,Ms. Janet Leonard,20,Other,Finance,Bachelor,2024-06-08,85000,davisryan@hotmail.com,601.467.1511
e2acf72f,George Villa,42,Female,IT,Master,2025-08-18,,meganpaul@johnson-elliott.biz,+1-888-827-0322x4891
3139d32c,Christina Hess,62,Male,Finance,Bachelor,2024-07-31,44000,elizabeth17@harris-jennings.com,604.374.5576
a9488d99,Jordan Williams,48,Other,HR,,2025-10-12,85000,nathanbanks@brady.org,(394)081-9275x84827
fc377a4c,Bryan Burns,56,Male,Finance,Bachelor,2019-09-01,87000,emilyharper@hotmail.com,594.792.2701x924
ddd1dfb2,Stephen Parks,20,Female,,Diploma,2015-12-02,110000,sharon78@hotmail.com,+1-675-957-9633x7119
7412b293,George Phillips,39,Female,hr,High School,2024-03-27,96000,ginasanchez@gmail.com,517.087.1650
29a3b2e9,Kimberly White,51,Female,Finance,PhD,2020-07-29,79000,ashley45@yahoo.com,170.376.1352x42816
ab9099a4,Alan Nguyen,30,Male,Admin,Diploma,2022-06-10,,megan81@gmail.com,001-453-845-5427
aefcfad8,Linda Howard,40,Female,Sales,,2017-08-07,44000,jessicasnyder@yahoo.com,(447)539-8792
a28defe3,Parker Wright,62,Male,IT,Master,2017-10-14,45000,hdaniel@anderson.com,+1-014-829-2379x25996
3eabedcb,Brandon Acosta,43,Other,hr,,2019-12-29,77000,jasonhanna@huffman-rocha.info,+1-650-660-1165
451b4cf3,Jessica Hill,45,Female,Operations,,2025-07-14,27000,murraysamantha@yahoo.com,865-115-0355x58180
b02b61c4,Melissa Sanchez,60,Female,It,Bachelor,2023-12-14,88000,tiffany46@beck-garcia.com,+1-066-056-7721x36008
5304317f,Sandy Oconnor,46,Female,HR,Master,2025-08-15,74000,williamkrueger@gmail.com,380-063-9937x823
0e51f30d,Judy Jones,34,Other,Sales,Diploma,2017-12-14,97000,pacejasmine@gmail.com,(910)997-8721x91630
ce177b4e,Charles Davila,33,Female,Admin,,2023-09-26,86000,woodsdebra@fields.net,001-916-516-8004x721
10f1bc81,Sonia Reyes,62,Male,Marketing,Diploma,2017-08-03,38000,achan@olson-nelson.com,357-009-3587x17020
9132b63e,Mrs. Tammy Curry,21,Male,,PhD,2021-05-21,59000,holly33@cooley.com,5550187890
366eb16f,Alex Clements,55,Female,finance,Bachelor,2022-07-02,52000,cathycarrillo@hotmail.com,5299423255
e27a984d,Matthew Andrade,25,Female,Sales,Diploma,2016-08-17,75000,summersmelvin@smith.com,+1-433-492-3212x43025
24933b83,Jessica Wilson,39,Other,hr,Master,2019-07-20,69000,esherman@yahoo.com,330.361.3227x69047
beb79919,Dean Turner,27,Other,hr,,2019-05-24,92000,stephanie86@estrada.com,+1-447-309-8110x7808
bf3c4c06,Sarah Sanchez,57,Other,hr,PhD,2024-08-29,52000,wjones@wright-montes.com,667.845.3343x3578
956269f0,Jacqueline Kennedy,36,Female,HR,Master,2024-01-24,70000,castroanita@hawkins.com,370-118-0336x1363
ff50bde4,Jessica Burgess,22,Other,Finance,Bachelor,2025-01-01,114000,alvarezjason@gmail.com,506.050.3351x1637
7e570ddf,Destiny Powers,43,Other,IT,PhD,2024-08-18,48000,ohorn@gmail.com,+1-457-362-5303
dc713d96,Susan Gregory,32,Male,Marketing,PhD,2021-10-20,103000,rzhang@harmon.com,260-273-2269x927
28f49481,Jason Smith,27,Other,finance,PhD,2018-04-11,39000,gabriellechavez@obrien-gallegos.com,(870)229-4009
98ae4334,Carlos Adams,44,Male,hr,,2024-07-13,112000,bstephens@lawson.com,001-751-102-9394x099
988c24c9,Vanessa Flores,20,Male,finance,High School,2022-01-07,64000,castrocourtney@savage.net,(567)895-6459x81713
405cacec,Albert Nguyen,38,Other,Operations,PhD,2025-05-04,88000,hector95@hotmail.com,3292844221
f143262f,Dwayne Joseph,46,Male,HR,Master,2024-07-06,92000,andersonjason@yahoo.com,843.321.3300
1d53434b,Leah Walters,25,Female,hr,Master,2022-07-19,43000,danny57@hotmail.com,+1-042-956-0302x9309
c0398710,James Spears,62,Female,Operations,Bachelor,2024-07-08,92000,garysmith@fox.com,872-020-7520x02556
5715bd6f,Gilbert Reed,26,Other,Marketing,Diploma,2017-08-01,59000,marshallalexander@hotmail.com,+1-318-606-2314x387
287d06ca,Joel Newton,53,Female,Marketing,Diploma,2025-02-02,116000,arroyosarah@gmail.com,437-305-3596x2763
b8db0672,Michael Chambers,32,Male,IT,High School,2020-03-11,81000,wsnyder@hotmail.com,0976325273
f8cda88b,Andrew Phelps,35,Female,Admin,,2019-10-18,71000,matthew85@gmail.com,+1-767-488-1391x420
81f76d1c,Lynn Hoffman,54,Other,IT,,2025-08-03,105000,torresbradley@hotmail.com,756.941.4314
a013ac6e,Daniel Mercer,58,Other,Finance,PhD,2023-10-02,25000,rachelmyers@hotmail.com,1398878429
81f631d4,Edgar Stewart,22,Male,finance,High School,2022-07-15,103000,landerson@hotmail.com,(337)189-4284x088
5fb8d16c,Alyssa Weber,20,Other,,Bachelor,2019-12-06,52000,dan14@hotmail.com,001-856-380-2852x12004
f4188f3f,Guy Reynolds,24,Female,Marketing,Bachelor,2016-09-01,39000,parkertammy@curtis.com,+1-164-851-5596x4870
eb2263dd,Allison Mcpherson DDS,60,Other,,Diploma,2025-06-21,58000,rebecca21@mcdowell-green.com,218.703.9508
7d154385,David Morse Jr.,22,Male,HR,Bachelor,2015-12-12,85000,michelestrong@gmail.com,+1-884-235-9402
5cec4eb5,Sarah Davis,47,Other,Sales,PhD,2015-11-14,104000,ccole@yahoo.com,001-169-806-8135x6362
ce88cb2d,Willie Duncan,36,Female,hr,Master,2023-10-20,27000,amanda74@hotmail.com,(446)265-5615
3da9c2a9,Christopher Waters,44,Male,HR,Bachelor,2019-11-01,91000,browndebbie@ellis-hernandez.biz,+1-772-355-1727x48479
14296c07,Jennifer Ortiz,62,Female,It,High School,2024-03-30,74000,gordoncolleen@hotmail.com,+1-270-599-4461x73536
d0e6e660,Jennifer Greene,52,Male,Marketing,PhD,2025-10-16,112000,jay70@gmail.com,6844706740
885f6e66,Jack Garcia,28,Other,Operations,Bachelor,2020-08-22,56000,bailey16@adams.com,+1-126-028-7007x110
a8e56e0c,Toni Gill,54,Male,finance,,2025-09-15,101000,valeriegonzales@gmail.com,(480)232-5869x98008
2a45c2ab, joseph myers  ,32,Male,,Bachelor,2020-11-08,47000,csmith@yahoo.com,+1-148-489-4654
9b49bd26,Kathleen Marshall,49,Other,IT,,2020-07-04,98000,zcooper@massey.com,124-229-6069
edcd465e,Joanna Bradshaw,33,Female,Sales,PhD,2021-02-12,48000,katherinebass@gmail.com,382-172-9521
b09b2a5c,Dylan Patel,26,Other,Admin,Bachelor,2023-09-02,51000,vbenton@wilson-diaz.info,+1-667-823-9675
66245bfa,John Jackson,32,Male,HR,,2020-02-05,30000,moorejohn@tran.info,(765)948-6378x78559
5f987c71,Janet Delgado,41,Other,Admin,Master,2021-01-25,59000,richardsondonald@yahoo.com,001-711-897-2481x8706
7394988f,Jennifer Fields,58,Male,It,Diploma,2020-07-06,33000,kimberly60@carpenter.com,378.747.2673
1064005c,Brenda Harvey,39,Other,,PhD,2017-09-04,59000,nshepherd@yahoo.com,(681)361-5936
8dcdcd03,Ms. Monique Dougherty MD,34,Other,,,2016-07-14,118000,anthonywinters@jones-kent.com,076-202-8207x4959
01d74256,Keith Kennedy,63,Female,hr,High School,2023-06-28,106000,destiny29@hotmail.com,(241)324-5912x31414
0f1259e0,Jacob Paul,36,Male,Operations,Bachelor,2022-08-28,41000,ioconnor@yahoo.com,(158)254-5143
080aadfb,Martha Arnold,42,Female,Operations,,2025-09-10,29000,bvelasquez@hotmail.com,382-500-8699x2051
839fbc50,Sarah Martin,44,Male,Finance,,2018-09-12,115000,simmonsangel@yahoo.com,3415949283
7c441fe7,Shaun Thompson,43,Other,IT,,2023-01-18,30000,deckerkristin@gmail.com,942-835-2706x0771
b92da22b, tammy morris  ,63,Male,Marketing,Diploma,2018-02-07,35000,haneykristen@hotmail.com,976-423-6917x032
93829b43,Steven Clark,59,Female,Marketing,High School,2022-05-12,64000,sbraun@hughes.com,223-417-7921x1700
7914c120,David Morrison,47,Female,,High School,2021-08-22,86000,williampark@yahoo.com,(245)960-9012x717
1825bc54,Rebecca Kaufman DDS,33,Female,HR,Master,2020-08-23,48000,knoxpatricia@burns.com,(098)402-7094
5ab33edf,Larry Rivera,63,Male,finance,Diploma,2019-10-02,104000,martha66@gmail.com,152.119.9717
dd2467ac,Caitlin Ford,,Female,Marketing,,2020-11-11,76000,kathleen74@hill.net,625.615.6368x86465
a748dbcf,Adriana Johnson,43,Female,It,PhD,2023-06-28,56000,courtneyking@hotmail.com,+1-045-696-0628x5367
0f844fef,Sharon Cowan,25,Female,It,Diploma,2021-10-31,110000,robertfletcher@hotmail.com,928-187-1136x3543
ccf3a171,Andrea Butler,27,Other,It,Diploma,2025-06-18,96000,schultzderek@robinson.net,331-127-0645
310c0c00,Mike Martinez,42,Other,Marketing,High School,2017-08-28,29000,edwardskristen@murray.com,783-990-4979x1030
23e2fcb4,Maria Ferguson,,Male,HR,Master,2022-06-14,85000,robertsjoshua@green.info,001-337-991-6185x0297
766ecb15,John Barber,62,Male,IT,Master,2016-04-29,89000,maria41@sampson.com,(706)440-9305x7761
134c6c92,James Short,26,Female,Sales,Diploma,2020-03-17,32000,robert93@hotmail.com,069-260-0542x8635
db20a56e,Heidi Moran,42,Other,Operations,Diploma,2020-01-17,90000,moraleslori@wood-delgado.info,408.851.7444x4138
a6f2f7b8,Marie Patterson,29,Female,hr,Bachelor,2021-08-07,39000,erandolph@hotmail.com,+1-258-235-5263
03c72ba8,Charles Baker,35,Female,hr,,2025-08-30,112000,qmorales@yahoo.com,338.061.7799x890
c0e9ab30,Nicole Rodriguez,26,Other,hr,High School,2024-07-26,111000,hartdavid@hotmail.com,381-006-3105x9507
680ac07a,Jason Morgan,53,Other,It,,2019-05-12,116000,brendacollins@yahoo.com,(140)486-8716x9073
dd59ba71,Rebecca Clark,53,Other,HR,PhD,2024-07-28,78000,henrybryan@hanson.org,821.092.0091
2a25a888,Martin Jones,51,Male,hr,PhD,2021-05-27,63000,taylorevans@yahoo.com,498-921-6850
63f2ae24,Katherine Sanchez,23,Male,,Master,2025-06-16,49000,adamjones@spencer.org,001-894-793-9836
c8fe3ccd,Edward Wallace,60,Female,Finance,High School,2016-09-20,61000,obowers@fox.com,690-610-9603x382
b253d218,Melissa Carroll,57,Male,It,,2023-08-30,58000,ataylor@yahoo.com,001-238-223-5375x57270
c88a618e,Pam Hernandez,59,Other,HR,Master,2025-07-15,110000,sanchezlauren@scott.com,925-018-8720x69657
7c967f79,Daniel Wood,46,Other,HR,PhD,2023-02-06,91000,zoehoover@allen.com,677.887.1308x4839
37bb3eec,Eddie Duffy,25,Male,Operations,Diploma,2021-12-28,82000,owenwilliam@smith.com,200.663.2956x8986
bc594585,Mark Alvarez,27,Female,hr,High School,2024-05-30,37000,iflores@hotmail.com,(748)936-7061x975
504867ba,Edward Manning,26,Female,Admin,High School,2021-02-22,70000,eric61@yahoo.com,0381404388
7a0ecfea,Bridget Carter,30,Male,Sales,,2023-06-18,94000,james97@reed-zimmerman.net,1531500583
87f7e1fb,Mark Johnson,52,Female,It,Bachelor,2024-06-06,95000,charles79@gonzalez.com,(348)584-2556x141
82010c62,Eric Silva,51,Female,Finance,,2019-08-05,65000,michael66@reynolds.com,001-784-376-0183x2579
118a9d29,Nathan Mcgee,41,Female,HR,Diploma,2024-04-02,74000,ebeck@yahoo.com,169.535.2469x36042
dca02eec,Jennifer Montgomery MD,42,Other,Finance,Diploma,2021-05-30,42000,shirley60@martinez.com,990-401-9395x89818
f10c718b,Christopher Farrell,55,Other,HR,Master,2022-11-20,89000,josephcoleman@hotmail.com,001-432-445-7434x2595
94340a03,James Grimes,53,Male,IT,High School,2025-03-12,70000,kfisher@hotmail.com,+1-122-869-5293x8210
14fcdd54,Mr. Joseph Thompson,62,Other,Operations,Master,2017-01-09,88000,rsolis@campbell.com,(286)852-1007x35901
90b2b633,Alexis Arroyo,58,Female,,Diploma,2022-03-28,65000,elee@hotmail.com,257.044.1482
42c18a62,Eric Walker,40,Other,IT,Bachelor,2023-11-30,61000,hessadam@travis.com,(430)259-5888
506e5a9a,Richard Mccormick,45,Male,finance,High School,2024-10-01,36000,melissa20@fernandez.info,(573)939-7426x085
21813d25,Heather Stevens,53,Other,hr,Diploma,2021-01-23,67000,hermandavid@walsh-armstrong.com,(026)259-9143x539
750cab75,Susan Larsen,,Female,finance,Bachelor,2019-07-06,47000,tjackson@hotmail.com,(956)917-2070x367
ef8c485b,Rachel Warren,53,Female,Sales,,2021-01-06,119000,jbarker@gmail.com,+1-889-373-6301x527
9f044aed,Dale Beck,55,Male,Admin,PhD,2016-06-17,53000,arogers@chen.org,374.811.8448x7890
19985f15,Brett Rivera,32,Other,,Diploma,2024-02-12,93000,benjamin24@dennis.com,(291)844-0900x255
8181a8cc,Juan Nichols,21,Other,IT,PhD,2019-05-20,61000,emilydavis@yahoo.com,782.573.1302x20373
5958a499,Shelia Waller,,Other,Finance,Master,2016-10-06,46000,briansimpson@blackburn-larson.net,+1-540-533-4016x4785
3e896c64,Keith Wright,23,Female,Finance,PhD,2023-05-02,97000,chamberspatricia@gmail.com,+1-060-933-7198x65851
702cdd20,Patrick Norris,44,Male,Sales,Diploma,2017-06-19,80000,allison35@freeman.com,2146548193
4d71c366,Danielle Norris,32,Other,HR,PhD,2023-09-23,102000,shellyrobertson@bowman.info,(206)152-5019
ce9e1a11,Andrew Lynch,57,Female,Finance,High School,2023-09-21,46000,josephsmith@miller.com,779-879-5047
aaf91531,Anna Lee,45,Female,hr,Diploma,2022-05-26,59000,jdavis@gmail.com,+1-006-225-0177x5917
ee87905e,Amy Leach,27,Female,Admin,Bachelor,2017-05-25,80000,jacqueline32@wells-day.info,+1-489-092-3936x04470
e0ccedc5,Amy Perez,33,Other,Operations,PhD,2019-02-02,,matthew76@gmail.com,066.057.9652x739
e3c43657,Lauren Marshall,33,Other,hr,High School,2021-03-07,95000,scottalvarez@gmail.com,+1-311-259-8221
27cb6f2a,Rachael Flores,44,Other,Admin,Master,2016-03-26,26000,kyle14@yahoo.com,987.016.2444x51696
35ebd32d,Christina Wilson,60,Other,It,Master,2015-11-05,37000,reginasullivan@morgan.com,370-340-8497
afffcfd2,Craig Daniels,31,Other,Sales,PhD,2024-03-02,104000,catherinewhite@williams.com,531.502.7439x39191
81627cf1,John Hudson,50,Other,hr,Master,2024-06-09,57000,nicolerivas@fields.com,+1-654-594-8062x09527
e87d1c78, shannon rodriguez  ,57,Other,Operations,Bachelor,2024-11-22,93000,thomasbond@hotmail.com,+1-586-072-5093x330
a2607723,Paula Lee,50,Other,Operations,Diploma,2019-07-05,92000,patriciaburnett@yahoo.com,(068)220-5384
0b49452d,Lisa Bryant,22,Other,It,High School,2022-05-26,74000,janetcollier@guerra.org,281-349-7857x52326
217d65a0,Paul Guzman,48,Female,Marketing,,2025-09-25,52000,shannonrodriguez@rodriguez.com,(103)821-1862x0502
295d6fbf,Christopher Hunter MD,55,Other,HR,PhD,2018-06-19,105000,steven14@gmail.com,(513)099-9629x426
b4a69f3c,Elizabeth Camacho,41,Male,Sales,Master,2018-04-30,71000,fisheremily@johnson.biz,977-070-3456x2155
1ca3c448,Donald Hoffman,57,Female,It,Diploma,2019-01-17,117000,williamsjennifer@yahoo.com,274-216-9195x75941
b0e6a969,Jeremiah Rowland,63,Other,hr,,2019-02-27,102000,nking@adams-king.com,+1-904-549-0654x78292
093923de,Katherine Flores,33,Male,,Bachelor,2024-04-28,102000,kingeric@hotmail.com,098-866-6118x7007
8d7248e2,Julie Martin,61,Other,,Master,2021-04-09,39000,fordedward@sanders-mason.com,989-006-1802x031
0ab54bde,Jeffrey Torres,47,Male,Sales,Master,2020-08-09,80000,oromero@orr.com,(567)752-1635x924
eededb07,Jessica Little,54,Male,hr,High School,2016-01-12,33000,brownsabrina@gmail.com,001-445-076-5478x8915
0a368ce7,Catherine Maxwell,31,Male,IT,Bachelor,2019-10-27,42000,benjaminwilliams@gmail.com,(939)897-7514x258
ae9bec36, cindy shaw  ,50,Male,IT,Bachelor,2019-01-06,90000,ilewis@robertson-dalton.info,7422120373
5a8aaeca,Joseph Garcia,25,Female,HR,PhD,2022-10-03,59000,justin58@yahoo.com,(001)452-3232x91420
dfed2c43,Leon Duncan,40,Female,hr,,2025-09-11,27000,qmartin@maynard-pena.com,179-395-3843x071
bfddc3d9,Christopher Miranda,46,Male,Operations,High School,2025-10-19,98000,linda33@gmail.com,001-846-609-0351x490
3c9ad14c,Sarah Bishop,20,Other,Finance,PhD,2021-08-02,56000,ygomez@hotmail.com,+1-333-139-3605x7207
ccc56569,Tyler Zavala,60,Male,,High School,2018-01-04,51000,shawna15@yahoo.com,115.676.2386
698c206f,Rachel Chan,63,Female,hr,Bachelor,2025-03-25,119000,masonowens@yahoo.com,(826)301-6180x303
ecab3301,Timothy Kennedy,24,Other,hr,High School,2021-06-19,103000,teresa18@rodriguez-daniel.info,794.263.4054x75515
696608aa,Elizabeth Thomas,46,Female,Finance,High School,2016-07-14,32000,khoward@yahoo.com,001-698-322-9918x12809
bc2cbb0d,Hector Mcgee,46,Female,Finance,High School,2018-12-26,98000,kristina00@hotmail.com,917-701-9827
28c13091,Jeffery Long,62,Other,Admin,Diploma,2019-08-13,29000,sethedwards@hudson.com,179.567.8587x661
61ee411a,Philip Powell,62,Male,It,Diploma,2017-04-12,72000,christopherelliott@gmail.com,(177)444-1565
787f2425,Heather Trujillo,38,Male,Marketing,,2018-02-25,114000,christopher45@castillo-matthews.com,437.598.2481x328
eb1fa9f2,Pamela Smith,48,Male,HR,,2022-06-24,99000,odavidson@sanders-williams.com,801-295-5844
d20eac17,Christine Moran,29,Male,,Bachelor,2021-02-27,45000,shariparker@gmail.com,735-264-0714x91310
39118497,James Morris,46,Other,Finance,High School,2019-02-16,71000,ewilliams@tyler.com,652-740-4564x543
6601ddd0,Erika Castro,43,Other,IT,Bachelor,2018-07-01,44000,smithkimberly@little-hernandez.com,290-382-6512
11c58ef0,Daniel Shaw,57,Other,Sales,Diploma,2023-08-08,56000,catherinewood@moran.com,001-947-299-2633x70095
59e4b671,Ashley Sanchez,51,Female,IT,High School,2019-11-06,104000,angelajohnson@yahoo.com,139-122-2761
adf4e62d,John Griffith,,Other,Admin,PhD,2021-02-18,79000,carriemorse@yahoo.com,(842)511-8742x231
54c63cd8,Wesley Williams,45,Male,Admin,Diploma,2021-06-06,52000,karen67@hanson.net,+1-583-132-9757
e08596db,Melissa Stout,31,Female,Finance,Diploma,2017-10-27,76000,kevin66@lawson-watts.com,3409718148
94a1875d,Mr. Lawrence Brooks,59,Male,Admin,Diploma,2020-08-23,63000,frazierannette@yahoo.com,(436)274-8187x317
09cb3942,Mark Hill,21,Male,It,High School,2023-06-19,97000,rwagner@kelly.com,001-852-976-4284x6851
587ef344,Thomas Rodriguez,57,Other,Operations,,2018-06-14,41000,kristin62@woods.com,001-261-758-6927
6fb78271,Paul Nguyen,24,Other,finance,Master,2020-04-07,70000,marknavarro@freeman.com,001-429-003-9161x028
1d9af659,Jennifer Hernandez,26,Male,hr,PhD,2016-09-17,36000,thomasbrown@hotmail.com,111-704-0478
30a900ad,Edwin Gonzalez,45,Male,hr,PhD,2019-01-02,50000,xthompson@hotmail.com,+1-737-480-5217x0207
6fa17735,David Armstrong,27,Female,Finance,Bachelor,2018-03-05,85000,dana66@garcia-gomez.com,970.163.1629
ce777f00,Debbie Schmidt,55,Other,Admin,High School,2017-12-23,97000,paynetina@hotmail.com,810-771-9676x74166
f0b5156b,Alex Barton,51,Female,Sales,,2019-12-24,119000,waynedunn@hotmail.com,6485888444
3270e4fa,Richard Dawson,60,Female,Operations,Diploma,2020-05-10,68000,josephking@yahoo.com,+1-245-049-8864x53868
f2e9702d,Scott Stein,62,Female,HR,Master,2024-01-01,26000,erinhogan@lowe.biz,001-451-265-2766x7315
9f871ce7,Stephen Lopez,42,Male,Admin,High School,2024-02-02,45000,omarsh@hotmail.com,(254)178-3211x268
1fe771d6,Joel Cook,33,Female,Operations,High School,2017-01-27,50000,brandon88@gmail.com,868-506-3458
81d2c7de,Michele Scott,50,Female,Marketing,,2020-10-07,78000,stephensamy@foster.com,+1-569-771-0456x88263
5380b904,Allison Wilson,50,Male,HR,Master,2023-01-04,90000,efisher@gmail.com,242-359-2887x0052
8dedf9fb,James Tucker,42,Other,hr,Diploma,2021-05-29,56000,msheppard@welch.net,(136)272-5861x821
aa38d0a1,Joseph Durham,59,Other,Marketing,High School,2016-05-14,25000,parsonsnancy@arias.com,408-487-4261
bf85bf0e,Alexis Kim,30,Female,Finance,PhD,2025-10-03,98000,codyduran@gmail.com,(471)216-2757x332
91b0e1d9,Jonathan Yates,57,Male,,PhD,2019-12-08,69000,burtonjohn@cox.com,0611936895
d56f0350,Katherine Andrews,20,Other,Finance,Master,2021-11-14,97000,lisafoster@robinson.org,(974)802-3352
35ce8841,Morgan Cunningham,21,Female,Sales,Diploma,2021-02-20,56000,jacksonbrandon@martinez.biz,584.596.3838
9b4e2c24,Phyllis Schmidt,55,Female,It,Master,2022-01-23,81000,austinrodriguez@hotmail.com,607-491-6981x5556
7118e364,Sarah Miller,35,Male,Operations,High School,2021-08-30,30000,merrittstacy@gmail.com,396-047-5104
82dc4c8e,Lisa Kaiser,20,Female,It,PhD,2023-06-25,38000,zreid@hotmail.com,(425)846-5899
f5b78cc7,Pamela Jordan,20,Other,,Bachelor,2016-07-06,49000,lyonshannah@perkins.info,335.717.6853
a8aa7158,Jerry Gilmore,46,Male,It,Master,2018-05-01,34000,megan32@yahoo.com,499.408.4772x79728
a9f25336,Marie Jones,41,Other,HR,Bachelor,2016-06-04,61000,jonathanrobinson@hotmail.com,9277140046
17e8392a,Gina Rose,55,Other,HR,Bachelor,2016-06-30,50000,watsoncharles@yahoo.com,087-981-7361x885
3c20592f,Samantha Reynolds,50,Other,Marketing,,2022-10-17,30000,ryan11@yahoo.com,524.521.6420x118
ce7ae7f6,Kenneth Smith,51,Female,Sales,PhD,2017-09-24,,esmith@patel.com,8295485211
0bd4a990,Alicia Perez,,Female,hr,Master,2023-10-20,97000,williamsjohn@hotmail.com,+1-215-946-3338x1798
9c7c7377,David Walker,37,Other,It,Bachelor,2020-01-29,44000,justinreeves@wilson.biz,276-901-7706x905
74962764,Erin Ellis,20,Other,Admin,High School,2017-01-19,102000,brookscaroline@lewis.com,370.193.6399
935f2b0a,Patricia Andrews,62,Male,Admin,,2019-02-09,53000,jacob76@ward.com,651.436.4629x69054
624c69b6,Spencer Camacho,44,Male,,Diploma,2022-11-29,117000,robinsoncorey@elliott-swanson.com,001-521-909-2671x258
25c73c44,Raymond Harris,50,Female,Sales,,2021-01-22,31000,pamelasnyder@garcia.biz,047-608-3073x546
e4855aa1,Alexander Guzman,24,Female,Sales,Diploma,2020-04-25,111000,rodriguezryan@yahoo.com,0797407685
e2add909,Penny Fernandez,50,Male,HR,PhD,2021-12-06,106000,stephaniesmith@yahoo.com,001-644-925-5933x48869
3805f907,Erin Stewart,22,Other,hr,Master,2025-05-22,26000,jacob64@reynolds.com,468-002-2097x64653
b227462c,Daniel Turner,29,Female,Operations,Master,2020-06-18,78000,billyberry@webb.com,759-596-2742
8eb22579,Devin Mayer,35,Other,hr,Diploma,2023-10-19,38000,sonia05@jones.com,341.283.4370
1f115b76,Henry Taylor,56,Male,IT,High School,2022-06-18,59000,ortegaanthony@pope-smith.com,752.696.8575
76f2dbfe,Jessica Flowers,42,Female,Sales,Diploma,2017-09-09,29000,amygutierrez@yahoo.com,916.913.9468
8f15ba58,Jeremy Manning,23,Female,Finance,Diploma,2018-07-10,65000,halltyler@yahoo.com,+1-332-766-1639x848
c1581092,Jamie Griffin,52,Male,finance,Master,2017-08-19,73000,dbishop@hotmail.com,172-251-2574
d0a44432,Daniel James,24,Female,Sales,Bachelor,2025-03-04,41000,wendysantos@nelson-phillips.com,153.246.0639x81808
6d3ee1dc,Anna Thompson,40,Male,,High School,2025-05-22,106000,marcrobbins@gmail.com,542-060-9939x60078
722764e6,Misty Martinez,29,Female,It,Master,2020-01-15,73000,corr@gibson.info,001-493-506-1772
dc8aee30,Barbara Burns,34,Male,Finance,,2017-05-21,53000,amycunningham@bradford.com,820.751.1348
c074718e,Nicole Stewart,51,Female,,Diploma,2018-04-23,100000,wardchristopher@brown.com,001-657-968-1032x02240
46fde062,William Marsh,27,Other,Marketing,Bachelor,2023-12-04,62000,ywoodard@johnson.com,732-815-9543
7c0e8cd8,David Rodriguez,24,Other,finance,High School,2016-01-16,35000,kevinmorales@jones.com,246-740-0940
709b7d97,Adam Lara,34,Other,finance,PhD,2022-12-02,82000,ballsteven@hotmail.com,378-141-1958x7360
3c07c574,Scott Gomez,47,Female,HR,High School,2021-04-30,99000,amber79@yahoo.com,(340)513-0057x23953
e49d681d,Sara Hamilton,21,Female,Sales,High School,2016-04-21,67000,crystaldavis@yahoo.com,(791)823-3167
269cd696,Elizabeth Key,38,Other,HR,Diploma,2023-03-31,111000,mrodgers@parker.net,629-968-1754
271e3ee2,Mason Price,54,Other,Admin,Diploma,2022-09-10,27000,amysandoval@ray.com,+1-144-233-5215
6a34c854,Trevor Hill,37,Male,,PhD,2017-07-23,59000,holly76@yahoo.com,(023)247-4687x9271
7746d0ba,Erica Taylor,44,Male,IT,PhD,2018-06-01,71000,lbarrera@yahoo.com,+1-551-370-3597
d5385b0e,Justin Anderson,21,Male,IT,PhD,2018-09-03,37000,anne01@williams-hernandez.com,+1-780-878-4178x679
c51155ff,Michael Farmer,37,Other,Admin,Master,2018-05-05,104000,etorres@yahoo.com,+1-393-693-9499x5720
05000bc6,Robert Cline,38,Other,Marketing,Master,2025-01-01,72000,andersonelijah@gmail.com,(035)210-4811
9360715f,Jacqueline Perry,50,Other,IT,Diploma,2019-10-30,90000,jane53@hayes-sawyer.info,681-389-3313x863
f1578470,Christopher Mayer,25,Male,,Diploma,2016-04-01,110000,marcuslopez@gmail.com,+1-492-352-4937x10417
63d62a39,Natalie Patrick,59,Female,IT,PhD,2022-01-02,100000,daisy28@warren-peters.com,(285)103-0164x0403
d5f25073,Shawn Rodriguez,51,Other,Admin,Master,2022-05-15,32000,dthompson@gmail.com,+1-762-118-8069x043
bc10fa52,Jonathan Torres,58,Female,Finance,Bachelor,2020-11-01,44000,courtneymorgan@snow-sims.com,911.482.1991x20624
e5d6f6e6,Susan Baker,57,Female,It,Master,2020-08-14,95000,shannoncheryl@hotmail.com,185-016-6415x0995
45df16b6,Richard Rivera,36,Female,It,Diploma,2022-12-07,104000,mgonzalez@hotmail.com,568.113.4315x3293
638c254c,Amanda Wiggins,58,Male,HR,Master,2025-04-13,39000,smitchell@yahoo.com,493-928-2235
cc530e36,Amber Bennett,,Female,Operations,Diploma,2021-10-19,39000,jwright@flores.com,001-963-472-6247x193
d72b6108,Kelly Moore,29,Other,,PhD,2020-01-10,51000,carrietran@butler.com,001-165-277-3087
fb10987f,Steven Davis,46,Male,HR,PhD,2015-11-16,74000,matthewhooper@gmail.com,001-240-364-8002x540
e82c7d7b,Ashley Alvarez DVM,43,Other,finance,PhD,2020-03-01,79000,patty62@christian.biz,(467)651-7277x53291
a9ba5a27,Kimberly Taylor,41,Other,hr,Bachelor,2022-02-10,103000,josephbrown@vazquez-anderson.com,(365)564-4149
6db99102,Mallory Collins,49,Male,IT,Bachelor,2022-02-02,80000,jonathanbarker@yahoo.com,001.590.3824
2e85cb21,Steven Anderson,48,Other,IT,Diploma,2021-04-23,75000,klewis@hawkins.com,3092283436
53cd6268,Holly Austin,60,Other,Marketing,High School,2021-08-02,69000,campbelljoseph@yahoo.com,456-630-9066x958
56666f9f,Karen Goodman,53,Male,It,,2025-09-04,101000,james42@jones.com,4940664465
473bd358,Christina Robinson,25,Other,HR,Bachelor,2021-06-18,61000,kelly95@yahoo.com,571-792-3002
6bebac31,Tom Perez,34,Female,hr,Diploma,2016-09-01,107000,kathymiller@hotmail.com,834.928.4455x07429
78660765,Brandon Powell,44,Other,It,Master,2017-12-11,71000,melissatate@yahoo.com,+1-828-037-9440x00105
0d557b61,Ashley Perez,20,Female,IT,PhD,2022-09-27,64000,nolancharles@rodriguez.info,(897)790-3649x64422
39669fa7,Matthew Murphy,,Other,finance,PhD,2019-05-30,82000,donna42@carlson.com,696-892-8697
f510ab53,Mary Meyer,30,Male,Marketing,PhD,2021-06-18,116000,marcuspearson@hotmail.com,001-793-485-9635
07f194f9,Sophia Wolf,23,Male,HR,Diploma,2023-02-03,90000,kathy91@yahoo.com,223.152.6057x9481
d6d7b3b8,Javier Stanley,55,Other,Marketing,PhD,2015-11-30,97000,brownleslie@green.com,758-100-1544x75124
3d114802,Taylor Johnson,50,Male,HR,Bachelor,2024-04-20,107000,timothy92@hurst.net,(737)984-8002x032
1d48a071,Janice Williams,27,Other,Sales,Master,2024-04-12,89000,mark31@ramsey.com,707.896.1783x22509
770c7798,Christopher Thomas,59,Male,Sales,PhD,2024-02-02,50000,ppetty@hotmail.com,001-155-732-2223x260
5e6fea07,Robert Martin,53,Female,It,Diploma,2024-12-19,55000,tcase@gmail.com,754-269-8832
f6b751f7, kenneth webb  ,37,Other,Admin,Master,2021-02-06,79000,mccallcrystal@simmons.org,9912423483
c71d5e60, mark montoya  ,34,Female,,PhD,2019-06-25,33000,swansonnicholas@hotmail.com,+1-906-184-5672x7857
4fa03f26,Jodi Lewis,21,Female,Marketing,High School,2019-10-01,63000,karengentry@hotmail.com,023.948.4771
edcb8cb6,Kimberly Wilson,38,Other,Admin,PhD,2018-02-16,40000,laurenflynn@durham.com,673-390-9213x701
e87466d7,Randy Bradshaw,42,Female,Marketing,,2024-02-08,81000,albert14@yahoo.com,327.403.1694x74341
f1043785,Steven Scott,51,Other,IT,Bachelor,2022-10-10,29000,bonnie11@flores.com,+1-815-765-1502
9793b9b4, katherine dunn  ,42,Female,Operations,Master,2019-01-23,62000,qwilliams@lopez.com,864-598-2194
3e2b6091,Mary Peterson,29,Other,Marketing,Bachelor,2025-08-10,41000,daniellerodriguez@gmail.com,517-638-6189
4d3485c5,Amy Diaz,26,Other,IT,High School,2016-11-06,96000,qoneal@miles.com,8540303253
ce3714af,Traci Martinez,54,Male,hr,High School,2020-04-09,95000,nhines@hotmail.com,(559)953-9720x560
90e0f4a0,Jim Rodriguez,56,Other,Sales,,2022-10-17,112000,frank01@yahoo.com,6420922597
8861fe18,Elizabeth Marks,58,Other,Admin,Bachelor,2016-05-26,118000,mary24@smith-alvarez.info,967.071.0601
11a72609, jeffrey joyce  ,38,Female,Operations,Master,2016-04-18,65000,janiceferguson@jones-petty.org,001-130-322-3235x4337
033d2bce,Sean Wagner,53,Other,finance,High School,2024-08-21,27000,aprilhouse@yahoo.com,001-453-656-0267x4121
7d7ddbed,Todd Lutz,43,Male,Sales,High School,2018-10-29,43000,qhester@yahoo.com,(382)459-6223x9724
5cb85aed,Ryan Walker,53,Female,Admin,PhD,2019-12-15,51000,paulahurst@hotmail.com,001-843-960-9960x793
75b17a55,Nicholas Gomez,43,Female,It,,2022-08-11,63000,anthonyedwards@andrews-keller.org,001-105-150-7108
2d174fc9,Brittany Heath,47,Male,Operations,Diploma,2025-06-03,88000,bwallace@collins-garrett.com,653-598-5153
a6846099,Rebecca Cox,36,Female,finance,High School,2022-03-19,67000,catherineblair@hotmail.com,+1-209-283-5342x4950
eb6c1016,Travis Schmidt,64,Female,Finance,Master,2018-03-21,46000,adam43@brown.biz,001-152-800-6486x157
7701f7bb,Brett Martin,36,Female,IT,Master,2023-01-06,80000,alyssasaunders@ortiz.com,+1-799-324-6964x92896
97ac6aa8,Lisa Bridges,20,Female,Finance,PhD,2025-05-17,70000,michaelrhodes@yahoo.com,899.968.0126
3ed8c56c,Brittany Dunlap,53,Male,IT,Master,2016-02-04,36000,fmurphy@miller.net,(993)005-4764x2494
4767d76c,Shannon Ramirez,34,Male,HR,PhD,2018-12-04,39000,pedroalvarado@yahoo.com,282-818-3255x1266
c01f36bf,Tiffany Phillips,59,Female,,High School,2018-12-04,113000,robin80@gmail.com,001-917-827-2972x1369
ab0e664e,Valerie English,54,Female,Operations,High School,2018-05-06,78000,brandi08@yahoo.com,001-086-602-2963x165
7e8adee7,Chad Hurley,51,Male,Finance,High School,2016-11-08,118000,richard35@owen.com,1240403417
7cd0129d,David Peters,22,Male,,High School,2025-05-26,88000,lgallagher@yahoo.com,(097)137-7793x86404
4223623b,Thomas Austin,51,Male,Operations,Diploma,2023-05-10,104000,asharp@house.com,042.086.6478x635
989d9d4a,Amy Jenkins,32,Female,Admin,,2022-03-04,39000,ann52@yahoo.com,001-943-012-2694x153
8e485223,Rodney Duran,39,Female,It,,2021-07-15,60000,georgerivera@pierce.org,+1-543-187-0509x82216
30e912f2,Tiffany Sanchez,38,Other,HR,Diploma,2016-03-13,75000,kellerlinda@christian.org,(593)224-0840
680bac63,Maria Myers,26,Male,Admin,High School,2022-08-12,33000,anna65@clark.biz,+1-749-383-4162x3252
3d85de89,Ruben Jones,25,Female,IT,Master,2017-07-28,61000,erika99@hotmail.com,744.029.1332x27603
b63b4dc3,Desiree Stafford,21,Male,It,PhD,2023-08-04,67000,brianwalker@morgan.net,001-219-165-8064
046a0df5,Patrick Blackburn,35,Female,,,2016-06-06,118000,petersonjennifer@gmail.com,855.129.9866
6786d506,Jeremy Chambers,51,Male,Operations,Bachelor,2023-02-22,97000,robertsingh@yahoo.com,001-318-058-3097x690
a9f948b2,Alexandra Wilson,30,Female,Marketing,PhD,2023-08-31,77000,marydaniels@gmail.com,+1-463-507-7318x85937
8db06746,Brian Fuller,40,Other,It,Bachelor,2016-03-15,74000,pbrooks@martin-mitchell.com,533.594.0953x324
ff233d5f,Matthew Evans,40,Other,,Bachelor,2016-12-10,75000,jenniferadkins@gmail.com,+1-335-069-8443x38902
5a104129,Patrick Gibson,64,Male,hr,High School,2021-08-06,93000,dixondonald@yahoo.com,471-278-0664x48567
4e7ed827,William Lozano,48,Female,finance,Bachelor,2017-08-19,115000,josephrussell@rose.net,+1-689-268-5512
b8a6171f,Dillon Travis,56,Female,Finance,High School,2018-09-26,115000,shaneboyd@hotmail.com,011.836.0637x0554
be2d740a,Steven Rodriguez,56,Male,Operations,Diploma,2016-06-16,82000,wendy33@hotmail.com,(651)541-4238x614
b0ae8f08,Kevin Walter,63,Female,Sales,Master,2016-09-30,36000,curtis91@miller-wilkerson.biz,094-138-2258x14010
bd1531c8,Rebecca Blake,26,Male,Sales,Bachelor,2019-04-29,64000,jamesclayton@hall.com,190-504-4281
96ef2ad6,Brian Bright,45,Female,finance,Master,2025-09-25,35000,john60@white.com,(458)081-0635x51972
98c7472a,Linda Cox,45,Male,It,High School,2019-05-09,73000,thomastran@simon.com,(344)556-5824x7682
d52721e7,Mary Copeland,52,Female,IT,Bachelor,2020-02-07,80000,sarahwashington@frederick.info,001-584-597-2205x011
5c62b3a2,Jennifer Little,39,Male,,PhD,2021-01-23,73000,melissapeterson@yahoo.com,(002)684-9677x7619
b540b30e,Diana Ramsey,48,Female,,Diploma,2016-05-13,80000,michael45@hotmail.com,(029)763-7755
0ba6eab9,David Romero,51,Other,Sales,,2023-07-30,77000,johnestes@austin.com,(794)319-3667x116
4ac9778d,Russell Bird,46,Female,,Diploma,2023-03-23,89000,kelsey11@taylor.com,(535)229-3862
a34b6cf6,Brian Shaffer,51,Male,finance,Bachelor,2023-11-22,31000,jamie08@hotmail.com,001-187-937-5937
1a432f0a, jon garza  ,23,Other,,Diploma,2018-08-01,86000,hayleylopez@harris.com,+1-275-131-5862x0713
48ca7651,Ashley Norman,37,Female,IT,,2017-09-30,32000,matthew07@gmail.com,947.785.4079x45393
5738811d,Kristina Monroe,22,Other,Finance,PhD,2022-04-22,83000,bwright@mcbride.com,112-364-6285x069
40a26c60,Joseph Schaefer,53,Female,hr,Master,2018-11-25,86000,gcampbell@yahoo.com,(720)647-4055x0375
1d34d08e,Kyle Garza,35,Other,Finance,PhD,2017-01-21,95000,kevin87@moore-cantu.biz,1605570478
7de31a51,Tiffany Johnston,62,Male,hr,Diploma,2025-03-06,26000,jessicascott@gmail.com,123.728.7357x685
afbb411a,Phillip Ward,46,Female,Marketing,,2019-02-04,96000,lwright@hotmail.com,(429)653-9990x95471
cfa701cd,Stephanie Fisher,48,Female,Finance,Master,2019-11-04,36000,kimmark@yahoo.com,741.686.7448x9961
15ce6a66,Patrick Reed,47,Male,finance,,2019-09-25,32000,gary02@yang.net,001-516-008-0443x583
8edddfcd,Sarah Berry,64,Other,HR,PhD,2017-01-12,118000,hmurray@brooks.net,100-670-7603x45300
989bc4da,Teresa Li,24,Male,Marketing,High School,2018-06-24,112000,vargaspamela@hotmail.com,+1-734-152-7421x2813
c693da11,Paula Caldwell,53,Male,hr,High School,2025-08-19,75000,stephanie65@hotmail.com,094.380.1808
e893be3d,Keith Johnson,59,Other,hr,Master,2022-03-25,85000,lee64@reynolds-saunders.com,537.412.6002x6745
96a9954f,Annette Knapp,55,Male,Marketing,Master,2018-04-18,31000,johnsoncharles@jackson-salas.net,+1-861-894-2062x48878
9191b363,Monica Atkinson,42,Female,hr,Master,2017-09-17,118000,vmedina@yahoo.com,(028)253-6552
f5c9b047,Robert Cooper,47,Female,Operations,High School,2015-11-04,68000,cobbwayne@yahoo.com,(053)848-0302
c342bd2b,Danielle Griffin,64,Female,HR,PhD,2021-07-15,76000,kathy14@yahoo.com,(157)161-9546x723
43bfd931,Jimmy Ritter,49,Male,finance,Master,2019-08-13,86000,goodmanchristina@gmail.com,+1-044-185-0711x383
3d67cde9,Riley Clark,53,Female,Operations,High School,2016-03-22,118000,pthomas@yahoo.com,+1-514-635-4765x8488
2812859a,Kimberly Morris,51,Female,hr,Master,2023-12-22,104000,rebeccawolfe@salinas.com,001-547-620-6934x86737
b07aa066,Gregory Ochoa,39,Female,Finance,Master,2017-03-31,80000,cmccullough@hotmail.com,2197617432
085b15fb,Shannon Cook,50,Female,Operations,,2018-07-07,77000,josephjefferson@gmail.com,(417)225-5145x88501
48603b32,Natalie Huff,41,Female,Finance,Master,2018-10-01,42000,gutierrezjeffrey@smith-freeman.org,+1-299-909-1010
1238d630,Ronald Garcia,51,Female,Marketing,High School,2022-11-28,90000,cruzjoseph@morris-thompson.com,(639)001-9907
43b9da13,Margaret Edwards,21,Male,,PhD,2016-07-07,69000,jenniferdawson@hotmail.com,001-394-883-4039x0607
96fc734d,Cody Reyes III,36,Female,Admin,High School,2016-09-29,117000,kathleenwebster@mcdaniel-shaw.com,+1-718-729-7034x50588
32a447b2,Heather Shaffer,43,Female,It,High School,2025-04-24,33000,hendersonnicole@hotmail.com,001-202-446-9439x7422
398d1ca6,Nicole Chung,60,Other,hr,Master,2017-12-10,116000,michael71@nguyen.com,779-830-4214x53823
44007d5a,Brian Perkins,49,Male,Admin,,2018-04-09,41000,lcastro@yahoo.com,213.019.3868
0f44704f,Melody Castro,21,Male,HR,Bachelor,2024-06-28,35000,robertfrancis@king-fowler.com,001-226-723-5611x94361
9854ce4e,Kimberly Sanders,58,Male,Finance,Bachelor,2019-10-07,72000,david61@gmail.com,756-297-8823x5531
ebd34616,Christina Davis,64,Male,Operations,Bachelor,2023-09-06,46000,brendaperry@lopez.com,+1-444-690-4883
77fc9703,Sherri Sullivan,42,Female,Admin,High School,2023-05-12,85000,nathaniellawson@watkins.com,634-716-8801x77108
670acc5c,Mike Patel,50,Female,IT,Master,2020-07-23,34000,tsingleton@hotmail.com,001-696-540-6500x2356
8a3c3b5e,Thomas Garcia,40,Other,hr,Bachelor,2018-11-22,96000,htran@yahoo.com,001-414-077-1421x0543
9918ee46,Robin Clay,41,Other,Admin,Diploma,2023-07-11,79000,christophercoleman@gmail.com,137-183-4979x92291
bc0a6a5d,Kelly Miller,20,Male,Operations,Diploma,2016-09-20,111000,fernando04@harris.com,8077858599
069f14f1,Mrs. Amanda Kelley DDS,45,Other,Operations,Diploma,2021-03-02,112000,lisa16@anderson-smith.com,928-921-7696
ac9ed156,Johnny Whitaker,60,Other,HR,PhD,2020-08-31,78000,lcampbell@miranda.com,3834786264
964db03f,Mrs. Courtney Wong,20,Male,Sales,Master,2025-04-27,48000,rsanchez@smith.com,(161)501-8605x03509
c3c75611,Adam Sanchez,44,Male,finance,High School,2021-04-25,32000,fisheredward@gmail.com,7861140767
9384ec2b,Logan Massey,35,Other,IT,High School,2024-02-25,35000,alopez@harris-doyle.info,3470082637
2cd94cbb,Juan Carroll,58,Female,Admin,Master,2025-01-04,34000,peter42@hotmail.com,646-225-0747x6219
7135f221,Ryan Carpenter,51,Other,finance,,2024-11-28,61000,smithkenneth@gmail.com,+1-938-359-3016
ff37d19c,Stacy Werner,27,Other,IT,,2023-05-15,51000,melissamoore@smith.com,497.071.9925x75117
d0725b5c,Michelle Holden,61,Female,Sales,PhD,2018-08-19,31000,storres@clark-leon.com,440-342-8756
785299f4,Deborah Wood,57,Female,Admin,Master,2025-02-11,97000,mary11@robertson.com,311.017.6602x791
5230dfbd,Taylor Flores,47,Male,IT,,2018-04-09,112000,rvincent@cortez.biz,+1-261-540-9856x91039
292bd156,Tyler Taylor,60,Male,finance,PhD,2016-11-09,70000,hartjames@faulkner.com,481.003.3453
7ed70ed7,Victoria Wright,44,Other,Finance,Bachelor,2022-08-10,59000,owenslaura@pacheco.biz,001-931-742-2165x98115
668409e3,Betty Pollard,53,Female,Operations,Bachelor,2019-02-03,73000,zlong@hotmail.com,001-791-367-8953x7928
0964fbbf,Katie Alvarez,43,Male,,PhD,2018-05-13,32000,ethompson@hotmail.com,6396824817
409d3602,Robert Munoz,42,Other,Marketing,Master,2018-07-02,83000,robertsweeney@robertson.info,001-297-131-1582x50843
c5c5b37a,Michelle Newman,31,Female,hr,Bachelor,2024-08-15,95000,elizabethburke@wall.com,211-218-2882x914
d32e6dcd,Victoria Marshall,25,Other,,Master,2016-03-28,90000,cynthia31@harris.com,(470)543-3212x595
de8ede0b,Amy Montgomery,54,Male,Admin,,2017-02-22,76000,robert19@hotmail.com,+1-432-443-9220x7810
0de051a6,Jeffrey Benton Jr.,63,Male,Admin,Bachelor,2018-08-25,105000,limaria@hotmail.com,089-894-0816x72336
9f64eeed,Kristin Brown,38,Female,IT,,2022-12-20,40000,woodwalter@brown.biz,001-351-073-8515
71299889,Sean Hernandez,,Other,Operations,Master,2025-08-12,76000,justindickerson@yahoo.com,435.679.4154
445dcc38,Ana Higgins,26,Female,Sales,Master,2025-03-19,51000,ernest98@romero.com,+1-094-617-4556x37801
49bc473f,Theresa Luna,64,Male,HR,Diploma,2016-09-13,86000,david97@crawford-adams.com,715.130.0634x09612
7c16128d,Katherine Padilla,34,Male,It,PhD,2020-10-02,38000,aswanson@alexander-combs.com,+1-992-623-6181x5797
a14923c2,Victoria Lewis,32,Other,IT,High School,2020-03-14,42000,jacquelineballard@rodriguez-bradley.com,642.378.8507x904
b5b453ca,Joshua Leonard,30,Other,HR,PhD,2022-11-16,109000,prestonsusan@hotmail.com,552.303.3501x232
03802b70,Kelly Liu,41,Other,Marketing,Master,2022-12-06,93000,betty43@hotmail.com,001-001-124-9341
3985fb62,Brianna Ryan,33,Female,finance,Master,2022-01-08,70000,stephen66@gmail.com,+1-582-212-1511x0880
1d0bc9bd,Emily Smith,46,Other,IT,PhD,2024-05-12,94000,vcooper@waters.org,001-989-506-6593x561
a5d04d53,Michelle Howard,52,Other,It,Master,2025-08-29,71000,brooke67@lopez.com,001-400-814-5286x068
eec259dc,William Austin,20,Male,Marketing,,2021-04-24,96000,hroman@deleon.com,001-217-447-0749
b495db4e,Monica Oconnor,50,Male,hr,Bachelor,2018-02-19,43000,xrodriguez@yahoo.com,+1-522-499-4989x76391
7b85179a,Kyle Blake,41,Other,IT,Master,2020-05-28,60000,hjohnson@nichols-carney.info,(007)694-1658x7015
74eff545,Christopher Banks,40,Other,Operations,PhD,2024-02-26,98000,caldwellanthony@house.com,(950)635-4167
30cbd755,Bryan Davis DVM,43,Male,Operations,PhD,2022-09-30,25000,moorekatherine@williamson.com,530.445.6759x81863
bf0d073d,Tiffany Hughes,40,Other,Admin,PhD,2016-01-09,87000,sherylgonzalez@yahoo.com,(433)508-5112
11df12d7,Michael Taylor,40,Female,hr,Diploma,2025-06-17,109000,kim83@ward-webb.info,481.626.9852x056
dabac50d,Brendan Kelly,60,Female,Admin,,2022-11-22,59000,baileydonna@henry-mitchell.com,+1-605-999-3219x74656
c9a7d91f,Sherry Porter,24,Female,HR,,2016-02-17,28000,umendoza@yahoo.com,825.690.2876
00a81de9,James Perez,33,Other,,Diploma,2023-01-21,87000,pharris@gmail.com,976-813-8910
d664d264,Miss Gina Walton,61,Male,Sales,,2020-04-24,30000,jessica09@hotmail.com,(087)402-8993
a8f1e091,Alicia Obrien,55,Other,hr,Diploma,2023-04-14,93000,vanessa88@yahoo.com,(500)319-0857x88258
7250ee18,Mrs. Jacqueline Jackson,51,Other,finance,,2018-06-13,45000,fischerzachary@patterson.com,220-865-2077x486
551ac8ea,Kendra Smith,26,Male,Sales,Diploma,2020-03-04,97000,taylorbrittany@henderson.com,2563781169
6090d697,Alexander Stein,62,Male,Sales,Diploma,2021-08-18,69000,tracey80@hotmail.com,9727328557
de9e3757,Shannon Sosa,62,Male,Finance,,2018-10-23,63000,zachary40@chan.com,001-797-484-0852x28619
3d225c30,Marc White,23,Female,It,Diploma,2021-12-15,84000,amack@gmail.com,272.606.5768x29967
db23aa8c,Gregory Wiggins,57,Other,IT,,2023-08-23,69000,hendricksemily@hayes.net,(824)197-8680
517400f8,Linda Berry,22,Male,finance,Diploma,2019-07-02,107000,philip34@hotmail.com,288-789-2598x672
e9d68f23,Michelle Hobbs,24,Other,hr,PhD,2023-07-05,51000,john69@gmail.com,001-419-541-5717x626
fd08b32c,Charles Fuentes,63,Female,Admin,High School,2025-02-27,110000,daniel19@stewart.net,001-672-892-5765
a6eab79e,Andrew Medina,50,Female,HR,,2023-09-22,58000,danielhaley@carter-randolph.net,514-659-9831x43099
f6febc0e,Teresa Aguirre,48,Male,IT,Diploma,2020-01-24,,michaeljones@gmail.com,(321)893-1530x586
f72169bb,Eddie Bailey,53,Male,Finance,PhD,2023-10-13,52000,katelynburke@smith.com,001-548-338-8067x19174
19b17e80,Joseph Mccullough,58,Other,HR,High School,2024-03-20,32000,lawrencewest@rodgers.com,(518)697-5667
1986b4b2,Mr. Zachary Mora DVM,34,Male,hr,Diploma,2025-02-10,32000,angelamckinney@barnes.com,752-409-7586
03edd1f8,Kimberly Price,31,Other,,High School,2024-12-03,45000,mckenziemills@yahoo.com,393-474-9500
def57689,Bruce Spencer,60,Male,Sales,,2020-03-27,86000,kimberlydecker@holland.org,418-500-6030x7984
1327f1bc,Jacob Allen,48,Other,It,High School,2016-01-15,89000,amandamitchell@hotmail.com,634.861.5658
43d88870,Chelsea Powell,37,Other,Finance,Bachelor,2023-04-24,103000,ricewilliam@allen-vaughn.org,793.404.8693x84137
65c17795,Thomas Morse,35,Other,HR,Master,2015-11-11,81000,lthornton@goodwin-allen.com,7870330141
541cdfcd,Susan Zimmerman,37,Other,Admin,Bachelor,2020-06-08,93000,tmartinez@miller.com,826-060-6821
889b78d5,Annette Meyer,46,Female,It,,2022-11-20,78000,dhicks@kim-cole.info,976.467.0574x2050
a075e927,Erica Rose,44,Other,It,,2021-03-18,36000,watkinsvanessa@hotmail.com,+1-080-001-8260x6201
7cea2045,Kim Long,55,Male,Finance,High School,2023-12-10,42000,baxterbrian@schmidt.com,990-688-7090
9e11d2cd,Christina Flores,44,Female,HR,PhD,2023-10-06,102000,arthur89@gmail.com,001-042-326-6345
af34cf65,Craig Raymond,41,Female,Finance,Diploma,2023-08-05,56000,clarkalexander@burns-olson.org,(450)407-9425x9220
3a3c8a71,Jeffrey Miller,27,Other,Admin,Master,2016-09-12,97000,katherine72@morris-christensen.info,(139)520-7643
fa745761,Brian Hoffman,30,Female,Admin,Diploma,2023-03-08,88000,sandracampbell@woods-green.com,932-561-8370x15774
b4323070,Elizabeth Gay,,Other,finance,PhD,2017-04-08,83000,leslie75@kelly.com,166-214-5984x8471
2a96e1e2,Patricia Hale,,Male,Operations,,2018-03-22,35000,tonyamorris@hotmail.com,(936)175-6826x81415
0769165f,Amanda Arroyo,52,Other,Sales,Master,2024-07-17,66000,mannlisa@yahoo.com,014-570-0401x73375
0e5dd462,Kevin Mccullough,50,Female,IT,Bachelor,2024-04-22,116000,fuentesleonard@alvarez-wright.com,001-112-861-3188
6e417d47,Margaret Stevenson,43,Male,IT,,2023-07-09,40000,floresronald@hotmail.com,955.701.6016
697c3923,Amber Turner,58,Other,It,,2018-05-28,91000,pkaiser@yahoo.com,995-942-5352
2e183554,Victor Williams,63,Male,hr,High School,2025-01-31,52000,ipotter@waller.com,(370)942-0659x995
9c07a751,Shelly Rodgers,,Male,Marketing,PhD,2021-01-04,78000,villarrealjeffrey@morris-brown.info,+1-440-809-9589x2821
aee1e86b,Cassandra Wood,34,Female,hr,High School,2018-06-09,30000,owilliams@yahoo.com,+1-549-630-8397x7251
9549c931,Susan Garcia,57,Male,Marketing,High School,2022-08-02,67000,pharris@gmail.com,+1-833-895-3491
a34db7c5,Stephanie Joseph,23,Female,Finance,Diploma,2024-09-08,100000,kevinmata@taylor-hammond.info,2639864935
aab612c9,Dalton Clark,40,Male,Marketing,,2016-11-03,28000,chris57@mays.net,499-707-5545x3882
771ad655,Alexis Weeks,47,Other,Operations,PhD,2018-02-13,83000,lindaali@stevenson.biz,(340)917-0895
8beddb12,Michael Glass,21,Male,Operations,High School,2024-07-09,29000,tmejia@dixon.info,438.267.8282x7598
f1faf665,David Cervantes,30,Other,Sales,Bachelor,2018-04-18,30000,zbutler@gmail.com,680.798.1051x314
4c955f6a,Victoria Benitez,44,Other,HR,Master,2022-08-16,69000,rjohnson@cooper.info,(929)933-8634x58723
b0b862ef,Jacqueline Monroe,34,Male,IT,PhD,2017-01-04,80000,krose@hardin.com,(362)858-4981x1457
4d57d880,Charles Sanchez,55,Other,Sales,Diploma,2022-03-23,77000,christopher23@dixon.com,(873)868-8050x745
da743152,Sonia Henderson,40,Male,Operations,PhD,2020-03-04,115000,michaeljennings@yahoo.com,152-471-8710
61a11729,Sharon Sims,47,Male,HR,,2017-10-31,69000,joshua54@bridges.com,+1-003-003-5275x1728
4bbe4aff,Shawn Doyle,32,Other,hr,Diploma,2023-03-30,33000,christophercannon@gmail.com,(324)948-7836x0029
059dd55d,Michael Perry,46,Other,IT,Master,2016-04-03,27000,richard03@wagner.info,455.828.1461x72701
6553867d,Donald Santana,23,Female,finance,Bachelor,2015-10-28,90000,elizabeth90@riggs-riley.net,+1-913-887-2172
dd750e98,Katherine Greene,48,Other,IT,High School,2021-08-11,48000,scott68@hotmail.com,+1-836-069-6688x44879
f93e08d5,Jennifer Dominguez,64,Female,It,PhD,2019-02-18,110000,christopherhernandez@hotmail.com,931-733-2206x2480
bec39a37,Matthew Walker,23,Other,Finance,Diploma,2024-03-07,114000,warrengerald@hotmail.com,274.358.5693x287
e726be23,Ashley Barrera,30,Male,,Master,2017-01-25,101000,paul34@yahoo.com,001-434-205-0240x9050
3ae909fe,Clifford Murphy DVM,34,Other,IT,High School,2024-07-29,84000,jenningsalexandria@hotmail.com,+1-345-037-3509
3810ae66,Michael Arias,44,Male,Operations,Master,2023-01-07,61000,andrewjackson@stephens-thompson.org,(692)526-1751
402913ec,Joshua Mitchell,44,Male,Finance,Bachelor,2016-05-13,55000,qowens@gmail.com,(418)822-8700x213
c478f6f1,Ashley Wilson,39,Male,Admin,High School,2021-06-29,46000,christianharris@gmail.com,(139)992-3239x87445
2303f6c6,Stacey Clements,57,Female,Marketing,High School,2022-05-21,60000,ewilliams@gmail.com,227-607-8660
a0a11839,Kathleen Martinez,54,Other,hr,High School,2022-07-26,26000,williesmith@gmail.com,644.207.0771x359
c9e26074,Julie Rodriguez MD,51,Male,finance,Diploma,2025-01-12,36000,charlotte84@hotmail.com,+1-233-128-9985x118
5d678bb1,Cathy Farmer,48,Male,hr,High School,2024-07-26,57000,ashley16@gmail.com,001-605-423-1126x2574
e8dd5e5a,Dana Gilbert,55,Female,Admin,Master,2015-12-24,111000,michelefrazier@gmail.com,946.674.6550x57519
6a5e6920,Charles Harper,41,Other,,Diploma,2019-03-23,88000,reeveshannah@jenkins-mack.biz,342-548-2508x511
c958e75e,Timothy Wang,28,Other,IT,High School,2017-01-23,99000,alexandriacox@torres-roberts.com,(494)750-4653x425
5da8d6d2, daniel stewart  ,23,Female,It,Master,2022-08-18,31000,ygilbert@gmail.com,228-803-2602x9748
45c45a3e,Tiffany Peterson,54,Female,Sales,Master,2022-03-25,106000,charles10@collins.biz,5796873352
e9ff1cae,Tammy Bell,52,Other,Finance,PhD,2020-12-31,32000,whitepedro@phillips.com,1889761109
f7a67b94,Mathew Myers,49,Female,finance,Master,2023-10-30,51000,qgreen@gonzalez-calderon.org,630.286.6535x818
ded255d0,Edgar Brown,28,Other,Admin,,2025-08-14,101000,ivance@ramirez-brandt.biz,001-857-917-2148
77e490c7,Cory Barrett,37,Other,,Bachelor,2022-01-20,114000,sgardner@yahoo.com,(882)385-5151x0934
c1101266,Seth Jones,50,Male,hr,High School,2016-11-21,41000,melindahernandez@gmail.com,(673)088-0480x8127
ad238d36,Joseph Hawkins,,Male,It,High School,2018-04-03,65000,brian24@gmail.com,001-274-600-1115x66311
65bcc272,Victor Brown,23,Other,It,High School,2023-09-24,64000,michaelnewton@murray.com,8485579393
8eac0a33,Jennifer Ferguson,63,Other,Admin,Master,2025-09-17,93000,christinabrooks@gmail.com,124.014.7669x64846
6502d6a2,Carolyn Cantu,22,Other,finance,Master,2024-09-16,56000,mooneydanielle@johnson.com,591-014-5297
1fa382e8,Charles Garcia,34,Other,finance,High School,2019-01-18,112000,sarahsandoval@gmail.com,+1-173-043-1138x7509
bfbf397b,James Hart,42,Other,,,2017-11-23,100000,scottbailey@yahoo.com,106.173.5599
618ae305,Patricia Wilson,34,Other,hr,Diploma,2018-10-06,77000,jill12@hotmail.com,177.721.6640x1625
5f18e583,Mark Elliott,20,Female,Operations,Diploma,2020-04-07,110000,karen92@smith.net,001-534-547-9728
78b2b549,Matthew Bartlett,46,Other,finance,Bachelor,2018-01-26,59000,kristi20@willis.com,001-089-372-5956x1689
f1738856,Maria Campbell,50,Female,Finance,PhD,2025-04-08,108000,hkelley@gmail.com,+1-375-014-8102
9c2e58de,Joanna Adkins,45,Female,Finance,Bachelor,2021-12-09,79000,cmartin@yahoo.com,036.465.7610x5272
a2a9d4d8,Lisa Reed,38,Other,Marketing,High School,2019-11-08,40000,tdoyle@ramirez.com,754.354.7780
b379cb1e,Jordan Calhoun MD,42,Other,hr,High School,2022-02-23,33000,john32@williams-campos.info,526-074-8699
1dde7969,Heather Thomas,30,Female,Admin,High School,2020-05-24,110000,ycervantes@gmail.com,588.397.8479
0986bbeb,Carrie Coffey,53,Female,Finance,PhD,2017-03-20,67000,kenneth37@long.org,665-914-4450
1dba1267,Dr. Isabel Smith PhD,51,Other,,Master,2022-08-02,25000,meganhart@yahoo.com,231.248.9142
899ca782,Joe Page,51,Other,It,PhD,2016-02-08,37000,jeffreyjohnson@davidson-nicholson.com,425.891.5965x4582
5efa9c5b,Crystal Morales,61,Female,Admin,Bachelor,2017-03-29,64000,mariagarza@gmail.com,372.041.6893x9424
b24cc64f, heather mcmahon  ,55,Female,hr,Master,2025-08-12,25000,cookbrian@yahoo.com,850-489-0060
965befdf,Jason Quinn,30,Female,,Master,2017-04-03,42000,cookanthony@yahoo.com,(708)762-4082x8330
e2aa7a5d,James Cox,21,Male,IT,Bachelor,2025-04-07,103000,rhondaowens@garcia.com,9273385289
d56ce8ea,James Cummings,,Female,HR,Master,2020-04-02,112000,keith79@hotmail.com,(570)267-2182
f065c817,Daniel Lee,51,Male,Finance,Diploma,2025-04-05,,holtthomas@ayers-dickerson.com,(715)773-1753x639
b0b63bcf,Shane Hopkins,58,Other,Finance,Bachelor,2016-02-19,25000,jenniferkelly@frazier.net,869.036.1843x968
71d79665,Stephanie Kelley,28,Other,Marketing,Bachelor,2024-09-07,50000,emily73@yahoo.com,(298)336-9195
5cd8fe1a,Jennifer Schneider,61,Female,Operations,Diploma,2023-04-15,25000,carol66@gmail.com,178.300.3056x441
5e09a9ee,Charles Rodriguez,62,Other,Marketing,PhD,2015-11-06,117000,jefferygray@gmail.com,896-897-4828x75833
a5135ea0,Elizabeth Wall,47,Other,hr,PhD,2017-10-25,74000,jbaker@gmail.com,001-183-902-1573x20836
46a02a9b,Loretta Williams,31,Other,Marketing,PhD,2023-10-26,33000,leezachary@mason.com,622-879-4731
f2f25eef,Juan Moore,30,Other,Operations,Master,2015-10-27,42000,adam39@ayala.biz,098-204-8161
1777e8cb,Joseph White,49,Male,Operations,Diploma,2024-07-20,103000,randyschroeder@webb-alexander.com,336-288-5701
a3b5cece,Michael Cruz,64,Male,finance,Bachelor,2022-08-11,36000,jcastro@gmail.com,(896)719-6526x302
0cf2b69b,Denise Reese,20,Female,It,Bachelor,2024-01-25,71000,simmonsrichard@jones.net,+1-669-803-2739x96662
fd235def,Brittney Morales,53,Female,finance,Bachelor,2017-07-19,79000,matthewfreeman@moore-greer.net,001-091-374-1283
34885a46,Christina Jenkins,41,Female,HR,Master,2022-01-16,95000,alexanderhuber@allen-richardson.biz,001-917-567-3508x2204
8de08fc2,Sean Anderson,35,Other,,Master,2018-09-13,79000,jacob98@hobbs-roberts.com,301.924.9074x8824
d0243d72,Emily Fitzpatrick,44,Other,IT,,2016-06-20,73000,kinglisa@houston-torres.com,833-567-2071
c63d04ee,Nancy Liu,26,Male,Operations,PhD,2023-12-16,118000,pharris@yahoo.com,+1-901-473-4272x2089
989240ac,Rachel Miller,47,Male,IT,,2023-10-01,68000,hillbrianna@hotmail.com,(809)015-1748x986
fbe94499,Scott Brown,44,Female,It,,2017-07-23,112000,eellis@collins.com,(206)867-3643
8a4b8f7c,Emily Winters,28,Male,Finance,Master,2016-09-24,82000,yhall@gmail.com,+1-894-152-3598x2029
1c24220e,Chris Lewis,44,Male,Sales,PhD,2023-10-26,62000,kerriking@harrison-kerr.biz,+1-016-651-5174x7723
21bddb41,Heidi Blankenship,52,Male,HR,PhD,2020-08-26,44000,stonejulie@patrick-thornton.info,+1-436-664-7984x65033
c9d6a63b,Sandra Alvarez,59,Male,hr,Bachelor,2016-10-15,78000,rweber@gmail.com,(046)801-5276x509
040a3aae,Donna Garcia,25,Male,It,Master,2020-08-24,80000,kfoley@hurst.net,(030)758-5693x9632
20733f6d,Stephanie Hernandez,22,Female,Admin,PhD,2019-08-24,64000,rpham@hotmail.com,(991)945-7634
1d181ee9,Joseph Montgomery,63,Female,IT,,2019-08-17,116000,hugheswilliam@gmail.com,399.712.3630
72c22a16,Juan Harrison,29,Male,Marketing,Diploma,2023-01-09,93000,wwright@wilson.net,(193)770-6198x78018
97fa7f04,Miss Stephanie Cherry,47,Female,Operations,Diploma,2025-02-13,105000,tbarajas@yahoo.com,166.993.4105x567
38b77c07,Bridget Wallace,54,Other,IT,Master,2025-08-25,72000,everettpaul@yahoo.com,001-242-742-0784x27171
ba2c98ce,Brandy James,43,Male,Admin,Bachelor,2022-02-22,67000,trandouglas@larsen.net,756.486.7143
a8addf36,Christopher Smith,39,Other,Operations,Bachelor,2023-05-01,58000,jonathanmoses@hotmail.com,(489)361-7590x88700
a4b1f991,Sabrina Galvan,54,Female,hr,PhD,2022-04-02,114000,hjohnson@garcia-dominguez.net,(518)828-1602
ffa361be,Catherine Shannon,28,Female,Sales,Master,2023-07-04,28000,james30@hotmail.com,001-533-441-1022x01392
6d204496,Theresa Knight,55,Other,Marketing,Diploma,2018-05-19,94000,stephenbutler@gmail.com,609-228-9370
b65feea9,Victoria Tanner,27,Female,IT,,2020-10-17,97000,ariana70@yahoo.com,001-997-263-3293x3002
e63658c9,Chad Evans,42,Male,finance,PhD,2022-10-24,97000,qpotter@kelley-weeks.com,285.212.4006
25f934bf,Chase Haney,53,Other,HR,,2017-03-20,74000,aaron04@gmail.com,(241)748-6006
9fd34579,Maureen Nixon,53,Male,IT,PhD,2016-09-17,80000,robert23@gmail.com,988-247-6902x902
b64fa54a,Michael Rush,54,Other,IT,High School,2021-05-16,81000,xedwards@wallace.info,699.904.5082x026
98eeac2b,Larry Lloyd,36,Female,Admin,,2016-12-11,115000,kwarren@quinn.com,001-927-829-7253x9837
816bcb9f,Steven Butler,57,Other,Admin,Master,2017-05-11,59000,shawnharris@yahoo.com,537-401-2684x9085
cb08587d,Samuel Lee,50,Other,HR,,2016-05-24,33000,vjohnston@hotmail.com,(432)065-9312x48382
a79b44b6,Joseph Moon,42,Male,IT,,2025-07-04,73000,danny97@lee.com,906.545.7348x541
8d244e3e,Taylor Williams II,41,Female,,PhD,2015-10-23,60000,xoconnor@hotmail.com,236.616.2523
6e191042,Jerry Hamilton,50,Male,hr,Diploma,2016-09-02,43000,stephaniewashington@gmail.com,8197334945
69efafb1,Paul Wolf,55,Female,Admin,High School,2023-10-12,36000,jacob92@holland-lawrence.biz,(045)242-0526
66132e69,Bobby Arnold,30,Male,Admin,,2016-08-31,98000,umartinez@gmail.com,+1-738-890-7613x18763
50032b35,William Weber,31,Other,It,Diploma,2017-08-09,42000,tatedaniel@yahoo.com,+1-954-002-2026x78869
4140752c,Alicia James,41,Male,,Bachelor,2024-03-30,115000,scottsylvia@bell.com,(127)057-0273x038
afd380c4,Jamie Johnson,43,Female,Operations,High School,2025-03-31,79000,harriscory@hotmail.com,(000)039-0110
175a81ec,Melissa Rogers,53,Female,It,High School,2021-12-17,68000,jmarshall@yahoo.com,+1-009-282-1038
6e8f75a1,Sarah Mueller,59,Other,IT,PhD,2016-04-11,83000,jrodriguez@johnston-mann.info,781.514.1789x26540
5f65c8ce, gordon hahn  ,48,Female,HR,,2018-10-21,91000,vjordan@smith-marks.com,624-295-5538
0f5ae9d3,Kristen Burns,35,Male,Admin,Bachelor,2016-01-01,80000,umoore@rangel.net,097.915.4220x5832
8fca7b6a,Thomas Sellers,38,Other,HR,PhD,2022-02-17,77000,akerr@sanders-fitzpatrick.com,001-837-158-7544x963
692ac139,Melvin Flores,43,Female,HR,Master,2016-08-13,60000,thomasmichael@gmail.com,(424)660-4729
f0ede303, ashley cochran  ,40,Female,hr,Diploma,2018-04-30,106000,obowman@jones.com,842-209-0014x310
ea74bb18,Ashley Jones,31,Male,finance,Diploma,2021-09-20,60000,matthewbrown@yahoo.com,609-706-7043
49a214ae,Christian Solis,37,Male,Admin,PhD,2020-09-19,37000,gzhang@gmail.com,2419350805
1a85910d,Sharon Smith,54,Other,It,Diploma,2025-06-01,118000,ryansmith@odonnell.com,233-574-1518x134
279c658a,Robert Berg,30,Female,Marketing,,2023-11-09,115000,philipbrown@johnson-hanson.info,(881)514-7399
d8e7012f,Brooke Sims,59,Male,Operations,Diploma,2018-07-31,67000,grimeseric@brown.info,5379991557
8e676a01,Julia Marks,37,Other,HR,,2019-09-15,106000,scordova@hotmail.com,(876)841-8162
47503f1d,Ashley Martinez,30,Female,Admin,Master,2018-10-15,65000,jimmy24@burton.com,001-826-136-2434x1917
6dda4f8d,Christina Reese,27,Female,Operations,Bachelor,2016-05-10,,jeffrey32@hotmail.com,+1-395-932-9544x05546
c4767556,Brandon Bean,25,Other,Marketing,High School,2017-03-11,46000,owenselizabeth@yahoo.com,218.270.0626
accb461a,Rickey Hall,46,Other,Admin,PhD,2016-01-02,87000,theresastone@chavez-lopez.com,+1-610-844-7607
9be71737,Bobby Flores,32,Male,IT,PhD,2018-09-23,51000,wmathews@hotmail.com,989.896.2867x4333
b18753e6,Karen Gonzalez,49,Female,HR,,2023-10-22,27000,michael52@yahoo.com,001-989-852-5880x496
45f50c52,Lisa Lopez MD,37,Female,Marketing,Master,2021-12-31,64000,david70@bailey.com,001-252-558-0315x395
ebe9e207,Sharon Brown,34,Female,IT,Master,2023-11-08,83000,barry68@preston-adams.com,131.352.1485
2e709838,Aaron Thompson,23,Other,HR,High School,2020-05-17,41000,matthewnunez@monroe.biz,+1-751-743-1926x21973
a847bce7,Charles Weaver,53,Male,Finance,Bachelor,2023-08-21,86000,anna92@wright-jordan.com,457-265-4258
bdb025ff,Melissa Warner,30,Female,It,PhD,2021-06-23,84000,matthewreed@yahoo.com,+1-660-194-6116x08107
177d6e7e,Cody Morris,43,Other,Sales,,2019-09-18,72000,lmcbride@neal-cox.org,525-486-1508x5511
604e46cb,Carla Reid DDS,39,Female,,Master,2022-12-25,70000,qrich@cook.info,8030615471
284bf962,Katie Mitchell,54,Male,HR,PhD,2021-04-07,62000,kathy45@lucas.info,5787037131
530ac1c7,Roger Moss,41,Female,Marketing,,2023-06-24,112000,danielhurley@yahoo.com,942-710-0366
98a21f1c,Mary Donaldson,34,Male,Marketing,Diploma,2021-01-22,105000,yramirez@flores.biz,(063)287-9881x59456
27d415b6,Paul Brown,57,Male,Sales,PhD,2020-02-16,29000,edwardthomas@hotmail.com,001-069-559-9152x4275
0cbd3c03,Gregory Quinn,63,Female,Admin,Bachelor,2018-08-22,106000,rwilliams@hotmail.com,+1-090-161-5364x43162
716fda0a,Sabrina Miller,60,Female,,,2021-09-11,76000,rodriguezallison@jackson.info,003.004.5208
9b69554d,Michelle Smith,57,Male,Operations,Bachelor,2018-05-17,99000,bradley89@king.com,001-235-096-8888x31149
372f871a,Anita Chapman,32,Other,HR,PhD,2022-04-29,48000,patriciarobertson@webster-guzman.com,(386)768-4441x2191
585d3f86,Heather Becker,49,Male,Admin,Diploma,2020-03-09,88000,morrisamber@franklin.net,062.217.8942x6032
ad9fb00d,Andrea Baker,23,Female,IT,Bachelor,2018-08-15,28000,adamsjames@joseph-johnson.com,0390291542
86e52753, joanne harmon  ,53,Female,Operations,Master,2016-10-02,88000,morgantina@walker.biz,(942)839-8112x105
3873e57f,Mr. Phillip Edwards,41,Other,,,2020-08-01,31000,suzannestrickland@davis.biz,001-701-244-2360
0e0630cd,Mrs. Laurie Williams MD,47,Male,Admin,PhD,2017-03-21,62000,ijohnson@hotmail.com,001-256-732-2917x123
f200c261, joel mclean  ,61,Male,finance,Diploma,2022-09-06,66000,ritabeard@estes-gallegos.com,001-209-554-0934x3688
c3a00c6f,Valerie Ford,29,Male,Operations,Master,2020-08-20,105000,hernandezgina@reed.com,(914)803-0665x69300
1eb74b56,Jodi Thomas,36,Female,hr,PhD,2017-09-21,96000,rmeyers@hicks.org,001-903-875-5676x1342
6e3f683a, jennifer johnson  ,30,Male,hr,Diploma,2021-09-27,28000,boonepaul@hotmail.com,+1-233-443-0471
88575117,Eugene Fritz,27,Other,HR,Master,2019-05-24,27000,sanchezchristian@mcgee-wood.com,272-051-3954x1491
8f0881ee,Jennifer Smith,28,Female,HR,Bachelor,2023-04-20,116000,blakepeter@yahoo.com,001-611-128-4256x19623
5aaab32f,Mary Thompson,62,Female,HR,PhD,2020-10-05,,andrewwhitney@reed.net,001-268-625-1377x27690
bdf66ba5,Catherine Davis,35,Male,,PhD,2016-06-20,117000,debra64@yahoo.com,(559)084-8310x344
75b27455,Chris Rogers,56,Other,finance,Bachelor,2022-01-12,79000,uthomas@frederick.com,(943)074-9820x97681
5024bdc6,James Torres,25,Female,Admin,High School,2017-05-19,68000,andrewferrell@barry-werner.net,(788)890-1226
67884209,Kirsten Perez,64,Female,IT,Master,2018-12-29,88000,lscott@yahoo.com,+1-951-906-2944x205
4a1dab32,Dr. Jeffrey Valentine,31,Male,Finance,Bachelor,2019-11-09,26000,elizabethcarroll@burns-flores.biz,(030)657-1287
f758dce2,Wayne Brown,58,Male,Marketing,PhD,2023-08-08,45000,wattsmelissa@ray.com,(334)808-0136x049
f296d9f0,Andrea Morris,60,Other,IT,Master,2019-09-16,95000,joseph42@fowler.net,742-142-5482x7189
b08a4895,Dylan Young,27,Male,Admin,Master,2023-05-10,79000,alexissalazar@james-gonzalez.com,+1-045-769-2296
6fcc57dd,Regina Butler,45,Other,finance,High School,2023-01-04,41000,stephaniegraham@gmail.com,(584)707-2176
6f887f28,Eric Moore,20,Female,,PhD,2022-07-12,48000,robertyoung@harrison.com,+1-995-905-3044x319
1422373f,Melinda Patterson,23,Other,Operations,Diploma,2025-07-22,71000,chloelawson@sanford-walters.info,406.395.9070x097
beed10b6,Carl Campbell,47,Other,IT,High School,2023-05-30,107000,rebeccalogan@shannon.com,073-397-3510x9093
c77444cb,Renee Shields,55,Other,Operations,High School,2022-04-03,54000,bmiller@yahoo.com,+1-318-683-9859x14693
a21b0307,Wesley Brown,56,Female,Finance,Diploma,2024-11-16,53000,michael02@hughes.info,(663)918-9009x1807
31a3ac4d,Jason Clark,37,Male,Admin,Diploma,2017-10-04,103000,elizabeth41@campbell.com,218.951.4197
59e1ac09,David Wiggins,26,Female,It,High School,2022-03-17,89000,jillmartinez@reynolds.info,001-348-607-1775x450
a53bc024,Thomas Kaufman,63,Male,finance,Master,2015-11-18,104000,fhenderson@scott.com,568.680.4779x0013
1a5165ca,Kristen Ray,,Other,Admin,Bachelor,2024-10-26,33000,stanleybryan@arnold.com,+1-859-787-1913
2c6a6e9a,Cory Martinez,40,Other,Marketing,Bachelor,2021-03-31,94000,lmathis@smith-miller.net,+1-211-705-9466x961
c257cf73,Mark Maddox,35,Other,,High School,2021-08-23,82000,ydawson@hotmail.com,797-938-9269x481
f387e1bd,Kevin Young,25,Other,Marketing,Master,2024-03-30,74000,jacobfitzpatrick@yahoo.com,352.954.0054
76c5a0dc,Katherine Harrison,43,Other,Admin,Diploma,2017-04-21,32000,markvargas@anderson.info,304-214-3166x51899
9458054e,Jorge Davis,63,Male,Marketing,,2023-08-03,77000,dcarrillo@yahoo.com,001-940-364-0298x16878
e1cde87f,Loretta Miller,22,Male,Sales,High School,2020-12-03,85000,sean50@gmail.com,+1-332-621-0038x5894
fc8d5b93,Lance Macdonald DVM,54,Other,Admin,PhD,2016-08-03,104000,jacob14@parker.biz,291.551.5219x8362
f891b0c3,Jerry Waters,24,Female,finance,Master,2021-12-23,32000,brandifoster@burns.com,081.726.0761
70944bdb,Desiree Thomas,49,Female,IT,PhD,2024-08-30,32000,steven98@richardson.org,(420)441-5682
a1a27485,Amy Wright,37,Other,finance,PhD,2020-11-15,47000,dmullins@yahoo.com,001-072-799-9949x9401
97674900,Erin Summers,62,Male,Sales,High School,2022-06-14,62000,aliciaallen@fowler.com,001-898-926-6293x674
12fe28bf,Mr. Don Flores,57,Female,It,Master,2024-07-31,98000,amiller@hotmail.com,8656002295
09a0a0f6,Miss Kimberly Holloway,45,Female,IT,PhD,2024-06-17,31000,robert77@hotmail.com,001-703-493-5534x17607
497de16d,Tina Harper,28,Female,Sales,Master,2017-02-20,48000,alewis@calhoun.com,+1-876-799-3689x195
fa34d2e8,Nicholas Moss,44,Other,IT,Bachelor,2020-06-23,89000,tiffany92@hotmail.com,(098)463-4777
98159d6c,Robert Campbell,37,Female,It,,2020-06-10,33000,josephmatthew@thompson-benton.com,154-633-4419x012
949077c2,Jenny Cardenas,57,Female,finance,PhD,2016-05-23,47000,montgomerysteven@freeman-henderson.biz,+1-029-143-9420
bd29ede9,Dean Thomas,21,Female,It,PhD,2024-07-27,103000,wware@cannon-hart.org,480.155.9720x565
e8b77f7b,Matthew Farmer,63,Female,Admin,Master,2016-10-16,106000,thudson@yahoo.com,(271)926-8075
30307633,John Browning,31,Male,HR,,2019-05-25,82000,andrewpierce@martinez.com,0967083388
80599b93,Mario Peters,46,Other,hr,Bachelor,2021-07-16,54000,mcontreras@foster.com,001-806-973-3828x789
73557b9d, olivia rodriguez  ,38,Other,hr,PhD,2024-05-12,34000,vmorris@gmail.com,+1-917-235-2881x5136
d65e59dd,Donald Mccarthy,46,Male,Sales,High School,2022-08-14,29000,cunninghamraymond@gmail.com,+1-928-710-0239x770
15969802,Christopher Anderson,26,Male,hr,Master,2018-09-16,93000,smithjoseph@robertson-webb.com,313-455-1638x883
0a0537f0,Becky Parrish,59,Other,finance,Master,2020-08-14,55000,donnawebb@hotmail.com,(899)710-5754
fdb1429e,Jackie Stewart,57,Female,Operations,PhD,2016-07-26,62000,thenderson@hotmail.com,001-981-118-0981x660
9c1c3517,Krista Fuller,,Female,Sales,Bachelor,2021-11-05,71000,lisa30@wilson-martinez.info,001-898-911-2814x7143
eafde7d9,Jennifer Nguyen,21,Other,IT,PhD,2023-05-11,36000,caleb34@blake.com,+1-401-154-0335
c6435300,Amanda Campbell,31,Female,It,Diploma,2020-02-23,82000,rford@frazier-jimenez.com,+1-690-070-5530x962
0d67d38e,Laura Ware,46,Male,It,PhD,2020-04-25,90000,paulwhitaker@yahoo.com,001-771-869-8683x0177
55ab946d,Mitchell Anderson,43,Female,,,2021-06-04,79000,brandon10@yahoo.com,(260)949-2745x37956
8ed6ad5e,Barry Hernandez,51,Female,Marketing,,2016-04-03,64000,scottthomas@yahoo.com,+1-682-606-9280x417
4082cbb9,Teresa Young,56,Female,finance,Diploma,2025-05-30,79000,michellejohnson@miller-guerrero.org,+1-588-303-3500x376
f6e39356,Valerie Morgan,24,Other,IT,,2025-08-16,58000,zkirby@clay-krause.org,(002)855-0384x7106
267eddce,Paul Vasquez,62,Male,Operations,,2025-04-16,61000,thomas17@gmail.com,973.173.6723x10109
a9e27ba9,Kelly May,63,Female,,High School,2023-03-25,104000,kayla56@mason-pacheco.com,597-513-0120x7308
4f6b58c8,Christopher Carson,50,Other,hr,Master,2019-05-11,90000,michaelgonzalez@watson.net,634-811-0502
a981b098,Joan Wilson,63,Female,Operations,,2018-11-27,57000,uburns@hotmail.com,001-725-772-6195x84361
b576255e,Debbie Allen,39,Male,Sales,Master,2020-03-12,99000,wmontes@reese.info,001-273-585-8243x482
8f158449,Kristin Williams,34,Female,It,Bachelor,2022-02-28,111000,deniseevans@randall-adams.biz,(808)576-2362
54170a17,Courtney Williams,39,Male,Finance,PhD,2019-12-10,93000,erindavis@wolfe.biz,916.135.0248
b3ecb951,David Hernandez,29,Female,Finance,High School,2021-03-13,34000,wiseralph@cook-wolfe.com,+1-552-568-7088x06357
ff4625af,Kathryn Morris,55,Male,hr,Diploma,2018-04-10,50000,aguilarbryce@copeland.com,(989)820-5413
17ec889c,Meagan Smith,54,Female,Finance,Bachelor,2023-04-23,71000,pearsonjames@dawson.com,282.912.7164x316
822c4d32,Katherine Caldwell,53,Male,Finance,High School,2017-08-29,47000,pricebrian@hotmail.com,+1-580-068-4116x020
4f11d8dc,Krista Williams,37,Female,IT,High School,2017-06-14,41000,pittsmary@hotmail.com,001-122-125-8472x3874
577bc55a,Christine Aguilar,38,Female,IT,Diploma,2017-10-13,50000,harrisdestiny@russo.info,489.369.8022x50913
31274148,Michael Perkins,36,Other,Marketing,Diploma,2017-05-04,77000,kdiaz@weeks-eaton.org,(781)374-2141x570
27aa7cbc,Steven Martin,59,Other,Admin,Master,2016-10-06,78000,ealexander@hotmail.com,001-952-104-6059
c9c23e69,Joshua Herman,32,Male,hr,PhD,2024-08-12,44000,michael89@klein.com,+1-992-611-0447
8a2e6a93,Diana Hawkins,33,Female,Finance,Bachelor,2022-02-16,82000,nguyenjane@gmail.com,001-614-943-4050x1368
86cac6f4,Caitlin Harris,49,Male,Marketing,PhD,2017-01-02,57000,williamsdavid@gmail.com,945-754-5235
e05b46c5,Felicia Murphy,,Other,hr,Bachelor,2024-11-20,81000,lewisdavid@armstrong.com,(897)295-5055x241
98e52499,Bryan Mitchell,21,Male,Finance,High School,2020-01-22,71000,wrightkatherine@mitchell.com,087-154-0992
2e4bebc4,Larry Curtis,34,Male,finance,,2022-10-12,77000,gerald51@garza.info,(934)662-9725
9feefdff,Jennifer Lopez,41,Other,It,,2023-01-07,41000,matthew92@gmail.com,001-483-545-9957x2634
b89f72f3,Robert Newton,29,Female,HR,Diploma,2024-07-03,26000,michael28@hawkins-barnett.biz,550.023.0972x96782
5d42b9e9,Christina Hudson,30,Male,finance,Diploma,2025-03-22,47000,bowersedward@payne.com,+1-661-982-8590
f836f571,Sandra Craig,28,Other,,High School,2021-04-08,,michaelthomas@rose-jimenez.com,062-094-3410x230
c09cb506,Sabrina Ward,50,Female,hr,High School,2019-08-01,29000,leah96@washington-moore.net,301-132-6339
3be79df4,Mark Knight,34,Other,Admin,Bachelor,2018-08-16,42000,radams@hotmail.com,+1-868-496-6686
f7315749,Darlene Dixon,26,Male,,High School,2017-02-05,109000,arthur28@gmail.com,348.153.9122x1904
e76adca9,Daniel White,56,Female,Marketing,Bachelor,2019-12-06,66000,leblancdavid@avery.net,605.690.4364
ada58417,Jonathan Cortez,30,Female,Marketing,PhD,2021-11-15,31000,vstewart@fuentes-mcmahon.com,001-446-944-2110x670
70cafdd8,Judith Myers,42,Other,Finance,Diploma,2025-08-12,92000,santosluke@gmail.com,+1-905-303-2615x187
c7332304,Tammie Castillo,46,Other,,Diploma,2022-10-23,75000,hoffmandarlene@colon.com,040-446-4638
6b2d5b09,Rebecca Estrada,26,Other,It,,2017-10-20,96000,lgraham@gmail.com,001-892-284-0144
331f63fb,Angela Rodriguez,46,Female,Finance,,2024-04-22,70000,ybennett@hotmail.com,001-979-057-3580x5416
df7d0dd7,Andre Williams,54,Female,hr,Diploma,2019-05-14,108000,pfarmer@gmail.com,189.275.0069
7b07fd31,Donald Smith,44,Male,Marketing,PhD,2016-09-09,51000,lisa74@andrews.info,(153)900-5067
ef2ddcc4,Nicholas Ali,26,Female,HR,PhD,2023-07-10,69000,lauravelazquez@gillespie-jackson.com,001-481-798-9033x039
8412a335,Jacob Brewer,46,Male,Marketing,Master,2019-03-06,27000,aaron37@clark-mercado.info,758.130.1217
1578d709,Natalie Watson,46,Other,IT,Bachelor,2020-06-23,111000,valerie05@wilson.com,9944957181
73069588,Matthew Evans,55,Other,Operations,,2024-11-05,31000,kingdavid@yahoo.com,410.290.6169
d4bf7a4b,Bryan Thomas,59,Female,Admin,Bachelor,2015-12-10,84000,plin@simmons.org,853-610-6707
e916da57,Timothy Lucero,54,Other,,,2016-06-23,40000,ayoung@yahoo.com,(967)025-8912x7177
e27718c5,Barbara Fields,45,Other,Finance,Master,2018-06-16,57000,beverly98@gonzales.info,268.578.1052
6a36af18,Rebecca Beard,35,Female,Operations,Diploma,2018-04-25,43000,ngraham@alexander.info,941.686.3185x52567
5fbbf0b1,Carrie Rodriguez,27,Male,Operations,Bachelor,2022-12-03,103000,rebecca57@gmail.com,(787)905-4116x6911
14e4180c,Jordan Tanner,51,Female,finance,,2020-04-20,97000,marshcheryl@haley-baker.org,(340)524-2699x696
519554e3,Denise Johnson,38,Male,Sales,Bachelor,2018-06-08,57000,ellisonjohn@hotmail.com,001-768-699-0078
b6f6dbf1,Amy Holt,31,Female,finance,Diploma,2021-09-08,66000,matthewking@yahoo.com,(816)041-3796
25637cc3,James Bennett,46,Female,finance,High School,2024-03-23,33000,joel21@gmail.com,049-703-8341x031
eada79a3,Jeffrey Owens,47,Other,Admin,,2018-01-31,117000,zachary75@orr-jones.org,155-770-1830
d4c3a832,Adam Merritt,31,Female,IT,High School,2015-12-12,53000,frivera@harrell.com,+1-784-908-2456x09432
781799ff,Tina Walter,64,Female,Marketing,Master,2021-07-01,48000,fowleranthony@morris.com,1302239354
e7e646c7,Michelle Harris,53,Male,finance,PhD,2021-06-12,80000,jodi73@yahoo.com,3571338447
3735262d,Michael Richmond,24,Other,hr,Bachelor,2020-11-04,86000,justin59@gmail.com,(781)219-6573
f0b2a5d1,Michael Patrick,36,Male,Marketing,,2025-02-05,94000,kevin24@martinez-sandoval.info,(154)960-6607x664
6c5a6c93,Amanda Hart DVM,23,Male,IT,Bachelor,2018-08-03,70000,jacobyoung@hampton.com,124.346.8348x5497
3cd5fd7f,Michele Conner,43,Other,Finance,Master,2025-07-28,107000,nathanmoody@richardson.org,157-980-0583x26973
3d0a5f0c,Natalie Mitchell,20,Other,Sales,Master,2024-08-05,104000,kbright@lopez.com,(063)017-9821x0959
9f708368,Jacob Hoover,28,Other,Marketing,Bachelor,2024-01-15,26000,ugallagher@hotmail.com,(783)328-5968
d6312a80,Jacqueline Winters,48,Female,,,2025-02-14,69000,kimberlybuchanan@gmail.com,451.161.0651
893ad232,Kimberly Flores,63,Other,Admin,Diploma,2017-07-14,59000,lwright@yahoo.com,138-222-6293x65883
93364f7e,Jennifer Carpenter,23,Other,Operations,Diploma,2018-03-13,49000,biancahess@hotmail.com,996-052-0488x252
4a90cd0c,William Saunders,51,Other,It,PhD,2016-11-22,33000,abruce@carroll.org,(791)388-5158x6940
5a5226e6,Michael Preston,,Male,Finance,Bachelor,2020-08-05,57000,sarah00@hotmail.com,+1-487-188-2991x780
2ff3cde4,Jennifer Ali,36,Male,IT,Bachelor,2023-10-21,101000,wendy07@hotmail.com,001-766-154-5806x18700
8603156a,David Taylor,50,Female,finance,,2020-02-22,31000,nmoore@mayo.com,365-122-0163
f4124360,Maria Hayes,29,Male,hr,Bachelor,2024-12-25,78000,tsalazar@norris.biz,(769)136-4725x985
c9525185,Melanie Preston,39,Female,hr,,2020-07-25,114000,shanemoore@yahoo.com,(842)122-8985x3541
0534a101,Thomas Mcgrath,44,Male,Sales,Bachelor,2023-05-27,33000,alfredhowell@hotmail.com,301-942-6736x325
0b251279,Glenn Chen,43,Other,IT,Master,2020-12-27,80000,ronald11@ramos-harris.net,531-043-0804
5f90bed6,Sarah Berry,40,Male,Finance,High School,2022-05-18,102000,joshuawalsh@hotmail.com,310-025-9047x54769
5b6a8102,Rebecca Summers,45,Female,,Bachelor,2015-11-19,109000,glambert@mason.com,713-595-1846
3dba6da8,Rodney Gilmore,31,Male,Operations,High School,2020-10-24,68000,diazjudith@montgomery-woods.biz,001-172-847-1271
1a89b71e, kimberly stone dds  ,51,Other,finance,Diploma,2018-10-08,73000,arthur70@miller-lee.com,+1-927-241-9878x333
c1b5b5ca,Joshua Dunlap,52,Female,It,PhD,2025-09-25,87000,ewest@gmail.com,065.597.6135
5a304528,Melinda French,59,Other,Admin,Diploma,2020-01-07,118000,paul38@harrington-clayton.com,220-227-9617x70012
a48e40f1, gabriel copeland md  ,53,Other,HR,Bachelor,2023-07-21,25000,jeffrey98@gmail.com,+1-085-517-2948
af475b49,Kelly Weiss,,Female,HR,,2017-07-25,68000,tiffany92@miller-kennedy.info,+1-983-311-9896
7a8104de,Gregory Russell,39,Other,finance,Diploma,2023-12-30,118000,harrellronald@knight.com,+1-354-052-5640
2285b2ef,Ashley Bowman,24,Other,Finance,Master,2025-02-11,85000,russelljose@harris.net,001-605-643-2900x8895
f1901b7e, ruben woodard  ,46,Male,finance,High School,2020-02-02,37000,mramos@foster.biz,9157275063
339b77a8,Aaron Leon,35,Other,IT,,2023-11-15,97000,wwatson@hotmail.com,+1-622-982-2505x38653
e2c328aa,Ashley Thomas,23,Other,HR,,2018-11-12,117000,vmueller@yahoo.com,235-848-4209
4f612217,Travis Allen,49,Other,Sales,Bachelor,2017-03-03,38000,cochranlucas@hotmail.com,184-446-2042x457
d0be73ee,Roger Weaver,23,Other,IT,Master,2020-04-05,37000,imccullough@yahoo.com,+1-972-731-3921x1808
095ffa81,Robert Johnson,56,Female,HR,High School,2023-02-10,54000,benjamin58@mendez.net,001-293-807-4385x72903
493e904d,Bryan Lopez,21,Male,,Master,2017-02-18,52000,allison23@yahoo.com,(165)155-6733
0c3ce284,Andrea King,41,Other,It,Diploma,2023-08-04,50000,katelyn72@gmail.com,610.727.7876x597
45f18619,Jennifer Howard,55,Other,Operations,Bachelor,2018-12-01,108000,keithwilson@miller-brown.info,246.057.0502
6fdc0bad,Michael Evans,55,Female,hr,,2024-04-15,32000,darylgray@hotmail.com,001-119-250-5836x825
7092947d,Daniel Patterson,28,Other,IT,,2021-07-07,43000,hmiranda@cooper.biz,001-170-245-5267x46934
56cb1ab0,Karen Mendez,28,Female,hr,Diploma,2024-11-27,81000,halljustin@hotmail.com,322-283-7213x0273
b12b6680,John Johnson,37,Male,hr,,2016-08-09,102000,walvarado@gmail.com,(204)484-0004
cc1b4157,Andre Haynes,35,Male,HR,PhD,2020-06-01,111000,savagelarry@turner.com,(344)462-2792x817
15260718,Janet Ryan,39,Other,IT,Bachelor,2021-08-27,72000,kjohnson@maldonado.org,(724)334-7720
6e3c4532,Michael Oliver,32,Other,Operations,Diploma,2018-04-02,80000,martinbanks@hotmail.com,844-376-2825x599
2e326567,Wesley Henry,27,Other,,Bachelor,2018-11-17,39000,kristinalong@robinson.com,848-275-9655x9876
1a43db54,Andrew Freeman,64,Female,Marketing,High School,2023-01-04,98000,mark81@yahoo.com,001-941-300-8710x62359
4baf0f5e,Karen Stephens,,Other,Sales,Bachelor,2023-05-22,31000,joebrown@pitts-contreras.com,+1-169-318-2446x4956
b7b8c1a5,Nathaniel Baldwin,63,Other,hr,Bachelor,2023-01-29,90000,pmorales@hotmail.com,001-656-602-0762x451
71a3fad2,Jordan Curry,31,Male,Operations,High School,2024-05-13,42000,blairjordan@vargas.net,096.127.3485
ba108217,William Johnson,22,Other,Admin,Diploma,2024-08-14,90000,jacqueline88@butler.com,949.418.4426x5495
9d66e815,Richard Bond,,Male,Admin,Bachelor,2023-07-17,59000,mcdanielnicholas@hotmail.com,705.754.9415
a3b442bd,Jason Smith,58,Other,Marketing,Master,2025-01-06,112000,cunninghamwayne@yahoo.com,744.915.0222x95185
0eaf04b5,Scott Norman,50,Male,Marketing,Bachelor,2024-09-22,83000,jimenezalexander@mason.biz,+1-897-681-1655x08914
67fd64c4,Jill Shaw,52,Other,Marketing,Diploma,2023-08-23,59000,patriciahall@gardner.com,+1-087-699-1574x800
bff9507d,Michael Price,46,Male,It,,2023-10-22,34000,brian64@green-ortiz.com,869-080-2678x2249
07f8d4f0,Martha Williams,49,Female,Sales,High School,2021-06-04,74000,jhall@yahoo.com,9342749784
ad973b67,Melissa Henry,26,Male,Sales,,2020-10-14,103000,crodriguez@watkins-chavez.com,522.815.5156x249
20509c62,Elaine Martin,57,Male,,Diploma,2020-07-17,78000,sarah94@ramirez-johnson.com,+1-372-995-2043x016
a52964ff,Gary Rodriguez,44,Male,hr,PhD,2021-05-27,77000,owensjesse@gmail.com,4263759972
f31046dc,Ryan Gonzalez,52,Other,Finance,,2024-07-09,40000,kim16@english.biz,001-846-858-5760
2747b93c,Mr. Reginald Roman,21,Other,It,Bachelor,2020-03-10,85000,mary47@mosley.com,(057)599-7539x291
5ef787b8,Patricia Williams,30,Other,Admin,Bachelor,2023-06-28,65000,katie52@yahoo.com,+1-819-405-4846
13aec376,Gerald Vega,,Female,HR,High School,2020-10-25,47000,tanya82@hotmail.com,001-529-189-3580x5830
5df06e8c,Crystal Wallace,62,Female,HR,Bachelor,2016-12-23,40000,jessica54@gmail.com,682.054.2602x442
4758367b,Susan Garcia,23,Male,Marketing,Master,2019-10-22,71000,sarahmeyers@williams.biz,001-117-384-9627x436
06a241af,Patrick Potts,48,Female,finance,Master,2020-07-10,107000,morrisonlisa@wallace.biz,+1-485-070-1342
848af440,Jessica Richardson,48,Male,Admin,,2015-11-15,109000,larrythompson@yahoo.com,(355)044-0571
1e2595b8,Alicia Warren,35,Male,Finance,Diploma,2017-10-06,93000,bushtodd@hotmail.com,6208020110
b43bd27f,Madison Rodriguez,41,Male,It,High School,2018-02-12,30000,samuel40@graham.com,125-886-0496x022
9ca3fbb3,Douglas Grant,33,Female,Finance,PhD,2025-09-08,37000,justinnguyen@yahoo.com,092-011-9885x52617
ffa623d0,Austin Baker,55,Other,HR,,2019-06-04,34000,hawkinsdouglas@yahoo.com,(827)026-1259
22bf18f5,Heather Morales,39,Female,finance,Diploma,2022-11-16,35000,clarkjonathan@roy.com,(797)604-0271
2c33350c,Susan Hutchinson,32,Male,Finance,High School,2015-11-09,28000,johnstonmichael@harrell.com,+1-301-008-4952
ff4c96d6,Christopher Hudson,20,Male,Admin,High School,2021-05-20,28000,xmorgan@orr-gordon.com,400-351-8893x45764
f7b217c7,Jill Barajas,29,Female,hr,,2023-03-14,43000,heidigonzales@yahoo.com,001-478-979-2691
aaf78c67,Dennis Jones,57,Male,Operations,Diploma,2018-11-23,77000,peterharris@schwartz.org,616-466-6326
8ccc9cea,Charlene Gutierrez,56,Male,finance,Diploma,2023-07-09,78000,gmoreno@logan.info,(318)829-7876x82458
4cc9f5f2,Crystal Hernandez,52,Female,Finance,Bachelor,2021-06-18,81000,ericortiz@west-le.info,+1-485-166-2635x7548
b5a5f8e6,Michael Smith,56,Female,finance,PhD,2016-11-20,102000,vmacias@hotmail.com,001-452-405-4168x33142
2c913a7c,Richard Rodriguez,52,Female,finance,Master,2025-09-09,113000,kathryn87@mccarthy.com,472-380-3270
3967e60a,Lauren Smith,36,Male,hr,Bachelor,2019-05-09,53000,catherine31@gmail.com,544-027-4124x32058
cac4d0eb,Breanna Mccall,48,Male,Admin,High School,2020-01-27,47000,freed@gmail.com,001-207-904-2661
7e7838c9,Rebecca Lopez,33,Other,It,PhD,2022-03-18,110000,twagner@hotmail.com,+1-367-634-8528x52958
9280c5aa,John Garcia,45,Other,HR,PhD,2020-01-15,96000,jerry67@mason.com,3120132796
fba6abf7,Mark Weaver,52,Female,hr,Diploma,2024-07-29,26000,wintersjennifer@gmail.com,559.652.1177x80028
e25df9a8,Brianna Martinez,56,Other,Finance,PhD,2016-04-06,71000,acole@sanchez-williams.com,059-390-3064
65edcfe3,Shannon Jones,51,Male,Marketing,,2017-09-07,94000,jamespena@pugh.com,001-167-021-4929x078
7a89cbeb,Victoria Knight,42,Other,hr,PhD,2018-05-28,45000,aramirez@gmail.com,401.077.2502
68d0a2a8,Paul Franco,33,Male,Marketing,High School,2020-07-17,37000,dtaylor@savage.net,098-593-0608
20156a72,Darin Baker,48,Female,IT,,2024-10-12,71000,charlesgomez@hotmail.com,382-913-5394x118
12fc7a87,Jeffrey Harrell,60,Female,HR,,2020-09-02,52000,gstephens@washington-green.com,001-727-429-3317x56136
8471b4b0,Alyssa Powers,35,Male,Admin,Bachelor,2020-10-23,73000,smithnicholas@yahoo.com,115.969.5549
d43cdd6d,Jeanette Obrien,23,Other,Operations,PhD,2023-12-10,103000,pmathis@james.com,+1-178-088-5576x34162
96792482,Nicole Anderson,47,Female,finance,Diploma,2019-12-04,33000,lisacollins@yahoo.com,(316)402-3739x304
21084dd9,Rachel Oneal,22,Female,Marketing,Bachelor,2022-12-23,94000,sarahhaley@little.com,(741)298-6037x790
de431e06,Nicole Moore,28,Other,Operations,Diploma,2021-09-29,112000,benderkimberly@yahoo.com,425-317-0277x72178
84a2576c,Donna Mejia,35,Other,Operations,PhD,2022-09-22,50000,dmartinez@roberts.org,+1-728-782-6500
2976aab2,Andre Jones,28,Male,Marketing,Bachelor,2017-10-27,102000,fosterjenna@hotmail.com,+1-312-354-8366x2539
39b86bb2,Steven Thomas,35,Other,Operations,PhD,2016-12-27,119000,elliottcheryl@gomez.biz,(718)323-9530x2155
84d67c4f,Jaclyn Long,38,Other,finance,High School,2021-12-04,51000,brandon83@yahoo.com,001-522-393-1591
143029a9,Robert Stark,42,Other,It,Bachelor,2022-10-08,32000,zhawkins@cantu.com,5185079722
f4d375c1,Joseph Murphy,23,Male,,Diploma,2025-03-25,94000,brianjennings@yahoo.com,108.918.8708x98500
a0017720,Travis Dixon,52,Male,IT,High School,2022-08-22,103000,karen90@harvey.com,3889113203
17eaec83,Seth Barker,24,Female,Marketing,Master,2018-02-11,49000,petersonkrystal@myers.com,(096)033-7496x1269
9780c215,Tammy Jacobs,20,Male,finance,Diploma,2018-01-19,104000,travis85@cole.net,7280793446
2bd3cdcd, laura harrison  ,31,Female,HR,PhD,2019-11-19,110000,hallsteven@wilson.org,+1-690-910-2319x379
e6e987ca,John Peterson,61,Other,Marketing,Diploma,2016-11-08,31000,derekchavez@thompson.com,001-804-460-0791x9492
ec86a890,Lynn King,61,Female,It,Master,2023-09-19,25000,andreasampson@yahoo.com,592.027.3049
dd20c3bf,Devon Roberts,29,Female,finance,Diploma,2016-04-12,118000,kelly18@hotmail.com,001-978-055-0144x30111
f2d3f761,Emily Bullock,41,Other,finance,High School,2022-12-04,80000,michael47@hotmail.com,+1-670-512-1075x3535
43c07d43,Kylie Bailey,34,Female,hr,,2021-07-03,75000,alvarezcrystal@thompson.com,001-423-653-7558x49128
92779574,Roger Holmes,49,Male,,Diploma,2020-02-03,81000,hbenitez@gmail.com,(642)491-4859
07c0d116,Dennis Coleman,29,Male,It,Bachelor,2024-08-14,119000,michael50@yahoo.com,(189)465-8547x3989
8baaf744,Patricia Zamora,34,Male,Marketing,Master,2016-04-25,116000,amberward@gmail.com,016.127.9242
4d560a3d,Randy Phillips,26,Male,Admin,Diploma,2021-03-06,26000,ncosta@hotmail.com,(281)150-7168x9232
ceae71cf,Heather Daniels,22,Female,finance,Master,2019-10-01,31000,darrellclarke@mccoy.com,001-171-146-7530x15705
741b77f5,Robert Perkins,58,Female,IT,,2017-07-15,82000,campbelljason@gmail.com,(701)430-2767x991
2877f5d9,Nathaniel Walter,22,Other,hr,High School,2022-03-30,25000,qcarpenter@gmail.com,+1-824-404-2832x42009
76e5ae78,Christine Tyler,43,Female,finance,Bachelor,2016-05-25,118000,millerrichard@tanner.com,410-842-9796x76426
24c778a5,Catherine Holland,21,Female,Marketing,PhD,2018-01-12,85000,jacob62@pacheco.com,331.325.6212
51beb80e,David Washington III,50,Female,Finance,Diploma,2018-01-08,72000,fritzjulia@hodges.com,+1-741-405-5162x9772
586a346a,Kimberly Thomas,21,Other,finance,High School,2023-06-13,43000,graykelly@ashley.info,+1-161-693-4961x746
c2baf0e0,Dawn Levy,45,Male,Sales,Master,2020-11-23,52000,ymartinez@phillips.com,878-207-9520x757
1b2ededb,Victoria Smith,47,Female,Finance,,2019-11-27,40000,munozdana@yahoo.com,4648371530
1f5d988f,Timothy Reilly,50,Other,finance,Master,2020-01-08,97000,harperjenna@skinner.biz,763.174.8167
24108e9a,William Silva,37,Other,Operations,,2016-09-12,45000,danamoore@yahoo.com,312-182-7259x673
f204be89,Keith Gonzalez,39,Other,It,,2019-06-05,29000,carly17@allen-white.com,753-178-4164x7560
6b0ae0e3,Jeffrey Holden,23,Male,finance,High School,2023-04-15,85000,hernandezjacob@logan.com,+1-157-541-5796x142
e6fdd7af,Karen Hughes,36,Female,HR,Diploma,2018-10-19,54000,bnguyen@gmail.com,+1-234-282-0978
ef0a573d,Christopher Ward,46,Other,Operations,PhD,2024-03-03,85000,bianca35@alexander-roberts.com,622.353.4221x32868
3098f7b2,Amy Boone,60,Male,Marketing,Diploma,2016-12-11,35000,thomas75@hernandez.info,973.259.8960x9939
fef7d9ea,Joshua Adams,40,Other,IT,Bachelor,2024-12-07,35000,frank15@hotmail.com,758-598-9344x3280
e10b1a47,Tammy Mcdaniel,39,Other,Finance,Diploma,2022-11-03,86000,moralesjessica@gmail.com,001-194-094-5177x90171
170d7507,Steven Knight,24,Other,Admin,,2018-07-22,39000,uarellano@davis.com,(489)495-0536x236
750d112e,George Weber,,Other,hr,,2020-08-20,48000,moorejacqueline@hotmail.com,+1-076-826-3740x68596
95560a2d,Jeffrey Hall,23,Other,IT,Bachelor,2020-11-15,45000,olivia67@gmail.com,652-157-2489x566
4806f804,Laura Adams,59,Male,Operations,Master,2023-07-27,114000,scottleblanc@huang-dyer.com,464-398-9979x30700
d7c4fe9c,Sara Hernandez,30,Female,hr,,2021-10-16,111000,flemingrichard@collins-raymond.com,666-052-2612x471
4926ce5f,Emily Robinson,44,Female,Finance,Bachelor,2022-12-01,99000,ayang@gmail.com,052.064.0919
1b84edc3,Samantha Harris,64,Female,Admin,,2018-12-31,41000,orozcodebra@gmail.com,+1-170-669-3548x9102
43b47ee5,Tiffany Davis,52,Female,Sales,PhD,2016-11-12,68000,fandrade@yahoo.com,001-114-091-5581x673
673ba8bd,Veronica Nelson,32,Male,Sales,,2017-08-03,103000,pgarcia@wilson.com,339.970.4983x56327
0d18ab95,Mr. Ryan Walker,44,Male,It,High School,2018-01-05,91000,amandavincent@hotmail.com,036.193.2887x5257
5cce5ba9,Christopher Thompson,63,Male,Admin,Bachelor,2017-02-06,35000,pmartin@harrison-james.biz,(875)264-3797x97525
62e7c1a6,Brian Allen,45,Other,hr,Diploma,2019-05-15,72000,johnsonashley@hotmail.com,217-191-6849x5982
8cc36f3b,Kevin Greene,27,Other,Marketing,Bachelor,2025-01-17,56000,melissa60@hotmail.com,001-634-945-9053x7549
9f8cc29f,Daniel Garcia,44,Other,hr,Master,2016-01-17,109000,melissajones@yahoo.com,+1-049-511-4101x089
20f0156a, micheal ramos  ,40,Female,It,,2024-02-29,86000,josephbarker@yahoo.com,001-872-690-5947x1373
5f89ed12,Janice Gilbert,48,Other,finance,Bachelor,2025-01-23,41000,kingyolanda@rich-hopkins.biz,001-266-695-9818
8ece1128,Joshua Nelson,61,Female,hr,PhD,2018-12-18,77000,renee82@perez.biz,703.947.3125
24eeb4a6,Katherine Clarke,35,Other,Marketing,Bachelor,2025-04-14,50000,juliahogan@yahoo.com,970-751-4976x740
66c14dca,Erica Porter,44,Female,IT,PhD,2024-02-09,106000,hbrown@hotmail.com,2867416073
09f64405,Sara Obrien,54,Other,Finance,,2024-12-23,101000,burtonmatthew@gmail.com,001-198-504-7882x55661
cdd0b4d4,Michael Burke,,Other,hr,Diploma,2016-08-10,48000,samantha66@thomas-bruce.info,(824)082-8727
2620f9a9,Jamie French,26,Male,Finance,,2022-07-10,57000,mscott@gmail.com,+1-406-470-8870x4491
23c8afdb,Ernest Sullivan,53,Other,Operations,Master,2022-11-18,111000,rgoodwin@sparks.com,+1-607-302-7587x9432
518b2f21,Earl Hall,33,Other,Sales,High School,2017-02-13,83000,davisnicole@yahoo.com,001-050-009-4365x9607
9dd2f9de,Julie Johnson,40,Male,Sales,Diploma,2021-03-23,77000,darleneroberts@newton-clarke.com,454-223-3606x94347
97fe56c5,Dana Wolfe,32,Female,Marketing,Diploma,2020-11-18,110000,rdaniels@fowler.biz,(969)321-5299
827c9f8c,Robert Price,44,Male,Operations,High School,2021-09-12,28000,dadkins@gmail.com,(961)708-8548x188
901bcdef,James Henry,46,Male,Sales,Bachelor,2024-06-27,59000,hillheather@walters-rasmussen.com,(649)094-1254
044251db,Susan Davis,41,Female,It,,2021-06-08,77000,mary33@yahoo.com,246.330.3458x4094
1c0f0bdc,Darryl Richardson,32,Other,Marketing,Bachelor,2024-07-15,111000,valerie97@reynolds.info,089.436.6647
4ec3f970,Karen Jackson DVM,42,Female,hr,Bachelor,2022-08-17,59000,ortegawayne@moore-bean.com,+1-054-719-9613x06957
df41e335,Linda Patrick,20,Other,Operations,,2022-03-17,92000,urobles@king.org,001-071-308-0287x852
98cf1188,Veronica Diaz,63,Other,It,Master,2019-09-28,62000,vsmith@holmes.biz,244.069.5351x7171
a7d4cf50,Ann Moon,44,Female,finance,Diploma,2021-10-25,93000,dawn95@gmail.com,882-213-1723
9416e4dc,Michael Williams,32,Male,finance,PhD,2023-03-02,27000,jennifer50@bell.com,(132)800-0195x9408
0d259caa,Timothy Chavez,25,Female,finance,High School,2021-05-07,97000,yblair@yahoo.com,+1-749-503-3467x0577
86341718,Scott Ramirez,21,Other,IT,Diploma,2020-11-04,88000,vshah@obrien.biz,641.402.2695
c64c9647,Crystal Collins,41,Female,finance,Bachelor,2017-02-27,108000,carlsonmichelle@burnett.biz,(209)484-6180x28823
d25864f2,Crystal Davis,64,Female,Operations,High School,2024-09-11,63000,nhunt@dixon.com,001-884-377-2118
9293f705,Matthew Mueller,61,Other,HR,PhD,2016-04-15,60000,christophermartinez@hotmail.com,185.175.3097
30d73df7,Teresa Thompson,63,Male,Sales,Diploma,2018-08-11,90000,vzuniga@taylor.com,(048)681-8204
6b352f85,Teresa Jacobson,36,Female,finance,Diploma,2025-03-04,54000,stephanielopez@tucker-taylor.com,292-506-9832
34323ec6,Robert Gonzalez,56,Other,Operations,Master,2024-09-07,114000,sherri61@thompson-stevens.com,445-686-3146
9c89d374,Andrea Garcia,53,Other,It,Diploma,2018-10-17,104000,lopezkylie@yahoo.com,+1-704-115-1669
d92f3c1e,Cassandra Martinez,33,Female,,Diploma,2021-07-23,110000,douglasstewart@yahoo.com,539-218-1124x64880
b4adaf89,Philip Cummings,43,Male,It,PhD,2018-03-04,100000,lroy@lowe.com,889.907.0773x098
8f964685, timothy sanchez  ,55,Female,hr,PhD,2017-02-03,70000,jacob79@kemp.com,922.282.1021
7a768555,Scott Miranda,46,Male,It,High School,2018-09-18,50000,tjones@hotmail.com,(234)841-7193x225
f4e95734,Alicia Wagner,28,Male,IT,Bachelor,2024-09-13,74000,matthewmadden@hotmail.com,177.918.5064x197
887b03e5,Chad Williams,57,Male,Finance,PhD,2024-12-28,43000,elizabethbradford@yahoo.com,001-732-036-0714x987
ad05b912,Carlos Hensley,35,Male,Marketing,High School,2022-04-14,36000,boyerautumn@norris-stevenson.net,3784457676
ae455cc6,Laura Ramirez,57,Female,,Diploma,2023-03-01,86000,tfranklin@hotmail.com,+1-314-131-9299x32239
43ad3d62,Christopher Rodriguez,40,Other,It,High School,2025-09-25,67000,yphillips@freeman.org,780-005-0671x5663
f5141058,Mark Webster,44,Other,,High School,2016-07-03,47000,hhernandez@hotmail.com,(856)880-1099x9734
4c6a70f4,James Smith,62,Other,IT,High School,2021-03-06,26000,ywoodward@anderson.com,+1-290-450-5732
fb756923,Robert Byrd,43,Other,Marketing,,2020-06-08,33000,dale13@clark.com,001-663-056-2597x2237
b4746349,Joshua Powell,35,Other,IT,High School,2022-06-09,88000,thompsonjorge@hotmail.com,9144288458
7d2f4e58,Tonya Harding,31,Other,finance,PhD,2024-09-30,72000,jennifer12@gmail.com,160.496.0913
8f7c1d59,Larry Higgins,38,Female,Finance,,2021-01-28,81000,howardchase@grant.net,077.262.9287
b8beff3d,Nicole Mills,43,Male,Marketing,Bachelor,2018-10-15,100000,xbrown@hotmail.com,(045)328-2485x802
92cf6021,Jonathan Porter,22,Other,Operations,High School,2024-12-06,101000,brendabass@gmail.com,001-576-998-5893x972
e5508ea2,Christine Greene,28,Female,It,Master,2024-05-01,25000,riggstheresa@hotmail.com,(108)966-4172x885
585abefb,Edwin Munoz,21,Other,It,Diploma,2018-06-17,89000,timothyjackson@gmail.com,+1-518-955-3945x34523
257f7595,James Brooks,59,Other,Sales,Diploma,2024-11-10,54000,vcabrera@lopez.com,521.461.1105x59794
f48f709c,Craig Smith,63,Male,IT,,2020-09-03,91000,gjones@hall.com,(234)132-4262
ec8be537,Mark Thomas,36,Male,Finance,Diploma,2023-06-10,106000,ambergonzalez@hotmail.com,989.365.1956x54560
bf519362,Rachel Curry,54,Male,hr,Diploma,2016-05-30,60000,zbarron@gmail.com,566.197.3996
d3f4a49b,Elizabeth Sanchez,40,Other,HR,,2021-05-21,96000,walkerjason@lambert.com,176-570-7794x912
8fe069b6,Darren Gonzales,52,Other,hr,Diploma,2018-06-03,47000,kevindiaz@yahoo.com,0325866370
1bf645f6,Mr. John Khan,26,Other,HR,High School,2016-07-22,100000,achase@flores.com,(169)870-9126
3d4196fe,Jason Williams,58,Male,Admin,Bachelor,2019-12-05,67000,melissastark@hotmail.com,(717)382-3379x71302
e7ba26ac,Stephanie Livingston,62,Female,Operations,,2017-02-23,117000,maxwellanthony@shepherd.net,+1-715-133-2690x1873
3b9b2d45,Anthony Marshall,37,Other,Admin,Master,2019-07-19,106000,shafferderek@hotmail.com,(376)274-2086x00219
548e1f6b,Matthew Hamilton,60,Other,IT,,2018-08-26,64000,jolson@gmail.com,241-644-7968
ae62990c,Heather Hunt,59,Other,IT,PhD,2024-12-28,97000,odoyle@yahoo.com,+1-248-932-3174
f6eab3a0,Timothy Melton,55,Female,It,Master,2025-04-01,74000,ronald41@henson-roman.com,+1-487-415-2031
286ed390,Harold Lee,24,Other,HR,PhD,2023-08-19,65000,griffinallen@butler-snow.com,754-880-6174x7383
e1721c83,Carol Gay,44,Female,Marketing,,2017-05-08,101000,kathyhall@gmail.com,001-669-471-8344x9985
a689b424,Michael Nelson,52,Other,Finance,PhD,2018-08-26,63000,gterry@cook.com,(472)553-6555x6059
4988e418,Daniel Meyer,63,Female,finance,Master,2019-05-14,71000,jessicarandall@yahoo.com,001-233-892-5169x13068
0f25477d,Jamie Lindsey,24,Other,,High School,2018-07-06,107000,tonydean@smith-gould.info,129.285.0341
a6fd0cb1,Marc Mitchell,55,Male,IT,,2016-02-01,27000,perrylisa@taylor.com,590.706.7151
bd1a8f4b,Jose Martinez,51,Male,Admin,,2019-05-04,83000,woodslindsay@white-nelson.com,258-621-7008x78132
098c60b3,John Gallagher,40,Male,Admin,Diploma,2023-02-28,62000,ryan47@hernandez.com,+1-911-118-2798x405
6afa828c,Richard Chandler,39,Male,hr,,2022-04-17,28000,mary99@gmail.com,+1-827-345-9986x5989
ef158d5b,Andrea Donaldson,24,Other,Operations,,2024-09-11,119000,patrickherman@yahoo.com,+1-920-858-2455
d61169a1,Jamie Guerrero,24,Male,HR,High School,2023-03-24,29000,andrewcole@knox.com,3163073359
2fb21e66,Nathan Adams,22,Female,,Diploma,2020-10-13,37000,qdunn@hotmail.com,001-985-751-2253x7698
df4e713e,Thomas Davis,48,Male,HR,Bachelor,2017-12-15,93000,leehester@smith-good.com,828-241-0420x7101
0997623a,James Williams,29,Male,IT,PhD,2023-04-30,101000,joshua65@hotmail.com,001-563-391-8075x7644
9a4ffc0c,Troy Lee,48,Male,It,Master,2023-12-22,35000,hollowayseth@yahoo.com,+1-322-933-0742x328
55c551fc,Jennifer Mckenzie,49,Other,Sales,Bachelor,2025-01-27,85000,bookerjorge@ward.com,+1-310-498-8069x440
a42d0cd7,Joshua Scott,42,Male,,Diploma,2022-06-03,50000,rwashington@gmail.com,(372)136-6159x28224
e3a68a70,April Jones,27,Female,hr,High School,2018-02-12,77000,wilsonphillip@lindsey-guzman.org,001-638-256-9716
811414f8,Deborah Webb,21,Male,Admin,Master,2023-01-27,113000,middletonandrew@henson.com,+1-917-554-1330x815
cf0e6d2b,John Zavala,49,Male,hr,PhD,2025-01-05,35000,baileycrystal@gmail.com,+1-113-001-0589x91144
bb2aa146,Katherine Miller,58,Male,It,,2021-07-19,31000,esmith@yahoo.com,424.941.5613
b7f60cdf,Steven Jensen,55,Female,IT,,2018-12-19,97000,hhoward@yahoo.com,(466)390-7387x565
564cfbd2,Sarah Sosa,54,Male,Sales,Bachelor,2023-10-25,39000,smithpamela@johnson.biz,+1-619-112-9490x40127
aca58d95,Justin Small,42,Female,finance,PhD,2018-04-01,75000,johnathan76@hotmail.com,(419)750-2887
9c678393,Erin Ortega,49,Female,,Diploma,2024-10-20,49000,jessica87@jackson-sullivan.com,381.745.4985
67ce378f,Mary Conley,24,Male,HR,PhD,2023-09-03,31000,randy25@henderson-miller.com,(275)777-7832x18673
53f30073,Melanie Drake,20,Female,,High School,2022-03-30,68000,vmorrison@davis.com,726.568.3720
186b2880,Danielle Briggs,38,Other,Admin,Bachelor,2016-04-17,116000,sparkspatrick@maldonado.com,4516559151
7a3a6e96,Dillon Case,46,Male,HR,Bachelor,2019-12-09,107000,ashlee90@allen-morgan.com,827.335.0214x2172
01bf9e73,William Esparza,29,Male,finance,High School,2018-05-06,104000,parsonsjonathan@hotmail.com,998-982-3722
725d4259,Kevin Solis,22,Female,finance,PhD,2015-11-28,42000,timothy76@gmail.com,282-344-2907x122
546252e7,Roger Peters,33,Female,Operations,High School,2024-05-28,40000,vazquezpatricia@haynes.org,001-302-530-0723x2484
92a81713,Colleen Blanchard,24,Male,HR,Master,2024-01-07,88000,kruiz@yahoo.com,440-513-7488x705
5c0b9b10,Christian Garcia,48,Other,Finance,High School,2023-06-08,52000,ggarcia@yahoo.com,480-057-2529x44930
aaf407f7,Heidi Newton,56,Female,Sales,PhD,2025-05-06,37000,noah64@yahoo.com,001-982-332-1532
28e333b6,Gary Miller,20,Female,Finance,High School,2019-08-27,40000,felicia18@lopez.com,233.201.8616x26456
ec50ace4,John Hebert,33,Other,finance,Diploma,2020-05-15,36000,rchen@vega.org,9807872113
c5144d98,Erik Small,29,Other,HR,,2023-03-31,116000,ugoodman@davis.com,+1-847-040-2274x9300
a38295d3,Robert Moore,26,Male,Operations,High School,2017-02-28,114000,smallautumn@yahoo.com,001-382-955-3631x5737
5e175b66,Andre Pace,44,Other,,,2015-12-04,86000,melissa84@yahoo.com,3885772603
f5159494,David Koch,63,Male,,High School,2022-09-20,56000,dawnroberts@cameron.info,360.635.9999
74797b61,Tyler Chapman MD,62,Other,,PhD,2018-11-23,52000,osanders@trujillo.org,6702317508
5fa5e0aa,Donna Bishop,23,Female,It,Master,2024-12-07,60000,shawnwilliams@gmail.com,053-521-6229
e9ad0e9b,Christopher Murphy,24,Male,Operations,Master,2019-09-02,106000,michaelhart@hotmail.com,(522)119-8644x71334
cd4f8b2b,Bradley Miller,44,Male,It,,2019-07-29,69000,hendersonmelanie@hotmail.com,812-916-8606
c3093b6e,Alejandra Fernandez,22,Male,IT,PhD,2020-04-28,47000,scott76@yahoo.com,(536)138-1848
98874bfe,Brandon Cordova PhD,37,Other,HR,PhD,2021-09-13,37000,holtchristopher@gmail.com,867.771.1090x933
86879aa9,Wendy Smith,38,Female,Finance,PhD,2022-01-24,28000,frank42@ray-wong.com,+1-207-625-7316x9562
5c9deee0,Casey Terrell,51,Male,Sales,Diploma,2023-12-21,76000,lgraham@bruce-bradford.net,+1-591-691-5820
1cb9b73a, michael serrano  ,38,Male,finance,Bachelor,2019-12-06,111000,cwalton@yahoo.com,+1-100-366-7580x827
e723ada3,Kenneth Williams,30,Male,Sales,High School,2021-08-14,118000,fullermegan@gross-lewis.org,377.997.9315
89628f6e,Erin Williams,,Male,finance,PhD,2023-01-13,53000,twilliams@yahoo.com,936.574.8586x85873
dabf984e,Virginia Mendez,44,Female,HR,PhD,2018-10-01,83000,hchurch@yahoo.com,+1-257-443-3872x3414
ae27d432,Cheryl Jackson,32,Other,HR,PhD,2019-01-30,96000,linda70@costa.com,(939)911-9686
7d23d479,Wyatt Rodriguez,56,Female,hr,Master,2017-12-29,114000,miguel44@campbell.org,(113)759-6488
720b274b,Lisa Fox,55,Male,Finance,PhD,2023-07-04,51000,iburnett@yahoo.com,206.797.2384x281
21c71aa3,Diane Brown,29,Female,Admin,High School,2024-04-20,49000,tracydodson@yahoo.com,269.549.0010x38012
905c7bdd,Debbie Schneider,54,Male,finance,PhD,2016-06-03,41000,matthew57@yahoo.com,924-463-3029
ac3a812f,Anne Obrien,31,Other,Marketing,High School,2016-10-01,59000,johnmorgan@yahoo.com,399.599.2740x339
0592bfa5,Amanda Phelps,61,Other,Admin,Diploma,2020-02-18,31000,ericksontonya@key.com,(132)839-0684
00c59f30,Melissa Patrick,21,Other,,Bachelor,2021-06-04,41000,umartin@anderson-weber.com,0515639351
12b2102d,Jordan Carter,51,Male,Sales,Master,2019-06-04,107000,rarmstrong@hotmail.com,039.949.2013
b34c6c73,Jennifer Roman,24,Female,HR,High School,2021-07-30,81000,arroyoangela@yahoo.com,001-303-422-8995x18243
0f6ce9bf,William Parker,28,Other,Marketing,,2024-10-29,55000,bmontoya@ortiz.org,(565)094-8464
fc737d92,David Hernandez,23,Male,finance,Diploma,2021-11-11,116000,kimberlygraham@baker-thompson.org,001-556-990-3365x45315
497ec6d1,Bobby Matthews,41,Male,IT,Bachelor,2025-09-25,72000,heatherwilliams@yahoo.com,434.797.5643x2733
22ab7752,Brian Cole,28,Female,finance,Bachelor,2023-10-17,71000,reynoldsjeffrey@yahoo.com,(999)604-3206
bab2b77d,Benjamin Townsend,62,Other,Sales,Bachelor,2019-07-07,105000,donald71@yahoo.com,121-704-3796
5fdcabbf,Lauren Higgins,20,Male,finance,High School,2016-11-01,94000,willisperry@hotmail.com,001-508-433-7241x74909
72d35458,Bryan Newman,31,Female,finance,Diploma,2017-12-09,88000,andrew72@yahoo.com,827.698.1716x420
60a399d4,Kristen Matthews,58,Other,Operations,PhD,2023-08-31,115000,barry69@bailey.info,+1-743-751-7778x4251
f6d22a7b,Christine Kennedy,20,Female,Finance,,2019-07-21,56000,jweber@brown.com,8165887871
220b9ea9,Christopher Lee,38,Female,Admin,Diploma,2017-12-14,73000,gonzalezkaren@parker.com,967-477-5316
1e5ebe54,Andre Farrell,,Male,IT,Diploma,2018-09-11,27000,jesse69@hotmail.com,(797)066-9995
649f7d88,Cody Jimenez,55,Male,HR,Diploma,2025-03-03,107000,cindy18@davis.org,(154)032-8926x247
fa8dae42,Jennifer Fletcher,27,Male,finance,High School,2021-08-28,59000,wilsonheather@hotmail.com,366-680-2894x61455
c194f97f,Casey Murphy,35,Female,IT,,2023-06-04,118000,csantana@gmail.com,511-755-9583x982
76876c62,Jennifer Edwards,27,Male,hr,High School,2016-03-08,51000,danielsangela@bullock.org,570-956-4629
6c93a791,Lacey Graves,29,Female,finance,,2021-02-09,26000,maddendesiree@gmail.com,(672)308-5544x364
3acb43a3,Richard Best,33,Female,It,,2018-07-30,29000,annabullock@haney.biz,937-479-0887x688
27b608dc,John Mcneil,42,Male,It,High School,2020-02-17,68000,qlucas@gmail.com,001-384-916-9715x76289
e00da49d,Stephen Allen,56,Other,Operations,,2016-07-05,46000,margaret83@olson.com,806-335-1862x6477
083f64c3,Tina Solomon,53,Other,It,Diploma,2018-05-23,30000,paul77@parker.com,+1-809-367-6617
9d6b9b62,Jennifer Townsend,48,Other,Operations,High School,2021-06-07,84000,aleczavala@sawyer.com,200.231.9390x200
e39836bb,Michelle Mcbride,49,Female,Marketing,,2021-08-15,88000,ejohnston@moore-williams.com,450-162-4440
1139fa12,Aaron Webb,23,Female,,Bachelor,2021-07-18,29000,ericramos@hotmail.com,9037224724
7249f62c,Kathryn Clark,62,Female,Sales,High School,2020-09-27,47000,michelle48@vazquez.biz,(430)569-6058
df495037,Matthew Doyle,32,Male,Admin,Master,2022-10-14,60000,plawrence@hotmail.com,8230067992
0b531932,Kiara Preston,29,Female,hr,High School,2024-08-31,68000,solismelissa@yahoo.com,+1-846-395-5564x22608
8a2db2e6,Lisa Salazar MD,27,Male,Sales,High School,2019-08-05,74000,williamcastillo@yahoo.com,759-701-1908
c6ac1b04,Rebecca Gibson,52,Male,It,High School,2025-08-24,111000,williamsandrew@yahoo.com,4794905158
fe54ee4b,Kimberly Ryan,30,Other,Sales,,2023-06-15,68000,ycline@edwards-davenport.com,888-258-1202x7258
ea98fef8,Amanda Cook,53,Other,Marketing,High School,2023-08-05,86000,todd18@taylor.com,141-689-5065
93d563ae,Mark Conner,53,Other,Operations,Master,2016-06-16,52000,bushalan@gmail.com,313.285.1552x974
d18183d1,Shawn Hickman,,Male,Finance,PhD,2020-10-14,119000,brookeballard@buchanan.info,+1-286-677-1902x3368
e0527739,Lisa Hall,58,Male,IT,High School,2017-07-28,48000,robertkim@carter.com,(878)089-7079
8570b59f,Kevin Cole,40,Male,HR,Bachelor,2017-07-27,33000,anthony93@yahoo.com,720-529-1775x0863
46707cd6,Matthew Williams,47,Female,Finance,Master,2022-11-14,58000,stanleyanthony@ball.com,+1-277-698-4311x240
97777f10,Tanner King,26,Male,Finance,PhD,2023-11-28,78000,oramos@gmail.com,+1-860-436-6899x570
2cd58759,Joseph Williams,29,Other,,,2025-04-16,48000,cbrown@terry.info,118-535-6423x1642
8e4c3ab5,Joann Sanders,59,Other,,High School,2024-12-10,114000,christophertapia@yahoo.com,001-196-346-1087x598
582b91ee,Tyler Lang,55,Male,Finance,PhD,2016-12-22,68000,phamyolanda@gmail.com,(078)638-1240x5792
61935990,Robert Payne,32,Male,Operations,Bachelor,2021-12-02,119000,thorntonisabel@lewis-lewis.org,(824)837-5160x6140
b2414482,Jonathan Cisneros,48,Other,Sales,Master,2025-09-24,35000,millernicole@gmail.com,+1-351-957-3009x74652
4cc57e0d,Margaret Torres,53,Male,IT,Master,2022-12-20,27000,ariel62@wilcox.org,834-831-1450x645
89b5aab0,Amber Zhang,39,Other,Sales,,2020-08-27,113000,stacybyrd@smith-smith.com,349.569.2401
39b02e2a,Matthew Roberts,55,Female,Sales,,2022-08-07,90000,scook@simmons.com,859.864.6848
24f43c62,David Hays,23,Other,Sales,,2023-08-18,40000,john80@poole-miller.net,8522824874
0ec0713d,Erin Gardner,37,Female,IT,PhD,2019-10-05,96000,fryematthew@shannon.com,+1-323-629-8259x9551
6aa0426d,Michael Miller,32,Male,IT,High School,2024-10-10,116000,armstrongmark@russell.biz,406-840-0067
636f6e5c,Theresa Smith,44,Male,Marketing,Diploma,2022-06-14,88000,laura77@kim.net,+1-471-991-2011x162
548c1d84,Paul Scott,22,Female,Admin,Master,2021-08-22,105000,ehernandez@yahoo.com,205.564.1990x39709
73253aa3,Megan Perry,43,Male,Finance,Diploma,2022-04-07,76000,gary46@sherman-hughes.com,049.221.0561x2199
891f6912,Christina Martin,63,Female,finance,Master,2015-12-22,107000,deleonkathleen@yahoo.com,001-752-547-0788
0d31812e,Timothy Collins,60,Male,Marketing,,2020-11-07,80000,rodgerserik@yahoo.com,599.447.2512
9adf4709,Kimberly Jones,43,Other,Marketing,High School,2020-07-15,51000,evansangela@reyes.net,001-120-865-5099x070
12a1fe7d,Dr. Sarah Smith,36,Male,HR,High School,2024-07-23,39000,bradleyemily@gomez-henry.net,943-058-4716
966be275,Richard Bauer,58,Other,finance,Master,2020-04-19,44000,jvasquez@jefferson-nguyen.com,441.513.6124
378e6510,Traci Wilson,26,Other,,PhD,2023-02-19,100000,jessica14@yahoo.com,3601278270
e8334da5,Bryan Miranda,57,Female,HR,,2024-04-18,65000,katie67@smith.com,+1-176-024-0263x568
e8b3d763,Julie Martinez,58,Male,,High School,2019-09-07,77000,lori37@hunt.com,+1-795-529-9100
30a5648e,Diana Miller,32,Female,Admin,High School,2019-04-29,55000,natalie70@yahoo.com,(291)696-7083x2387
bf337a15,Heather Hughes,50,Male,hr,Bachelor,2018-12-27,61000,bryan98@phillips.info,+1-250-834-0017
ea18d32c,Tony Swanson,56,Other,,High School,2018-11-01,93000,gonzalesalex@yahoo.com,4764003816
b42a2d93,Lisa Montes,51,Other,Sales,Bachelor,2016-12-31,61000,jeffrey59@moore-frederick.org,6032612443
3d44cb2c,Wendy Martin,41,Male,,High School,2018-07-29,77000,gjenkins@hotmail.com,749.568.8968
48769153,Joseph Norris,33,Male,It,High School,2020-08-15,83000,john71@johnson-hogan.biz,(734)707-2462
a6129a1c,William Todd,51,Female,finance,PhD,2025-01-22,100000,wattsmonica@todd-rodriguez.net,999-798-9686x20550
5c11ab6d,Gerald Price,43,Male,IT,PhD,2021-06-02,100000,nolanrita@wright.com,(728)236-0835x2339
774c0afa, ashley hunt  ,35,Male,finance,,2021-10-16,70000,ogarcia@yahoo.com,998-627-7028
b8f0188e,Christy Lee,51,Male,Admin,High School,2024-11-23,35000,blloyd@yahoo.com,489.282.3131x9799
51facefa,Patricia Adkins,20,Female,Marketing,,2023-09-18,76000,haileymunoz@gmail.com,001-123-065-5335x174
501ba851,Willie Perez,32,Male,Sales,,2023-03-31,56000,kevinlin@harris-sampson.org,001-646-846-7194
dd34aa18,Susan Snyder,58,Other,hr,,2016-04-17,51000,coxshaun@mcgee.info,143.951.6172x405
0426fcc9,Jasmine Day,58,Female,Admin,,2015-12-24,26000,robertopoole@glover-brown.net,947.723.1333
95831d58,Andrew Chavez,57,Female,Marketing,Master,2022-12-31,105000,gloriawilliams@silva.info,(143)456-4867x1153
4b91b8cb,Henry Huerta,24,Other,Operations,Master,2018-07-20,49000,davisemily@gmail.com,001-573-033-4160
3ae28023,Mariah Perry,24,Other,finance,High School,2019-11-14,77000,dsalinas@hotmail.com,629-070-9501x4275
3ee82983,Tracy Atkins,21,Other,It,Master,2020-04-02,63000,adavis@fernandez.com,(263)540-5701x363
f186e47a,Ryan Wheeler,25,Male,Admin,High School,2021-02-13,89000,kgolden@williams.info,(493)845-7159
c36b9a0a,Audrey Taylor,26,Other,finance,PhD,2025-09-17,91000,rachelho@bell.com,(699)149-8250x46161
b93b17fb,Zachary Swanson MD,60,Male,hr,Diploma,2020-07-18,115000,wnolan@gmail.com,132.714.7118x5630
75f8e3a8,Amanda Conley,33,Female,Marketing,Bachelor,2018-07-08,115000,khernandez@yahoo.com,(906)613-1212x98874
5a2837b2,Eric Short,47,Female,finance,Master,2022-12-22,112000,vbradshaw@gmail.com,(683)516-1234x61192
8bea75c1,Scott Brown,51,Other,IT,Master,2020-06-21,113000,andersonmichael@yahoo.com,(339)309-0658x2283
e3ad64d4,Victor Taylor,48,Male,,PhD,2016-05-04,70000,sarapacheco@hotmail.com,0946348186
f50d7a37,James Hernandez,57,Other,HR,Master,2024-02-08,25000,markhill@trujillo.biz,001-559-616-8914
d6cd3155,Jason Jones,45,Other,hr,High School,2022-10-26,65000,salazarangie@yahoo.com,001-908-899-2120x3082
d1682e09,Angela Parker,54,Male,HR,High School,2016-03-17,57000,ipruitt@fields.com,+1-736-365-6756x96542
01a25ed1,Alexander Zavala,47,Other,Finance,Diploma,2025-03-30,117000,bowmansamuel@fernandez-robertson.com,9582275044
a175a9c3,Michael Kane,56,Female,,Diploma,2021-04-18,44000,avilajoshua@perez.biz,(567)016-2998x85849
26a9e100,Lindsey York,51,Other,hr,Diploma,2019-04-24,67000,yclay@cunningham-sweeney.com,+1-165-849-1441x68605
74bd0c93,Brandon Baker,55,Male,Admin,High School,2016-10-21,110000,cindy04@yahoo.com,(573)499-8503
a3422e50,Stephen White,45,Male,IT,,2017-04-01,25000,reidstacey@hotmail.com,8389244900
e9aa144b,Robert Hall,51,Female,Admin,,2017-12-28,114000,bakeralexis@pena-ray.com,+1-154-221-8432x307
0406ff44,Ryan Pierce,22,Male,Operations,Diploma,2016-08-08,82000,hbaker@gmail.com,874-534-0107x490
694d7b00,Shannon Cain,40,Male,Finance,Diploma,2019-08-20,109000,florescrystal@prince.org,(573)597-2804
b8e19f56,Laura Vaughn,20,Female,IT,High School,2019-12-19,39000,emurphy@gmail.com,(674)649-3251x6499
49646b96,Juan Evans,28,Other,It,PhD,2025-08-06,43000,hector40@moore-martin.com,742.701.8972x39858
b2a6e468,Nicole Williams,23,Female,finance,Master,2024-07-03,49000,umartin@white.com,980.666.5524x885
f090f5a0, jennifer barrett  ,28,Other,finance,Bachelor,2016-04-16,39000,floresmitchell@gmail.com,034.686.7304
eb053fc4,Anthony Jones,51,Female,Sales,,2017-10-18,93000,markking@davis.net,0095365673
3db02235,Leah Rodriguez,56,Other,finance,,2019-11-27,46000,alexander51@gmail.com,292.687.6128x8441
409e7a80,John Ward,31,Female,Marketing,High School,2024-05-20,65000,christopher05@davis.com,253-360-2869x0887
cb80f288,Deborah Garza,49,Other,Finance,High School,2024-04-14,60000,crystal04@hotmail.com,578.735.9446x3428
f5948a54,Rebecca Miller,54,Female,Marketing,Bachelor,2017-05-08,95000,riverabeverly@gmail.com,+1-535-746-2066x52735
3e42df5b,Matthew Carroll,63,Other,,Bachelor,2022-03-12,29000,thomasgraves@mueller.net,001-965-528-9800x176
4ccb2355,Lynn Smith,42,Female,Sales,Diploma,2018-03-31,60000,dperez@hotmail.com,001-666-715-6307
14a34f7f,Michael Jackson,33,Male,Sales,Bachelor,2025-01-22,45000,bradleyedward@thompson-harris.com,001-592-579-7766x8000
a65f7b8a,Sharon Hicks,47,Other,finance,Master,2019-08-10,29000,richardsonjames@gmail.com,(731)372-6512
67c0518b,Abigail Mills MD,26,Female,IT,Master,2020-01-06,55000,hernandezmaria@gmail.com,585-799-2523x40211
79db7862,Paula Lopez,23,Other,,,2021-11-08,40000,tharris@miller.com,+1-906-436-9779x447
b3eda8f1,Amy Clark,47,Other,Operations,Master,2023-01-07,61000,sprice@jordan.biz,+1-749-205-0318x27369
d867888b,Cheryl Rose,22,Female,Finance,Master,2025-02-24,40000,christophertorres@hotmail.com,001-219-167-7108x66947
54ce26be,Jared Garza,30,Other,Finance,Master,2016-09-15,60000,nathan68@gmail.com,+1-380-283-9278x178
f94d8fcb,Donna Wright,63,Female,hr,Diploma,2021-04-02,46000,websterbrandy@gmail.com,001-527-869-0300
eb4d8f42,Belinda Fisher,20,Male,Admin,,2025-02-14,72000,yhaynes@hotmail.com,512-979-9167x1613
e6b9d31a, kathleen levine  ,45,Other,finance,High School,2017-02-01,84000,lwilliamson@rich-norman.com,018.110.7355x2784
9118c400,Corey King,49,Male,hr,,2016-06-13,72000,jamescampbell@allen.net,(127)105-3883x498
ec95b3ac,Cody Davidson,54,Other,Operations,,2024-12-31,84000,stanleypaul@nguyen.com,789.415.6797x808
47c68688,Michael Anderson,54,Other,Sales,,2016-02-02,100000,greenandrew@yahoo.com,(847)625-9967x23346
a879d8f8,Zachary Mcgee,44,Other,HR,Bachelor,2017-10-15,55000,bhickman@turner.com,+1-178-917-7102x0378
d9b59f84,Melinda Anderson,61,Female,Operations,High School,2022-01-10,109000,rojassteven@yahoo.com,(411)894-7471x79938
3508507a,Tyler Andrews,45,Male,Operations,Bachelor,2019-07-08,86000,gharris@gmail.com,684.878.6382x46987
d218c9d6,Michelle Greer,23,Other,IT,Diploma,2019-04-26,30000,tashawashington@hotmail.com,685-513-1277
edcabf94,Brian Clark,38,Female,IT,Diploma,2023-07-29,45000,jamesandrade@elliott.com,152.815.9043
905f9096,Nathaniel Floyd,29,Other,IT,PhD,2020-07-26,108000,steven07@garcia-schwartz.biz,(129)151-6394x5128
d9750f00,Erika Jenkins,28,Female,IT,PhD,2019-03-01,29000,smithwilliam@walter.com,891-308-9817x91159
8a624cbd,Melanie Ramos,58,Other,Admin,Diploma,2021-05-07,84000,rrose@gmail.com,+1-872-483-4306x74167
bd5ff093,Mark Clark,56,Male,finance,Diploma,2022-09-01,37000,kstephens@smith-gray.biz,239-889-1399
b076a7dc,Sergio Hodge,24,Male,It,Bachelor,2023-08-07,39000,tomwilliams@glenn.com,968.878.9972x4372
bed63da0,Katherine Avery,26,Other,Finance,Diploma,2016-02-28,26000,wesley06@hotmail.com,367-523-5637x1089
1901ef87,David Hamilton,41,Female,finance,High School,2017-12-31,32000,kcarlson@mitchell.info,335.613.0852x471
1375ee90,Richard Bass,44,Other,finance,Bachelor,2023-06-15,70000,robinsonblake@gmail.com,001-535-307-7218
9d264599,Kelly Harris,64,Female,Finance,Diploma,2024-02-25,108000,angelica09@sloan.com,163.457.8483x997
f80b2cea,Dustin Campbell,61,Other,IT,Bachelor,2018-08-14,117000,raymondlauren@yahoo.com,135-312-3469x2978
a255e1bb,Randy Kennedy,30,Female,finance,Bachelor,2024-07-02,117000,jonathanmccullough@ryan-hardin.info,701.247.1010
735741e5,Ana Gibson,44,Male,Admin,Master,2023-08-22,65000,gbrown@jones.com,833.311.2979
8d93e14a,Danny Harris,31,Other,IT,PhD,2017-01-02,65000,aadkins@yahoo.com,445.276.9662x428
2f8c83e5,Sara Stuart,58,Male,Admin,Bachelor,2021-03-22,119000,sandra99@reid-torres.com,(376)637-8831
614c721d,John Kim,36,Male,hr,,2022-04-13,46000,wilkinsonjason@hotmail.com,066.712.3786
4b9dfd58,Richard Brewer,43,Other,It,Bachelor,2022-01-09,26000,janice37@martinez.net,+1-943-383-6454
12d15585,William Arnold,51,Other,finance,,2023-02-21,,mitchellpaula@yahoo.com,001-827-395-4816x614
6147adeb,Brianna Adams,58,Female,It,Master,2022-01-23,90000,ofernandez@gmail.com,001-871-082-9682
277eb0aa,David Garcia,61,Female,Marketing,Diploma,2023-09-02,94000,egonzalez@cardenas-dudley.com,+1-245-909-4721x556
5c56d9bc,Kelli Collins,30,Male,Admin,Bachelor,2025-09-09,26000,paul24@yahoo.com,252.588.8582
f165d779,Arthur Krueger,62,Female,hr,Master,2020-10-31,72000,john17@hotmail.com,240-238-1404
c2e79a98,Steven King,54,Female,,High School,2021-10-24,90000,zperez@bell.info,+1-098-731-3312x568
16591c89,Tyler Velazquez,22,Other,,Master,2024-03-19,78000,htaylor@yahoo.com,9634893659
8e969227,Laura Middleton,23,Female,hr,PhD,2021-08-05,27000,tmeyer@king-smith.com,557-017-2785x3987
1a7167c7,Lori Madden,55,Male,Sales,PhD,2025-06-20,54000,acole@yahoo.com,573-641-4928x640
8de1596c,Tyler Murphy,26,Female,Sales,Diploma,2021-08-21,89000,greenehelen@bates.com,810-129-0021
c8d0f9e5,Kristen Bradley,60,Male,IT,,2025-07-01,101000,elizabeth42@yahoo.com,7963669020
0328c136,Corey Rodriguez,46,Other,Sales,Diploma,2022-02-09,87000,lmorales@hotmail.com,109-328-2125x28552
c777a07f,Phillip King,49,Male,,,2022-01-21,54000,mcknightfernando@fisher.com,001-029-813-5283x3882
8f3dc97f,Laurie Fuller,27,Female,Sales,,2016-03-25,86000,veronica41@black.com,+1-557-867-9630
3e245fbf, toni cunningham  ,47,Other,Marketing,,2021-08-17,89000,veronicajensen@gmail.com,(359)886-0000
af70de70,James Weber,32,Female,,,2021-04-25,54000,ericlucas@yahoo.com,4683524150
44d7df9a,Erika Hodge,58,Other,Admin,PhD,2019-11-19,70000,alopez@yahoo.com,652.335.7019x165
255bfc1c,Peter Patel,59,Other,Operations,PhD,2022-05-19,45000,perezrichard@adams-spencer.net,9298065152
46a56fe8,Jeffrey Hart DDS,40,Female,Sales,Bachelor,2018-01-29,97000,tracyhowe@hotmail.com,012.740.1296x764
c85cd714, steven hall  ,29,Female,Sales,PhD,2025-05-19,117000,robertcastillo@hotmail.com,(495)476-7192
f1b88d65,Christine Gutierrez,41,Other,finance,Diploma,2017-03-18,106000,hollandanthony@hotmail.com,(478)221-3258
7eece88d,Angel Becker DVM,,Other,Finance,PhD,2023-05-04,69000,lynngutierrez@wyatt-fields.com,076.129.2706x53661
75366b9f,Chad Rojas,64,Female,Marketing,Diploma,2017-10-01,112000,mitchellkrista@hotmail.com,(112)379-2814
01bb819c,Brent Scott,55,Male,,High School,2020-11-28,81000,williamsdaniel@kelly-wade.com,001-802-298-3587x474
d773f98d,Jennifer Esparza,39,Female,,PhD,2024-07-17,84000,sherri30@gmail.com,001-412-404-3842x88335
dcb9075e,Stacy Orozco,44,Other,It,Diploma,2022-01-01,69000,rdyer@anderson-moss.info,001-115-827-0245x2859
6e3cdd4f, thomas carr  ,64,Female,HR,,2020-09-01,,lindasmith@hotmail.com,(344)633-2111
a6aa59e5,David George,54,Male,Finance,Master,2017-01-23,119000,lorianderson@hotmail.com,+1-470-117-2396x319
4ce953a7,Teresa Allen,41,Female,Sales,,2025-04-24,48000,brianayala@gmail.com,+1-010-762-3785x5671
b1fead13, donald jackson  ,,Other,hr,Bachelor,2019-08-13,84000,jenkinsrandy@hudson-rodriguez.info,(301)674-3021
2d79a2d1,Monica Howe,58,Female,finance,Diploma,2021-09-01,104000,epotter@cervantes.com,001-206-632-6739x58948
51b30182,Willie Flynn PhD,33,Other,It,,2018-07-13,37000,fowlermichael@gmail.com,286.464.1266
a205e54f,Jonathan Perez,39,Other,It,PhD,2021-02-14,68000,gregory76@yahoo.com,059.683.2823
c82f78fd,April Horton,27,Female,Admin,PhD,2018-01-10,100000,marilyn46@taylor-jordan.com,177.736.4933
47c1c017,Nicole Hawkins,27,Other,finance,High School,2022-01-16,62000,teresa47@powers-baker.com,468-175-5795x87806
5d71a898,Patrick Hooper,28,Other,Sales,Master,2018-03-29,89000,moorenathaniel@hotmail.com,(866)096-8507x5663
33261887,Mary Lee,44,Male,HR,Diploma,2016-11-06,55000,jenniferhaas@hotmail.com,+1-623-388-4101
2e0fb5b3,Cynthia Williams,59,Male,Operations,,2023-07-05,119000,michael87@yahoo.com,958.049.5660x356
06e3f949,Ronald Gonzalez,53,Male,,Master,2024-10-22,81000,greenchad@keith-martin.net,001-238-025-5578x179
f166cdcf,Antonio Cole,43,Male,Admin,High School,2024-04-25,79000,brandonatkins@mclean-hill.com,632-951-4674x7023
cc351e4f,Amanda Swanson,44,Other,Finance,Bachelor,2018-08-04,29000,courtneydavies@moyer.com,561.904.2446x241
11b461e9,Holly Sherman,29,Female,Sales,Master,2017-01-23,112000,kimberlyhester@park.biz,(749)748-9958x39604
cb881c32,Sandy Reynolds,56,Other,It,High School,2022-07-05,90000,natalie04@yahoo.com,318.211.8148x50618
23a13e20,Sandra Moore,20,Other,Marketing,Diploma,2021-02-16,105000,josefields@yahoo.com,996.344.0608x824
40afbf3f,Christopher Johnson,25,Other,hr,Bachelor,2017-06-09,73000,yhernandez@hotmail.com,922.297.8309x9179
6c521d13,Ryan Fisher,36,Female,finance,PhD,2016-12-09,61000,curtis06@burton-sparks.com,(293)989-0855
72f60958,Christopher Jones,45,Male,HR,High School,2018-12-12,26000,carlsonscott@carter-thompson.net,277.770.5503
950df1a0,Jeffrey Lyons,52,Other,Operations,PhD,2017-05-16,28000,cameronfields@martinez.com,181.962.4766x590
ec6a37ad,Miguel Reeves,45,Other,IT,Bachelor,2020-11-22,47000,william97@gmail.com,349-757-4451x01598
6b15c11b,Kiara Santana,35,Male,It,High School,2022-03-02,77000,zachary10@day-harrison.org,555-456-2321x791
f7eae66e,Tonya Richards,61,Other,hr,High School,2024-02-28,57000,katie84@baker.biz,018-643-5716x170
cff2b1c4,Jesse Poole,62,Female,Sales,Bachelor,2020-10-28,62000,curtisvictoria@gmail.com,(972)720-2945
ea163354,Mary Lewis,42,Other,Operations,Diploma,2020-10-31,111000,samanthahill@hotmail.com,469-726-1424x48394
3f8c1097, christopher copeland  ,43,Other,It,High School,2021-03-28,115000,palmerandrew@hotmail.com,757-230-8961
2a9528c3,Ethan Obrien,25,Male,hr,Bachelor,2018-05-02,71000,casejohn@bishop-carter.com,+1-269-446-5517x37234
902f3465,Rebecca Houston,24,Other,hr,Master,2016-10-27,72000,melody90@hotmail.com,(382)389-2565
a590fd3c,Edward Barton,42,Other,,PhD,2019-04-12,57000,wendychandler@gmail.com,+1-466-376-8287
54e38579,Brandon Perkins,51,Female,hr,High School,2016-06-26,103000,charlesgarcia@white.com,259-437-3591x815
1b1f2eb1,Beth Brown,47,Male,Marketing,Master,2018-02-08,30000,floresjose@villegas-wagner.com,084.994.7662x73872
38d5101f,Kim Vincent,61,Male,Operations,High School,2023-11-09,41000,dwilliams@yahoo.com,886-359-2216x933
8ed8a80d,Jennifer Banks,40,Female,Sales,Diploma,2022-05-12,93000,xjohnson@griffith.biz,536.143.2699x5376
38958939,Ruth Brown,44,Other,Sales,Bachelor,2020-04-04,115000,scottwhite@reeves-russo.com,824.091.9412x29547
768b4f7e,Shawn Lindsey,46,Male,Marketing,High School,2023-09-06,57000,jcook@rosario.org,3489931926
b0c07fcc,Anthony Garrison,39,Male,Finance,Bachelor,2019-03-31,74000,joanne07@howell.com,001-499-289-8217x449
ff69723d,Angela Ryan,25,Other,Operations,,2016-03-27,116000,vsimpson@gmail.com,598-673-9211x219
4ba17233,Joseph Davis,35,Other,hr,High School,2024-07-10,91000,mhouston@knight-rodriguez.net,(187)200-1029x2718
15fa9483,Joshua Clayton,38,Male,HR,Diploma,2025-02-07,37000,joshua19@hotmail.com,(290)944-6750
baeb286b,John Massey,59,Other,Admin,Diploma,2018-03-17,92000,shaun92@martin.com,504.612.2471x4116
57d337d3,Richard Hale,38,Male,Operations,Master,2020-11-27,112000,wpratt@stewart.org,396.450.6761x4611
8567c805,Charles Ramos,40,Other,IT,Diploma,2016-10-06,31000,timothycampbell@hotmail.com,769.693.9110x989
18fdd2b9,Mark Miller,46,Other,HR,Bachelor,2019-01-03,38000,wardmartin@gmail.com,001-839-739-5273x674
73d39457,Julia Maldonado,58,Female,Marketing,,2021-12-18,106000,chadholland@everett.com,304-504-7442
0b705933,Gail Johnson MD,25,Other,hr,Diploma,2019-12-01,82000,yrivera@gmail.com,383-739-0071x365
05c8234b,Maurice Johnson,,Female,Finance,High School,2018-09-24,34000,villarrealnoah@hotmail.com,001-910-618-3554x96944
1bff3142,Amanda Morris,50,Other,IT,Diploma,2017-05-10,43000,danielsmith@hartman.info,107.923.5955x107
ee0f65a8,Rhonda Willis,31,Male,Finance,,2018-09-01,78000,elizabeth95@hotmail.com,(545)702-7892
84182d35,Connor Benton,48,Male,Finance,Bachelor,2020-08-21,59000,mackmichael@hotmail.com,001-921-476-2289x899
54bbbcf8,Richard Ryan,41,Other,finance,High School,2020-08-29,105000,jeremy06@davis.com,(428)031-0846
76492e64,Richard Goodman,37,Other,It,Master,2015-12-18,37000,paigedavenport@yahoo.com,759-265-9938
a137f8e4,Michelle Mcneil,50,Male,It,Master,2018-09-28,81000,jessicamcdonald@meadows.info,+1-788-858-8281x8896
a84554c3,Michael Norton,48,Other,,Master,2025-09-18,61000,lhampton@yahoo.com,(727)185-0814x6358
bcc57be0,Donna Carter,47,Female,IT,High School,2019-03-17,112000,james15@gmail.com,8057916339
7317591a, joshua hernandez  ,63,Female,Admin,Master,2023-03-24,103000,amberanderson@hotmail.com,(829)811-8624
0123a348,Kimberly Mitchell,47,Female,,Diploma,2019-10-10,105000,mnguyen@quinn.com,001-380-118-0386x503
47419b48,Patricia Hernandez,48,Female,IT,High School,2020-09-22,,lisa19@hotmail.com,6665575184
cbc72f1a,Donna Howell,34,Female,Finance,High School,2016-03-05,88000,leslie96@gmail.com,001-238-149-0066x632
ccac2fb5,James Williams,58,Other,,High School,2025-08-06,,angelasmith@hotmail.com,(581)602-2377
5da49cb9,Alexander Greene,37,Other,IT,PhD,2020-01-23,108000,qgriffin@anthony.com,001-945-054-9522
1d2c2721,Dean Sanchez,36,Female,Admin,Bachelor,2017-05-02,83000,adam70@yahoo.com,(498)679-4220
7d4ed26e,Glenn Ward,,Other,HR,PhD,2018-10-17,48000,michaellucas@tyler.com,(859)277-5130x937
503b4078,Kendra Sullivan,32,Other,Operations,PhD,2017-04-22,114000,banderson@yahoo.com,297.291.4022
647dc392,Cynthia Hernandez,20,Female,hr,PhD,2025-03-09,33000,hillmaria@yahoo.com,(808)146-3550x66654
5a1baf0e,Darren Morris,46,Other,IT,Bachelor,2016-06-17,73000,ebean@hotmail.com,7913705711
2c2ac34b,Holly Underwood,48,Other,Admin,PhD,2021-12-14,35000,rchandler@yahoo.com,001-327-235-6625x78321
ccf4ffb0,Jaime Williams,56,Other,Operations,Master,2018-08-08,115000,cortezbrian@young-cooley.com,001-684-456-5520x13320
97154633,Lori Brown,22,Female,,High School,2021-10-25,55000,philipwatson@gray-torres.com,(737)194-0207x127
502cf0ee,Jason Chase,,Other,IT,High School,2023-12-08,56000,dcox@gmail.com,719.101.6460x8282
1df05d18,Lisa Buchanan,26,Male,IT,Diploma,2025-07-11,95000,tcastillo@duran.com,927-265-7552
243012da,Marcus Fields,47,Male,Marketing,,2021-03-11,49000,christina23@gmail.com,+1-327-673-3022x930
98af5cca,Tammy Lopez,57,Female,IT,Master,2025-09-19,65000,patricia62@collins.com,+1-485-111-6088
6c4c450b,Derek Williams,21,Male,hr,Bachelor,2025-06-19,73000,monroestephanie@yahoo.com,(216)494-2027x8183
8991b01a,James Davenport,50,Female,It,,2016-11-02,84000,yrobinson@morris.com,(524)485-3172
ee4205ee,Justin Moreno,28,Male,Marketing,High School,2016-04-04,64000,efletcher@macdonald.com,(821)556-7192x01248
2ab7b2ef,Mario Green,28,Male,Operations,PhD,2020-08-08,80000,bellbrian@gmail.com,417-154-4396x1890
2fe5b140,Cassandra Fry,37,Male,,Diploma,2023-12-10,25000,zsanders@brown.com,831.523.4993x7269
9e91a71c,Dr. Jose Gray DDS,64,Female,It,Diploma,2020-02-07,93000,adamsdavid@hotmail.com,+1-519-132-0585x374
f3abea0d,Amy Adams,52,Female,,High School,2017-04-22,54000,rlynch@gmail.com,580.482.7642x33693
31f3f0c0, austin horton  ,51,Other,Sales,Master,2018-02-12,46000,robert09@hughes.org,001-091-472-0080
8fc3d7d3,Elizabeth Jackson,41,Female,Sales,,2019-10-29,99000,royedward@hotmail.com,+1-125-737-8210x567
68bd075b,Maureen Cross,46,Male,Operations,Diploma,2018-06-02,77000,palmerkaren@holmes.org,001-338-066-5256x7055
b5cbe3f5,Christopher Sanchez,50,Male,finance,High School,2021-04-29,51000,kimberly75@powell.biz,435.356.5026
2ad11fe8,Mitchell Richardson,25,Female,Admin,Master,2020-12-11,102000,gdowns@mcmillan.com,153.455.7404x4992
cbbed980,Kelsey Lewis,47,Female,finance,High School,2022-09-19,42000,ubrown@freeman-cook.com,110.837.9087x9804
085eb489,Richard Miller,26,Female,Admin,High School,2015-12-09,99000,burnettjames@cruz.com,865-673-8564
49e64c22,Samantha Carter,,Other,Marketing,Master,2017-04-08,71000,patrick81@smith-moore.net,+1-880-012-5390x53215
90ce77e9,Mrs. Heather Christensen,21,Male,Operations,Master,2025-03-21,25000,karen64@day.com,001-963-604-0245x171
7eccdaf4,Sharon Williams,42,Other,Admin,Master,2017-04-12,34000,ymiller@brown-ramirez.com,001-494-528-3153
929d6377,Daryl Lowe,41,Other,Sales,High School,2017-09-26,67000,brooksashley@young.com,896.010.5282
8b0901ab,Michael Carter,26,Male,Sales,Diploma,2019-04-09,82000,diazwilliam@fletcher.org,(753)495-8756
8ac35ac4,Susan Johnson,55,Male,Finance,Bachelor,2020-12-12,82000,hillscott@torres.com,443.632.2503x246
c28fa16b,James Jenkins,21,Female,Admin,Bachelor,2019-10-08,61000,brian58@gmail.com,781.732.2657x114
37f25d36,Dylan Johnston,51,Female,Operations,High School,2020-04-03,48000,jacobsjeffrey@yahoo.com,873-477-7842
bc69c155,Kathy Hull,46,Other,It,High School,2024-05-06,44000,fcastro@garrett.com,(597)984-3620x1711
3f5e3b8c,Monica Richardson,26,Female,HR,Diploma,2022-01-15,65000,smithvincent@yahoo.com,423-081-8372
0840405a,Kathryn White,52,Female,Marketing,Master,2023-11-06,59000,hserrano@stafford.com,001-603-463-1789x02367
dcb91d5f,Mrs. Valerie Owens,53,Male,IT,High School,2016-12-19,32000,bmosley@price.com,963.699.6917
dd83ad03,Amy Watts,50,Male,IT,PhD,2019-03-28,35000,taraortiz@yahoo.com,+1-700-174-5388
cfd7f3b9,Michael Brown,42,Female,Admin,Master,2019-06-12,33000,petersonapril@spencer-ramirez.com,221.974.0282
bcd4344f,Cynthia Hendricks,32,Male,It,High School,2023-02-26,82000,rwashington@hotmail.com,164.303.5901
dc6dafff,Phillip Kelly,50,Female,finance,PhD,2018-10-17,28000,athompson@gmail.com,+1-181-021-0502
6d9c5b50,Deanna Edwards,64,Male,Marketing,,2023-08-27,56000,gonzalezmichael@hartman.com,381-204-4697x95593
c8ebe27a,Jennifer Walker,61,Male,,Diploma,2023-01-27,92000,kerriparks@hotmail.com,001-665-455-2180x859
ce315937,Brian Davis,34,Male,It,PhD,2025-02-07,103000,pbarnes@gmail.com,448-634-8718x32950
88438de2,Kelsey Griffith,22,Male,hr,High School,2022-11-17,86000,michelle32@yahoo.com,(081)099-8452x7619
2b1ac76c,Kimberly Obrien,55,Female,IT,Bachelor,2017-04-13,52000,millerderek@hall-baker.org,001-880-242-7434x1842
4aea1b8f,Kevin Mccoy,39,Other,Sales,High School,2018-12-16,41000,scottwalton@wolf.com,350-481-4853x968
f3d04ffb,Daniel Sullivan,32,Male,Marketing,Bachelor,2024-03-12,116000,phunter@hopkins.com,185.924.9347
e67093a0,Darius Khan,49,Female,finance,Diploma,2019-11-14,29000,amanda21@gmail.com,725.773.0638
22b5f457,Miranda Huber,36,Female,Operations,Diploma,2020-09-27,76000,martinezdeborah@woods-guzman.com,(561)908-0634x258
695e5ea9,Lisa Wagner,25,Male,It,Master,2017-12-25,105000,clarkamy@yahoo.com,977.262.5762x2978
46feacd4,Erin Price,28,Other,finance,Master,2017-10-09,55000,ericmcconnell@yahoo.com,(489)182-4553
b390b059,Jonathan Russell,25,Male,Marketing,Bachelor,2017-10-12,65000,gordonjason@yahoo.com,001-724-200-9299x695
257035db,Sharon Snow,51,Female,,Bachelor,2018-05-13,70000,fordphyllis@hernandez-hooper.com,(807)077-1881
3f5fbf4f,Cody Hoover,41,Other,IT,Diploma,2016-03-29,54000,jimmy21@harris.org,858-227-9356x25591
64880945,Alyssa Rodriguez PhD,39,Female,It,PhD,2018-08-12,85000,sherry28@gmail.com,(543)496-7097x38939
a1e518a2,Carl Harper,37,Male,Sales,Bachelor,2017-04-08,79000,oliviabrooks@gmail.com,128-110-1801
600b4b35,Dana Bennett,37,Other,HR,Bachelor,2019-04-08,34000,melissa55@hotmail.com,805.206.3572
cb6ad0c7,Michael Baker,54,Female,Operations,PhD,2024-05-07,49000,kimberly29@williams-hodge.net,+1-434-404-8902x17720
67213a70,William Wilson,47,Female,It,Master,2017-03-22,115000,vlopez@boyd-goodman.org,447.227.6439x117
b1d81887,Jennifer Smith,36,Female,Sales,Master,2019-08-10,50000,bjohnson@mccoy.net,(283)751-9828
7466ef02,Cindy Richardson,20,Male,,Bachelor,2016-06-21,106000,oscarmills@yahoo.com,001-704-859-5938x97872
94fb09f0,Brandi Brown,,Other,hr,Master,2017-05-15,80000,margarettaylor@gmail.com,(196)971-6877x5411
d8dff535,Benjamin Martinez,23,Male,,Master,2020-09-24,50000,stantonvictoria@sweeney-brown.com,476.297.4949x79161
f8ded777,Patricia Mitchell,38,Male,,,2020-12-29,82000,cynthiacole@mcneil.com,102.763.0901x5730
b28187c4,Courtney Sanders,29,Male,IT,Master,2025-05-02,85000,sharon77@sherman-rosales.net,523-191-3437x5746
cbb18c79,Ryan Willis,60,Other,Marketing,Diploma,2016-05-20,43000,jilldavis@yahoo.com,665.420.9866x6450
f7d7465d,Jennifer Jackson,20,Male,It,High School,2018-07-27,26000,warrenmichelle@hotmail.com,073.181.4421x020
7ea5a387,Teresa Obrien,21,Male,Marketing,Bachelor,2024-09-28,39000,williamryan@hotmail.com,001-016-744-3619
48998e5f,Angel Hayes,41,Male,It,Bachelor,2016-08-30,67000,janetpena@joyce.biz,538.582.4068
216e9fe5,Jason Davis,30,Male,Sales,Diploma,2025-04-05,116000,xwatts@gmail.com,889-381-3524x62470
c9ce44bd,Melissa Mathews,38,Female,hr,High School,2025-01-26,102000,snelson@yahoo.com,(177)025-3836
c3231466,Joseph Russell,23,Male,hr,High School,2024-10-14,53000,conniemcintosh@ayers.com,001-977-910-9922x0896
a04d4d14,Sandra Mccoy,55,Female,finance,Diploma,2016-12-29,63000,kelsey44@chapman.biz,001-582-517-4914
042b03ca,Gail Vasquez,56,Male,HR,PhD,2025-08-22,88000,aprilwest@byrd.biz,(592)534-6058x119
28719b9b,Jeffrey Gibbs,48,Other,,PhD,2022-04-06,52000,matthew06@sweeney.org,236-137-7534x24591
fde91c42,Michael Wilson,27,Female,HR,High School,2022-10-24,53000,jamesterri@cooke.com,(536)858-6433
fee5ce69,Richard Smith,52,Female,Finance,PhD,2020-12-08,55000,jacqueline10@gmail.com,145-939-2077
e1d46f82,Corey Mooney,62,Female,Admin,PhD,2021-12-06,33000,cynthiaward@hotmail.com,8395406351
dfda35b2,Christina Myers,53,Female,,PhD,2018-06-26,114000,udurham@hotmail.com,(098)414-5483x0386
17e52113,Anita Pitts,40,Other,HR,High School,2019-01-01,74000,eaustin@lewis.net,6551281218
1519830c,Christian Bryant,62,Male,IT,PhD,2017-10-16,31000,hfarmer@davis.info,076-673-9049x078
a61f0b96,Patrick Garcia,42,Female,Admin,Bachelor,2025-07-15,74000,caitlin23@ross.net,(433)616-0630
a0279a18,Daniel Merritt,35,Other,hr,,2017-08-19,59000,tina84@casey-nelson.info,(583)668-2406
c156e501,Robert Hicks,28,Female,,High School,2025-08-05,78000,pittmanglenn@page.com,001-383-466-1174x95387
1758d47e,Kenneth Washington,48,Male,,Diploma,2016-05-31,58000,espinozacharles@brown.com,(798)976-4433x1254
36a2c52b,Jessica Hoffman,64,Female,hr,PhD,2024-07-12,59000,wisetonya@schmitt.net,560.800.7937x6224
97fb613a,Lisa Riggs,41,Other,finance,Master,2018-06-03,79000,davidmartinez@gmail.com,419-810-2507
71efe72a,Donna Mccarty,50,Male,IT,High School,2016-12-28,59000,kramirez@davis.com,+1-537-335-0206
57f479b5,Eric Spencer,35,Other,,Diploma,2019-06-29,112000,tamarakelly@alexander.com,238.278.1469x6767
dc3f42e0,Victoria Deleon,35,Male,HR,,2019-01-26,107000,andersontracy@west.com,498-386-4887
7a4a902f,David Roy,32,Male,,Bachelor,2021-04-05,84000,mistysnyder@fox-arnold.com,873.812.9465x76024
16de66c9,Nancy Rice,27,Male,Admin,Diploma,2022-06-24,85000,andrewrobinson@yahoo.com,001-124-690-2596
1a6b6a7d,Daniel Brewer,58,Female,,PhD,2025-05-09,104000,dcooper@mcdowell.net,001-816-640-1748x90901
4c9bff5c,Becky Garcia,20,Other,HR,Master,2019-04-27,110000,andrewsjeffrey@smith.info,001-302-878-3320x671
d038e153,Michael Smith,63,Other,Operations,PhD,2017-05-26,48000,caleb62@lee.com,670-312-8691x3214
a43e558c,Katie Kaiser,43,Other,Admin,Diploma,2023-04-29,87000,elainefriedman@johnson.net,525.284.3863x2221
11836c4f,Amy Roberts,57,Male,It,High School,2018-05-19,83000,adam46@hughes.biz,050.757.8047x9941
9c3de1b0,Taylor Espinoza,27,Female,Sales,Master,2019-10-09,80000,fsimpson@johnson.com,(642)887-9705
59e7703a,David Aguirre,40,Male,Sales,Master,2023-02-18,118000,hortonashley@hotmail.com,001-326-866-7901x6861
bf8e8bfa,Kyle Armstrong,61,Other,Admin,Diploma,2022-08-01,93000,nfitzgerald@jennings.com,+1-147-622-2147
9db7284b,Jennifer Weber,64,Female,It,,2024-02-13,75000,rodriguezrichard@gmail.com,+1-119-526-6533x06773
379d58f9,Sheila Douglas,22,Female,IT,,2016-09-18,79000,markjones@yahoo.com,+1-544-755-6825x427
23d7e6a1,Maria Malone,44,Female,Operations,PhD,2020-11-28,86000,fmays@gmail.com,+1-718-551-6877x00184
bae1e137,Megan Juarez,47,Other,Admin,Diploma,2016-12-23,91000,elizabeth51@walker.com,+1-456-480-3567
6dec6bbd,Ann Boyd,63,Female,HR,Master,2024-01-15,43000,lharris@gmail.com,001-611-564-0587x3422
3f6eed9d,Richard Riley,52,Female,Finance,Diploma,2017-03-31,77000,woodsclarence@gmail.com,001-253-861-8173x143
3f87dfc2,Laura Thomas,41,Male,Marketing,Master,2015-12-29,,pperry@gmail.com,9020681836
b89f3a92,Elizabeth Barton,55,Male,,PhD,2019-07-03,113000,lauraperez@blanchard.com,+1-124-897-1373x887
f0f7ad22,Laura Sparks,29,Female,It,High School,2025-02-13,33000,morgan00@pope.com,001-240-024-3240x504
d8d994b8,Tiffany Zamora,24,Female,finance,High School,2025-05-19,46000,erinfreeman@gmail.com,001-113-808-1813
34981735,Ryan Roman,36,Male,Operations,Diploma,2017-05-15,74000,russell31@myers-smith.com,972.417.4226x5488
304b2370,Richard Parsons,39,Male,HR,Master,2017-10-04,47000,kayla55@moran.biz,101-021-1334x07814
a56b61e0,Justin Yu,60,Male,finance,High School,2024-05-30,36000,brianshaw@hotmail.com,(663)275-9348
cb35097a,Marcus Johnson,54,Other,Sales,Master,2023-12-14,52000,jasonsmith@madden-garcia.net,553.559.7879x9632
62c965b2,Brittney Bowman,59,Other,Admin,PhD,2020-09-28,81000,mmanning@york.com,866.429.7422
a3595d1f,Jason Snow,56,Male,Operations,Diploma,2016-05-29,114000,david92@yahoo.com,417-539-6775x362
e3837348,Carrie Lewis,52,Female,hr,Master,2021-04-05,118000,zwalters@gmail.com,027-358-1079
5c70ee97,Wendy Perez,35,Male,,Diploma,2016-04-24,66000,zdavis@hotmail.com,2475670770
6307d4d1,Erika Bates,55,Other,Marketing,Master,2017-09-15,33000,emilysolomon@bautista.biz,(147)455-0148
6bbdb66f,Marie Roach,43,Female,It,,2019-11-14,54000,vmedina@hotmail.com,+1-234-799-3184x5754
2c3aacdc,Mary Hoffman,56,Other,Sales,,2019-04-21,97000,alejandrobeasley@yahoo.com,170.678.3676
fcc4091b,Robert Mitchell,30,Female,Admin,Master,2018-07-03,111000,prestonmaria@yahoo.com,6968799286
965d744f,Gregory Russell,41,Other,,PhD,2016-03-10,37000,justinbennett@yahoo.com,082.539.0054
373aedf8,Vicki Barrera,60,Female,Sales,Diploma,2020-01-14,57000,kelly27@parks.info,167.040.4922
f2dcb12b,Jessica Johnson,40,Female,hr,Bachelor,2020-06-07,40000,jeffery45@hotmail.com,(406)660-6406
495743a2,Rachel Sullivan,39,Female,finance,Master,2020-04-13,44000,alexis80@gmail.com,627-886-6380x033
c4615234,Kimberly Thomas,45,Female,Marketing,Master,2022-01-21,119000,whitneyjennifer@torres-gonzalez.com,375-878-0776
66fba71d,Anna Pierce,49,Other,Marketing,,2023-02-11,90000,derek72@hotmail.com,758.313.1297x855
89a3c811,Haley Mccoy,24,Other,,High School,2016-04-09,81000,robertdavis@hotmail.com,(964)893-9886
15669e36,Claire Hoffman,45,Female,HR,,2024-03-09,102000,josebrown@wilson.info,139-554-3405
ebc1bb52,Annette Rivas,58,Female,,Diploma,2017-02-07,31000,marybarnes@phillips-vasquez.biz,162-558-0817x869
27c6cbb1,Pamela Aguirre,52,Other,Sales,,2020-02-27,119000,glennjackson@odonnell-harris.com,728.873.6051x1035
9620bee6,George Bradshaw,30,Female,It,Bachelor,2024-08-19,61000,julia76@mcknight.com,583.995.2580
a65be22b,Ryan Waters,63,Female,HR,PhD,2023-11-16,49000,sara75@yahoo.com,0963180098
4f67448e,Chase Matthews,25,Female,Marketing,Bachelor,2022-06-13,87000,pricetiffany@mendez-bell.net,001-633-166-5937x3501
f413db19,Sarah Nelson,28,Male,Finance,PhD,2021-09-01,53000,angelagriffin@hotmail.com,3800619587
3e9639ba,Sarah Wall,63,Female,Marketing,Bachelor,2016-10-14,32000,karicarr@montgomery-mckee.com,019.244.1892
1db14bfc,Paul Smith,35,Male,,,2024-03-27,55000,wpearson@farley-taylor.com,482.224.7155
0e165b12,Kayla Burke,44,Female,Sales,Bachelor,2023-07-09,34000,paul67@yahoo.com,001-151-528-5489x598
a8761e85, jean murillo  ,39,Other,HR,,2021-09-12,109000,wpeters@yahoo.com,119.690.2138x686
033e02f7,William Hughes,46,Male,Admin,,2018-05-30,57000,rachel84@brown-becker.com,183-949-7527
02e7df89,Brad Lee,64,Male,HR,Diploma,2021-11-22,41000,michaelandrade@riley.com,+1-129-042-4082x74619
58c1aad6,Samantha Morrow,20,Female,hr,,2023-08-12,42000,courtney14@rice.com,164.433.7309x00906
d28fcf68,Tony Brooks,61,Female,IT,High School,2018-05-21,77000,alexlopez@hotmail.com,(991)390-4104
5f32d5d8,Matthew Miller,,Male,IT,Bachelor,2019-08-24,105000,marissa18@gmail.com,6331476730
df9b141e,Angel Rojas,54,Other,Operations,Master,2017-01-29,60000,jacob39@horn.com,9164619158
1e38f711,Jason Thompson,44,Other,finance,Master,2022-03-21,105000,aburns@lambert.net,001-530-896-7463x194
55c34853,Christina Aguilar,47,Female,Operations,Master,2019-05-10,35000,garciaryan@yahoo.com,236-219-0361x65438
861b4f5b,Jason Thomas,39,Other,It,High School,2017-10-20,27000,svargas@hotmail.com,412-632-6237x6345
f99cea5c,Connie Ramirez,29,Other,It,,2022-07-05,66000,navarromark@ibarra-lane.com,001-626-353-5227
7f0386fa,Jon Ramos,58,Female,Operations,Bachelor,2016-03-30,50000,wcarter@yahoo.com,001-748-076-6609x654
0e3141ec,Christopher Klein,29,Other,HR,PhD,2019-02-17,74000,angel69@gmail.com,(925)449-5176x424
2ab8bd33,Charles Powell,54,Female,Sales,PhD,2024-04-06,28000,williamlindsey@yahoo.com,001-932-738-4887x61005
c5f8e2f8,Megan Carlson,57,Male,Operations,Diploma,2024-05-15,29000,john55@simpson-franklin.org,+1-482-706-9087x131
ac93281a,Justin Davis,58,Female,,High School,2017-02-08,100000,annawhite@yahoo.com,001-972-858-0208x2064
bda3c162,Molly Mckenzie,53,Male,HR,Bachelor,2017-05-18,110000,jenniferrobinson@gould-burns.com,(028)836-8578x6015
dbd30aec,Tammy Hendrix,52,Male,Sales,,2016-09-24,79000,duncanvanessa@ortiz-hubbard.com,001-804-393-9881x86967
0bc57207,Tara Jones,42,Other,IT,Master,2021-03-02,112000,jenningskyle@gmail.com,044-643-0772x07802
eb93f78c,Alison Zuniga,40,Other,Finance,High School,2023-04-11,91000,oholmes@gmail.com,+1-273-980-9988
f5d8fb91,Deborah Waller,23,Other,It,High School,2016-04-29,119000,jcochran@gmail.com,001-953-774-7693x04510
cd98f9e2,Jesse Davis,51,Female,,Bachelor,2018-12-30,67000,cantulisa@hotmail.com,001-583-784-9860x054
a7dc2bc0,Timothy Howard,54,Other,Admin,,2025-07-21,38000,ruizadrian@adams.com,(518)868-9055
3f8e2d0d,Christina Moon,38,Male,finance,Diploma,2022-04-01,113000,jessica37@gmail.com,7788439950
51e744e4,John Ho,37,Other,Admin,,2019-04-20,65000,robinsoncharles@lee-jones.com,001-918-149-8350x2652
92502e59,Daniel Ferrell,53,Other,Sales,Diploma,2016-10-29,34000,ballardkara@gmail.com,790.597.3077x78108
ac5f12ef,Megan Miller,61,Female,hr,Diploma,2023-01-08,96000,jonesjoy@yahoo.com,001-813-057-5410x0316
3922a7e4,James Robinson,35,Female,Sales,Master,2022-08-02,34000,kschaefer@gmail.com,001-962-139-2381
0bc1f9e5,Roger Petty,63,Male,Finance,Master,2023-08-27,89000,jonathanryan@gmail.com,(514)243-2942x9284
e0827f76,John Payne,61,Female,IT,Bachelor,2016-03-09,50000,david55@yahoo.com,6453384524
c605e58a,Jamie Lee,52,Other,Marketing,,2016-01-12,81000,morr@gmail.com,994.197.3571x882
161d5c87,Steven Gardner,27,Female,Sales,Diploma,2021-09-04,113000,uhunt@thompson.com,533.231.9512x15487
5e717fca,Kevin Barber,44,Male,IT,Bachelor,2020-07-30,95000,jeffrey30@evans.com,+1-970-874-6740
c8d57717,Kenneth Williams,20,Other,Admin,Diploma,2022-08-25,44000,sullivanrachel@gmail.com,+1-061-435-6310x823
3e19fc1d,Elizabeth Williams,27,Male,Sales,High School,2022-07-21,44000,penny89@potter.com,(111)508-2486
f8cbab4c, jessica mitchell  ,27,Female,Sales,PhD,2022-07-23,95000,stacy28@hotmail.com,+1-114-163-5557x8841
c6a07656,Jesse Fleming,58,Female,Operations,PhD,2019-12-23,,njones@schwartz-johnson.net,574-735-5878x5767
8beb4e78,Jennifer Ferguson,35,Male,Admin,Diploma,2018-02-16,81000,kathrynhamilton@gmail.com,001-163-447-7987x33119
268b84b6,Susan Figueroa,,Other,finance,Bachelor,2020-01-06,36000,anne18@lee.com,575.304.5370x747
061efb95,Mr. Thomas Jones PhD,43,Female,finance,Master,2019-07-06,96000,torresadam@smith.net,314-396-9261
a2cd1590,Sherry Shannon,61,Female,,,2023-08-24,115000,ashley16@henry-scott.com,001-282-793-0750
0274ce40,Samantha Garcia,58,Other,hr,Diploma,2016-10-22,29000,anndickson@hotmail.com,757-097-4141x745
c2492e5e,Joseph Beltran,60,Female,It,Diploma,2016-04-18,110000,nataliefrost@banks-barron.com,1159593185
bcf2fc3b,Joshua Navarro,43,Male,Marketing,,2024-03-10,81000,grantmichael@gmail.com,197.516.4478x5894
34879e41,Nicholas Obrien II,57,Female,Sales,Master,2017-08-21,40000,haley83@randolph.com,001-439-762-1089x7485
6b790d01,Ronald Baxter,53,Female,Sales,Diploma,2021-03-19,96000,dbrown@hotmail.com,001-420-848-1395x1904
f8f9a45d,Sherri Charles,21,Other,,High School,2024-09-11,35000,williamjones@wells.com,718.673.0856x2623
47a2a10b,Michael Flores,55,Male,hr,Master,2015-12-14,109000,carla07@gmail.com,+1-241-513-4017x497
3b41c943,Darryl Christensen,62,Other,Admin,High School,2016-04-01,75000,alyssa10@yahoo.com,364-125-4189
69be173a,Allison Floyd,62,Female,Sales,PhD,2025-08-31,99000,brianabutler@jones.info,081-648-7739x78651
755d814b,Michelle Patterson,48,Female,IT,,2024-03-24,93000,rebecca93@waters.com,938.525.2747x046
94ad6252,Wendy Chavez,56,Other,HR,Master,2016-12-01,96000,hillashley@gmail.com,717-377-1578x72930
a3209116,Jennifer Hurley,52,Other,It,Master,2020-06-19,75000,mariafisher@hotmail.com,(089)819-2093x8296
97867b12, jared chan  ,30,Other,hr,Bachelor,2016-08-16,60000,staceyparsons@gonzales.com,553.258.7887
a995ecc3,Ricky Diaz,37,Male,Sales,Bachelor,2025-04-26,26000,heathchristopher@yahoo.com,2212446416
4aab47b2,Joshua Miller,55,Female,hr,,2022-12-17,31000,victoriaroth@jimenez-johnson.org,001-166-945-9483x07413
ed1115d7,Catherine Soto,62,Other,finance,Master,2019-03-02,33000,fhenry@yahoo.com,001-914-542-2897
d4f76322,Christopher Gay,35,Female,Marketing,PhD,2020-01-18,70000,annacowan@phillips-garcia.com,347-629-6117x139
73e7f042,Mary Smith,28,Male,Sales,Diploma,2018-11-27,64000,katherineanderson@griffin.com,(083)892-1662x2416
f18cccdc,William Giles,30,Male,Marketing,,2019-06-24,87000,epark@gmail.com,(673)868-0561x062
c5285425,Jennifer Hernandez,34,Male,Finance,,2020-11-15,65000,astevens@warner.org,756-269-2338
1b0c62eb,Matthew Giles,42,Male,HR,Bachelor,2019-06-20,66000,mccarthyrickey@hotmail.com,312.467.6773
50647c59,Kenneth Murphy,37,Female,,PhD,2016-04-27,32000,eward@jones-gutierrez.net,988.900.8438x485
5bb8b9c8,Jesus Wheeler,26,Male,Marketing,,2022-09-17,37000,susanperry@hotmail.com,596-981-3221
73b0d676,Kevin Barton,49,Male,Sales,PhD,2021-07-18,114000,thomasflowers@butler-miller.net,(495)432-9903
da3c45ca,Jeffrey Lynch,39,Other,Operations,,2024-11-22,119000,jeffrey77@yahoo.com,(536)144-3805
cebeabaa,Joshua Smith,35,Male,,Bachelor,2024-02-25,27000,anna94@yahoo.com,589-527-7834
b46788bd,Steven Johnson,41,Other,It,Diploma,2020-10-14,25000,rjones@barr.net,4665046382
370b9a29,Andrew Jacobs,55,Male,,Bachelor,2020-08-26,108000,katherinetanner@johnson-anderson.com,001-823-266-8086x631
25f88c74,Mary Daniels,34,Male,Admin,,2025-01-06,,whitemarissa@yahoo.com,(271)776-7466x203
f7e9101d,Linda Holt,24,Other,Marketing,PhD,2024-10-01,98000,moorevalerie@hotmail.com,660-944-6978x95500
0c880714,Dorothy Anderson,26,Male,Operations,High School,2025-03-11,88000,kristine98@durham.com,796-262-5789x761
d1f16485,Gail Moss,43,Female,Marketing,Bachelor,2019-01-29,69000,nle@chapman.com,+1-682-968-9819x2810
f3bc9a71,Lori Holland,36,Female,Admin,PhD,2018-09-17,82000,jason41@moore.com,717.682.1565x88680
8e52fc42,Jesse Gardner,43,Male,It,Bachelor,2019-12-10,98000,luis10@hotmail.com,(263)471-4113
183fea70,Robert Durham,30,Female,HR,,2023-10-06,30000,mendezbrittney@gmail.com,(317)762-6018x3578
cb371d97,Jessica Kelly,33,Other,Sales,PhD,2021-07-01,89000,colleenclark@gmail.com,170-870-1450x658
0fc98d2e,Steven Morales,44,Male,finance,Diploma,2015-11-21,38000,cindyjohnson@ruiz.com,4695755526
38e7e019, craig hammond  ,59,Male,finance,PhD,2025-08-18,95000,clayrichard@diaz-flores.com,001-666-415-5709x919
668c879b,Allison Gilbert,63,Other,Marketing,Master,2024-03-08,70000,cynthiapeters@gmail.com,7984517438
f004e897,Richard Stuart,44,Other,It,High School,2018-12-21,113000,muellerphillip@yahoo.com,+1-180-400-9563
960be0f4,Mark Mcpherson,50,Other,Admin,,2018-03-21,63000,tclark@hotmail.com,+1-944-532-2178x41516
13325c31,Joseph Cruz Jr.,28,Male,hr,PhD,2024-09-21,65000,williamsrichard@gmail.com,(175)963-1364x39621
329fc417,Suzanne Wagner,34,Other,Sales,,2021-04-30,74000,aclayton@hotmail.com,+1-976-403-9327x2751
cf2e3296, brittany flowers  ,25,Other,Marketing,Bachelor,2025-01-06,58000,james17@sullivan-ballard.com,214-547-8168x9655
d8e70aeb,Kenneth Snyder,35,Female,hr,Bachelor,2018-03-16,64000,heather69@yahoo.com,(086)207-6694
1f5df912, rachel patel  ,41,Female,Sales,PhD,2022-02-27,108000,carterjerry@kemp.info,(170)001-8894
0cf697a5,April Schneider,44,Male,hr,Master,2025-03-01,80000,ycook@yahoo.com,578.621.8081x636
6ee35607,Rebecca Wood,39,Female,,PhD,2021-07-18,61000,yfloyd@hotmail.com,2096286860
7f0223bc,Sonya Alvarado,40,Female,Marketing,Diploma,2020-06-19,95000,kimberly26@watson.net,409-997-5706x185
6d39da75,Nicole Price,25,Other,It,Master,2021-11-09,119000,cathy96@ross.com,688-620-4378
e886a011,Evelyn Bryant,32,Other,It,,2021-03-07,31000,zachary04@gmail.com,158.141.0882x65257
722dce13,Michael Jackson,33,Female,Admin,PhD,2017-09-18,97000,leetina@yahoo.com,(690)782-3944x804
9d3616a1,Casey Francis,25,Female,Sales,,2019-05-26,86000,matthew26@gmail.com,734.057.1798x57539
a5b40983,Debra White,27,Female,finance,High School,2017-09-29,110000,ksalazar@pena.com,634-315-2082x580
e1fdc6d1,Julia Long,26,Male,Marketing,Master,2025-08-07,27000,kelly12@moody.com,+1-298-251-6281x6727
1674eb65,Ronald Carr,41,Male,Sales,PhD,2022-12-16,71000,mlawson@gmail.com,+1-664-100-1283x449
6b52f93c,David Lynn,47,Male,Sales,High School,2016-03-16,75000,zlopez@harrington-phelps.net,(073)108-3708
cc152a1b,Nancy Bradford,36,Female,It,PhD,2019-06-15,61000,sheenabrown@hotmail.com,+1-053-779-9851x965
fe7c80e9,Sandra Walker,49,Female,hr,Diploma,2021-02-01,117000,hbailey@ramos.com,(844)540-6497
04ffeab2,Kimberly Valenzuela,48,Male,hr,Bachelor,2024-08-20,110000,mitchelljoel@gibson-best.info,689.799.0323x848
b69f75c5,Ashley Sullivan,57,Male,Operations,,2018-08-10,28000,juliaball@gmail.com,950-001-5969
c80c2195,Michael Moon,53,Female,Marketing,PhD,2019-10-20,108000,dmendoza@gmail.com,541.989.3209
90ce82e8,Philip Bowen,36,Other,Finance,Master,2023-02-01,93000,xedwards@yahoo.com,+1-993-659-5523
453b45fe,Cassandra Landry,60,Male,IT,PhD,2024-03-25,104000,anthonyjacobs@baker-johnson.com,(626)437-7157x8993
98dc9e0b,Wayne Jackson,57,Female,Finance,PhD,2025-01-11,112000,james82@yahoo.com,038.726.2178x8293
cf89569d,Connie Neal,35,Female,Sales,PhD,2025-05-04,47000,hduncan@gmail.com,+1-144-879-4769x32572
cf03f0c8,Lawrence Parks,32,Other,Operations,PhD,2019-04-23,109000,xtucker@hotmail.com,(044)909-2522x8039
5b80b8d1,Scott Ayers,49,Female,It,Master,2025-02-12,100000,amorrison@hotmail.com,001-098-802-5352x3484
3b964c74,Michael Wood,42,Female,Sales,Master,2024-02-13,40000,fhall@yahoo.com,124.497.7872x685
3f738f50,Matthew Stone,53,Male,Finance,PhD,2019-02-15,101000,marcusjohnson@nolan.com,(550)528-4304x43424
889fe107,Tiffany Hansen,62,Male,Sales,Bachelor,2022-07-18,113000,steven27@gmail.com,(452)203-9480x53318
bcaff931,Frank Freeman,63,Other,hr,PhD,2025-05-15,106000,michaelnelson@hotmail.com,(437)826-2594x583
f2a32efd,Samantha Walker,52,Other,Marketing,,2019-01-28,49000,ecastro@guzman.info,+1-521-495-7957
fb8fe8c4,Mark Wilson,21,Female,finance,,2018-04-10,26000,dramirez@stewart-davis.org,(760)244-0114x3205
ef69a980,Kayla Ray,55,Male,Finance,Master,2019-11-22,25000,huynhpatrick@allen.com,001-488-037-2178x8784
2c78644f,Ashley Olson,61,Other,IT,,2024-11-06,115000,leemills@lynch.net,150-568-2860x7485
5168bbf2,Mr. Joseph Bush,58,Other,IT,,2016-02-02,25000,acastillo@hotmail.com,(986)755-4228
5bd93609,Debra Johnson,44,Other,hr,Diploma,2016-05-09,45000,anthony39@hotmail.com,924.720.8172
b4157cea,Christine Parker,41,Female,Marketing,PhD,2020-03-10,94000,tracielong@monroe-conrad.info,552.589.3942x5962
91519998,Jesse Murphy,62,Male,HR,PhD,2019-10-21,27000,folsen@yahoo.com,001-374-111-2139x51167
f2c84743,Brian Daniel,57,Other,HR,PhD,2022-10-18,61000,stonehoward@yahoo.com,749.762.2021
cf767343,Stephen Roth,33,Male,Admin,PhD,2020-02-22,107000,ojones@gmail.com,442-389-9347x58437
8ac8ad93,Ryan Warren,22,Other,Admin,High School,2023-04-08,93000,kyliewilson@gmail.com,027-806-2092x275
09b7fdf7,Jeffery York,47,Other,Finance,PhD,2021-12-29,96000,julieortiz@cohen-mendez.biz,589-552-3045
9a069295,Tyler Baker,40,Male,hr,Master,2024-08-17,75000,bishoprichard@yahoo.com,+1-142-469-6371x09996
7a5d7c82,Melissa Schneider,43,Male,hr,Master,2021-02-03,54000,xchavez@yahoo.com,124-956-8819x111
9d37efb6,Trevor Sparks,31,Male,Sales,High School,2022-10-31,49000,zphillips@montoya.com,001-291-974-2694x11172
573bfc17,Hector Bryant,36,Female,IT,PhD,2022-12-18,59000,andersondenise@yahoo.com,466.038.0901
cd6bb03b,Theresa Martinez,51,Other,IT,Bachelor,2020-06-14,49000,steindenise@haynes.org,171.871.8036
0f3f0f48,Kaitlyn Brown,34,Female,IT,PhD,2024-08-07,51000,samantha28@stark.org,134.792.1903
b466fab6,Bonnie Woods,63,Male,Operations,Master,2023-02-16,28000,kellymichele@johnson-schultz.biz,001-287-171-8560x671
1c654aa2,Carlos Kirk,60,Other,Marketing,Diploma,2023-12-17,97000,cgeorge@gmail.com,898-153-2010x735
5d696bc8,Selena Bailey,62,Female,,,2020-04-27,41000,jacobfloyd@anderson-turner.com,(831)062-1288x916
b45c9a54,Chad Rivera,20,Other,It,Diploma,2017-06-21,38000,dana58@adams.net,001-940-496-3650x88290
96053035,Rhonda Patterson,53,Female,It,Bachelor,2022-06-26,80000,pearsongreg@yahoo.com,118.609.0916
52961fb3,Frederick Mejia,60,Male,It,PhD,2019-09-23,28000,jeremycalderon@mcmillan-gilbert.com,(665)085-6245x5538
bb7b6c05, rebecca cole  ,52,Female,Sales,High School,2024-02-26,60000,arnoldjonathan@west-mccarty.com,090-429-8565
a3a6ef83,Edwin Jackson,48,Other,HR,PhD,2017-04-20,109000,nicolerandall@hotmail.com,+1-513-797-2754
51397c06,George Rogers DDS,31,Other,hr,Bachelor,2018-01-06,109000,simonjuan@gmail.com,(814)302-3459x992
8fddbebc,Kimberly Morgan,31,Other,HR,Bachelor,2016-06-15,45000,nicholsbryan@pace.com,466.216.7855x5760
9d1c0838,Tracey Hogan,36,Other,Operations,,2022-08-11,75000,margaret34@hotmail.com,878-917-6390x29640
aa604892,Micheal Austin,50,Male,HR,Bachelor,2019-09-05,38000,jacqueline54@yahoo.com,218.495.8064x59963
60ddc7f1,Carl Rubio,50,Female,IT,Diploma,2017-08-06,40000,lorettamcbride@hodges.com,887-187-9882
4b657bcc,Tracy Burnett,53,Male,finance,,2023-07-31,74000,bleonard@yahoo.com,519.609.5860
0075d3d5,Gary Taylor,57,Male,Sales,PhD,2021-06-18,68000,jonescarolyn@hotmail.com,055-814-7912x25157
92a54d04,Sonya Williams,64,Male,finance,PhD,2021-09-03,86000,stafforderin@hendrix-morgan.com,380-915-8849x02891
c55523ed,Jacqueline Hall,47,Other,Admin,High School,2018-09-01,51000,crystal62@barnett.com,001-041-109-7929x3625
2e9ce8ff,Crystal Mullen,47,Other,finance,Bachelor,2025-08-01,82000,houstonjohn@hotmail.com,+1-404-093-3732
cf0df860,Shawn Ware,62,Other,,Bachelor,2023-04-29,109000,epope@gmail.com,(080)828-7238x8565
a3bfe403,Rebecca Oneill,34,Female,hr,Master,2023-12-24,44000,fordjoshua@gmail.com,(654)862-0263x6958
7f05fbf5,Aaron Morgan,62,Other,Operations,,2022-08-07,65000,brooksnatalie@gmail.com,0048916858
13eb22c9,Damon Schultz,28,Female,It,Master,2016-06-07,104000,changemily@yahoo.com,+1-416-511-6399x31973
51cbf9e5,Catherine Garcia,48,Other,hr,,2017-11-15,92000,ejoseph@gmail.com,001-308-689-3977x7042
f68c62e6,Samuel Warren,43,Other,,Diploma,2020-03-23,105000,qjensen@newman.com,(199)529-0306x956
ab86bafd,Kevin Carney,57,Male,hr,,2021-11-23,40000,daniellemoore@gmail.com,+1-459-741-4518x736
55f3ad50,Jonathan Jefferson DVM,38,Male,finance,PhD,2024-07-14,91000,davidnichols@parker-church.org,(158)543-4592x021
35adde88,Jerry Walsh,23,Male,Marketing,High School,2020-12-08,30000,patricia28@gmail.com,482.024.6338
59b9222c,Travis Day,,Female,hr,,2015-11-19,112000,emily09@gmail.com,280.287.3539
b86d066b,Aaron Diaz,48,Female,Admin,,2024-07-10,63000,andrewssarah@sosa.info,117-371-7845x875
702f31e5,Nancy Jackson,21,Other,Sales,,2017-07-23,63000,gilmorematthew@perkins.com,+1-628-574-3311
2a9527f6,Daniel Benjamin,63,Female,Sales,High School,2017-09-08,66000,sonyareese@gmail.com,(478)961-0536x07433
e1bbb8cd,Renee Thompson,32,Other,HR,Bachelor,2020-05-19,96000,anthonyrivera@yahoo.com,001-899-809-0750
6016c743,Rose Mclaughlin,48,Female,Finance,High School,2020-02-08,106000,sheila62@hotmail.com,331-599-9887x0462
c9ea356a,Arthur Gonzalez,22,Female,finance,Bachelor,2017-02-24,74000,ywatson@yahoo.com,+1-159-336-8830
c21c3fb3,Ryan Smith,36,Female,IT,PhD,2022-02-03,96000,marypatrick@hotmail.com,160-641-6681
7387928a,Brandon Bennett,55,Male,,High School,2023-04-11,46000,jared09@bell.com,+1-357-631-1979x21831
088dbd82,Brandon Sanchez,43,Female,Operations,Bachelor,2018-10-31,118000,lschmidt@hotmail.com,001-608-874-5351x878
42d943ee,Christopher Robbins,,Male,finance,PhD,2025-01-20,55000,timothy83@griffin.com,(385)847-7267x95035
5780be17,Alexander Martin,64,Male,It,PhD,2017-09-19,54000,crystal98@yahoo.com,(889)053-3255x759
29310971,Joseph Miller,33,Female,Sales,Bachelor,2021-02-06,40000,wallkaren@yahoo.com,488.769.7042x2024
f11c0ac5,Richard Yoder,27,Other,HR,Bachelor,2019-06-11,81000,elizabethshelton@yahoo.com,589-023-7024x024
5683ede0,Frank Francis,33,Other,It,Diploma,2022-04-02,109000,huangrhonda@yahoo.com,+1-187-987-8592x8686
e4aa786d,Mark Webb,42,Other,hr,PhD,2016-12-18,58000,ckelly@brown-riley.com,149.169.6801x5988
6e6b34b9,Scott Mcmahon,22,Female,IT,Bachelor,2017-01-13,53000,tuckerolivia@escobar.org,101-184-2526x40517
9b792afa,Luke Dixon,30,Other,IT,PhD,2022-11-04,87000,npollard@smith.net,+1-589-219-1759x521
0db5d441,Mckenzie Chavez,55,Male,Finance,High School,2024-12-20,76000,mcowan@hotmail.com,620-975-9177x6640
f9722cc1,Kristen Blair,55,Other,Marketing,Master,2022-04-14,74000,hernandezcrystal@summers-maxwell.com,7203225857
8dda4ff2,Joshua White,61,Female,Finance,Master,2017-10-23,60000,cynthiaandrews@gmail.com,(828)597-1215
8a45a905,Bryan Harrison,24,Other,hr,,2017-07-14,113000,jonesbrian@todd.com,855.048.6804x9875
4c2272f3,Michael Gonzalez,57,Male,finance,Bachelor,2021-01-08,29000,omontgomery@reilly-barry.com,9421692177
64953d5f,Monica Frost,64,Female,Admin,Bachelor,2022-05-18,57000,rbates@yahoo.com,(797)717-5930x0617
7daec949,Tracy Frye,42,Other,,PhD,2016-04-29,79000,burnsashley@white-peterson.com,894.445.1703x0368
00fa0eb4,Erika Thompson,29,Female,IT,,2019-03-04,119000,stephensdaniel@santana.com,339.115.8430x1313
d2eaef18,Latasha Mendez,31,Female,Operations,Bachelor,2022-03-07,48000,hmiller@white.com,874-227-4993x524
7af6cd41,Sierra Moses,52,Female,finance,PhD,2017-02-04,36000,combstravis@aguirre.biz,001-143-984-0104x880
34fadee1,Rebecca Sandoval,43,Other,Operations,Bachelor,2017-04-27,86000,stacypierce@gmail.com,448.801.9276x378
fa207403,Margaret Young,25,Female,HR,PhD,2024-08-01,89000,angelaalvarado@gmail.com,(282)509-9424x1452
1d91fe39,Cynthia Jackson,22,Other,Operations,Bachelor,2018-08-18,28000,itaylor@yahoo.com,001-999-143-0040
788fd0cd,Michaela Sanchez,26,Male,IT,Diploma,2022-08-07,98000,valerie71@gmail.com,(388)698-4759x51865
43d75413,Stephanie Harris,38,Other,It,PhD,2016-03-05,34000,gibbsbryan@yahoo.com,(140)354-4060x0532
6334fa2a,Elizabeth Butler,47,Male,IT,Diploma,2021-06-18,111000,hvelez@mcclure.net,(897)486-9712x106
61a66444,Matthew Mclaughlin PhD,63,Other,IT,Diploma,2021-08-12,101000,browneugene@johnson.net,+1-835-773-9783x412
0b6c03c8,Robert Roberts,64,Female,finance,Diploma,2021-07-31,117000,riosstephen@cooper.biz,+1-708-345-7307x1102
436e3c49,Laura Green,28,Other,It,Diploma,2020-05-21,67000,shawn57@hotmail.com,296-573-8733x41720
907276ea,Robert Hampton,61,Female,It,High School,2022-04-01,108000,lindawalker@murray.com,(046)578-4666x271
b24beb96,Molly White,52,Male,finance,,2021-10-06,92000,bassandrew@hotmail.com,124.013.2653
ab0b4cc5,Roger Valencia,44,Other,It,Master,2020-03-11,25000,imoreno@castaneda.com,339.785.0375x233
69fb0763,Cody Thompson,59,Female,,High School,2018-10-14,63000,leslie33@wiley-johnson.org,(549)920-8675x019
3a3e46b0,Anthony Wright,21,Male,Sales,Bachelor,2022-07-29,60000,cobbmelinda@johnson.info,344.365.9153
6319629b,Julie Rose,24,Male,Marketing,Bachelor,2024-04-26,72000,jose53@hotmail.com,(763)956-8514
f7336094,Mr. John Woodard MD,23,Other,hr,,2019-12-31,98000,kristy16@gmail.com,+1-237-048-5513x1384
efb56207,Kristin Herman,23,Male,hr,Master,2022-04-05,59000,christopher72@harris.net,661.135.8884
3c53090e,Chase Burnett,41,Female,HR,Master,2024-06-01,98000,wellssusan@frye-jennings.com,(775)029-7599x890
6511e61a,Annette Mcguire,27,Male,Finance,Master,2020-02-23,96000,angela08@robertson.com,001-011-181-9505x28589
08e3f771,Richard Roy,53,Male,,Diploma,2019-09-27,93000,wayne44@hobbs.info,082.107.9108
844e250b,Carrie Ware,38,Female,Sales,High School,2024-04-20,57000,christopheranderson@gmail.com,798.087.4563x4737
fb95d0fc,Julian Obrien,60,Male,Admin,Bachelor,2023-06-29,81000,smithalyssa@gmail.com,(830)093-0633
f3025d16,Stacey Stone,53,Male,HR,High School,2017-04-28,60000,omccullough@yahoo.com,+1-616-022-2742
f2f5b176,Laura Bailey,36,Male,finance,High School,2020-05-04,119000,cooksarah@harris-valdez.com,001-178-277-1050x183
363e6ef4,Patrick Bush,35,Male,Sales,High School,2016-04-06,83000,hayesadam@ferguson-fox.biz,(551)213-8308
0aeccec7,Jose Lopez,42,Female,It,Master,2019-03-05,35000,tgay@gmail.com,393.346.2264
aee14f87,Jennifer Brown,21,Male,IT,,2020-09-25,55000,wmercado@hotmail.com,(400)174-2591
d2938e6e,Nicole Bright,50,Female,finance,,2020-06-09,104000,vdunn@gmail.com,473-833-3670x7628
98550b1e,Christina Ramirez,53,Male,Finance,Master,2021-02-25,27000,tiffany52@yahoo.com,9956052440
ba236c22,Thomas Brewer,56,Male,Finance,Bachelor,2020-07-29,56000,ischaefer@hotmail.com,+1-477-100-2757
16476e3f,Sarah Berry,31,Male,hr,Bachelor,2021-07-20,66000,oshepherd@hotmail.com,+1-986-877-8116
8d536c75,Austin Conley,43,Male,Marketing,Bachelor,2025-06-09,32000,hughesrachel@gmail.com,902-483-8966x536
850a48d4,Daniel Luna,27,Female,Marketing,,2021-10-28,74000,terricurtis@castillo.com,+1-763-072-8727x5731
032a461a,Sharon Johnson,22,Female,Admin,,2022-10-12,117000,sheltonlaura@gmail.com,+1-291-313-3860
966b62ea,Kenneth Maxwell,32,Female,finance,High School,2023-01-05,43000,oliversonya@hotmail.com,927.462.2225x446
1cce08e9,Laurie Bailey,55,Other,finance,Master,2016-04-15,62000,jeffreysantos@bartlett-hernandez.org,+1-396-392-6691x9769
910c4cb7,Eric Woods,52,Male,Finance,Diploma,2015-12-14,46000,milesmichael@hotmail.com,(330)241-5984x4967
f6ff3521,Nancy Lee,29,Male,IT,High School,2019-09-23,64000,jerrystrickland@yahoo.com,001-948-471-6756x948
1b0ae22e,Christina Smith,59,Female,IT,PhD,2015-12-02,67000,wmartinez@velasquez.com,(648)309-8890x815
c926a021,John Clark,21,Other,Operations,,2017-04-07,58000,amygallagher@gmail.com,064-033-5626x40859
e1509425,Anna Ponce,46,Male,IT,High School,2017-05-18,46000,qsanders@gmail.com,514-957-2281x60596
439e754c,Anthony Hernandez,47,Female,It,Master,2022-11-02,81000,bellchristopher@lewis.org,5267169778
92701d60,Daniel Wilson,27,Male,Sales,PhD,2018-02-21,71000,bwright@brown.info,001-197-673-1481x2479
2c154804,Melody Stevens,21,Male,Marketing,High School,2018-05-22,110000,tony44@padilla.biz,(605)020-6515x720
9e45455e,Matthew Brown,43,Female,IT,Master,2024-03-31,81000,owentravis@allen-williamson.com,(419)053-6263
66d71d97,Nichole Davis,52,Female,,Master,2018-05-08,80000,david32@yahoo.com,001-638-569-0536
e1035e1c,James Anderson,30,Male,finance,,2019-07-21,110000,alexandra09@dodson.com,(566)548-1901
0c9e5550,Bryan Griffith,60,Male,IT,Diploma,2024-09-09,62000,annlawrence@hotmail.com,+1-170-782-1176x4399
44c1f1b5, nathan stanley  ,27,Female,Operations,High School,2022-03-15,51000,joseph26@gmail.com,(067)524-7507x12972
567e642e,Olivia Randolph,33,Male,Admin,Master,2025-10-14,87000,obullock@gmail.com,(887)132-2875x428
4f9a5f98,Marcus Blair,58,Male,Admin,Bachelor,2023-10-28,85000,adriana28@long-powell.com,001-005-674-1829
dbb54645,Kenneth Reynolds,43,Female,Finance,Master,2020-05-05,106000,lauren97@king.com,305-044-8391x7300
f8f58a26,Joshua Guerrero,23,Male,IT,Diploma,2017-12-09,85000,kevinkirk@black-rivera.com,+1-657-879-7041
4cec495b,Shawn Shepherd,29,Male,finance,Master,2017-06-26,117000,carlwood@yahoo.com,001-574-299-4321x59668
c626e38f,Ashley Duran,52,Other,finance,,2023-05-16,108000,nathansandoval@tran.com,(927)307-3937
ba92992e,Brian Mitchell,42,Female,Marketing,High School,2019-05-02,111000,garrettmichael@yahoo.com,7348567584
16db80db,Melanie Garrett,33,Other,Admin,,2022-06-11,108000,jenna07@yahoo.com,+1-990-097-4993x7579
e9d6bb7e,George Smith,56,Other,Finance,High School,2024-10-27,49000,amanda84@gmail.com,(708)553-1665
7c059799,Vicki Hernandez,26,Other,IT,PhD,2019-09-29,74000,davidbryant@simpson.com,4344846611
5fb8944d,Carl Larsen,23,Male,Admin,High School,2024-11-25,73000,amber24@yahoo.com,716.230.2482x981
ca9f1d59,Mercedes Richardson,44,Male,Admin,PhD,2022-01-20,59000,margaret88@hughes.com,202.725.7522
b5a6571c,Mikayla Franco,36,Other,finance,,2016-09-27,49000,kylefreeman@hotmail.com,(255)483-1522x93011
c7cfeca8,Patrick Rios,24,Other,IT,Bachelor,2025-09-06,56000,richard41@gmail.com,968.514.5085x4912
9194821e,Cindy Estrada,55,Other,HR,Diploma,2021-04-29,91000,valdezkelly@lin-carroll.com,866-800-1563x1437
e00bd534,Bethany Neal,31,Male,IT,Bachelor,2023-06-22,96000,sheliaedwards@campbell-lucero.com,014.389.2044x635
0ec0ad4b,Alan Davis DVM,46,Other,Sales,PhD,2016-03-01,31000,stephenjones@petty-terry.com,+1-521-101-7992
0cf173f9,Donald Coleman,23,Other,Admin,Master,2025-10-05,89000,james90@hotmail.com,7705772975
32f8dbab,Gabriel Richardson,31,Female,Marketing,Master,2019-02-04,116000,fcampbell@kent.com,335.657.3294
76d70561,Thomas Lewis,35,Female,It,Bachelor,2020-03-14,46000,leontara@larson.com,(012)884-5296x9338
ec4e8cbb,Todd Beasley,58,Male,It,Master,2016-04-19,93000,maria99@yahoo.com,+1-472-697-0727x908
3defa7ba,Allison Branch,63,Female,HR,PhD,2025-07-23,78000,antonio93@yahoo.com,333.816.9750x7838
7233d5af, jenny cox  ,50,Female,Operations,,2017-03-31,66000,marc65@hotmail.com,655.899.1354x66522
797e3984,David Simpson,47,Female,Finance,Diploma,2022-09-18,44000,aliciamcfarland@gmail.com,975.339.6886x01025
5820b3f2,Kyle Brown,21,Male,IT,High School,2021-12-08,45000,robert60@gmail.com,(982)997-6997x1468
42378962,Tracey Reynolds,58,Female,Marketing,PhD,2016-05-12,32000,bethany01@tate.com,001-896-327-7540
1723ecdb,Alison Perez,52,Male,Operations,PhD,2025-01-17,57000,cookjames@hernandez.info,550-834-8403x62899
0cb5ee5c,Douglas Santos,58,Other,Operations,High School,2017-09-24,82000,brentcampos@smith.com,544-479-2897x09268
c7a2f280,Grace Green,45,Female,Admin,High School,2016-12-25,49000,kduncan@harris.org,001-812-118-5885
38aa76df,Samantha Cohen,31,Male,Sales,Diploma,2019-01-06,,zduffy@gmail.com,392.957.8650
34ec5264,Courtney Page,63,Female,Admin,Diploma,2022-10-22,28000,joseph51@gay.com,+1-525-630-8000x038
83666636,David Martinez,51,Other,Finance,Diploma,2020-03-20,64000,christinejackson@hotmail.com,074-126-0091
f796611f,Susan Sullivan,24,Male,HR,Master,2016-02-16,86000,eileenortiz@yahoo.com,3128072994
795e6f2b,Thomas Bowman MD,42,Male,finance,PhD,2019-11-22,45000,brandy63@aguilar.info,+1-474-622-6964x0763
2c56e0cd,Elizabeth Brown,37,Male,,,2020-06-24,91000,michael10@hotmail.com,+1-631-863-4555
3948fe22,Michael Bolton,34,Other,HR,High School,2024-10-10,71000,shelbyward@gordon.net,001-470-607-8054x07129
f168c605,Jeffery Thompson,58,Other,Finance,PhD,2020-02-01,89000,ricardo38@davis.com,997.901.1762x15887
b599277f,John Rodriguez,46,Other,It,PhD,2025-05-11,39000,susan87@yahoo.com,145.033.1523
e53e5f4c,Danielle Hamilton,51,Male,finance,Diploma,2020-06-05,103000,wolfeedward@miller-ball.org,(253)220-8127x499
7580e4e9,Justin Hammond,59,Other,Operations,Diploma,2019-01-05,76000,caleb79@burton-moore.com,919.001.1284
4d59616b,Kayla Williams,31,Female,HR,PhD,2023-11-11,109000,glarson@fleming.com,001-017-234-4677x95268
9fa4a627,Thomas Sparks,61,Other,finance,Diploma,2023-09-07,88000,hartchristina@kennedy.net,001-908-268-1542x38291
01e187d8,Ashlee Ross,63,Male,IT,Master,2016-05-17,102000,krista48@hotmail.com,001-698-804-9198
f76b9723,Ann Martin,43,Female,Admin,High School,2016-01-24,87000,brenda00@hotmail.com,+1-170-015-9197x7074
8fbba749,Kimberly Black,60,Other,,PhD,2022-12-11,111000,xwhite@cordova.com,001-434-782-1738x9145
485d831c,Meagan West,54,Female,Marketing,High School,2018-09-27,91000,vanessaclayton@hotmail.com,(056)420-2446x428
7b53359e,Andre Cortez,45,Female,IT,Master,2024-02-01,86000,stephen01@berger.com,001-595-252-9242x0904
46c79b36,Michele Ford,56,Male,HR,Diploma,2025-07-03,85000,gina92@yahoo.com,(584)329-9137
46e1ee40,Andrew Chavez,25,Female,hr,Bachelor,2021-06-05,105000,morgan68@gmail.com,+1-077-224-4146
f3c2944a,Joel Perez,23,Female,finance,Master,2025-08-09,104000,umeyers@gmail.com,327.884.5930
30385dd7,Anthony Berg,61,Male,Operations,Bachelor,2021-07-04,94000,morgandenise@anderson.biz,069-987-5852x57249
3d846fc9,Joseph Hill,63,Male,Operations,High School,2017-11-29,68000,jane49@zavala.com,(598)764-0069
db7904e0,Robert Thompson,49,Male,hr,PhD,2020-12-26,75000,teresacooper@schwartz.com,(469)016-4423x70141
6772fe9f,Allison Cunningham,41,Female,HR,Diploma,2018-11-19,97000,kimberly09@yahoo.com,510-517-7578x61235
23d26b8d,Joseph Rice,60,Female,Operations,Master,2021-11-05,88000,smerritt@hotmail.com,+1-876-626-9091x1963
7f53d344,Jeffery Jordan,28,Female,Sales,Diploma,2020-02-21,25000,yroberts@gmail.com,001-236-253-7863x07013
e82b5b36,Allen Martinez,50,Male,It,Bachelor,2020-08-25,72000,mathewanderson@morrison.com,001-168-897-8033x23164
bc9a7998,Cristian Lambert,61,Other,Operations,Bachelor,2022-05-21,45000,pwright@parker-townsend.com,001-586-491-7058
fea82e3a,Christina Powell,48,Female,It,,2023-01-28,119000,pamela20@moore.org,3071460109
57d9cbb0,Tamara Gonzales,57,Other,,PhD,2025-08-07,52000,stephen36@hotmail.com,+1-587-244-1113x973
afb28b3d,Jeffrey Long,49,Male,Sales,Bachelor,2021-05-27,58000,cgray@luna-reed.com,3105196814
79c9c839,Angela Richards,36,Female,Finance,PhD,2020-10-17,104000,shelley85@gmail.com,001-691-076-4326x3142
5bc677ca,Sandra Lyons,54,Other,Finance,,2018-02-24,99000,gadams@yahoo.com,382-244-2951x538
2b843ef3,Andrew Whitney,20,Female,finance,Master,2017-03-28,47000,gcollins@rodriguez-williams.com,102-409-7526x0665
8ee9581a,Jeffery Collins,32,Female,Sales,,2023-11-24,117000,michael64@allison-allen.info,001-431-130-9637x740
7885187d,Kevin Fischer,31,Female,IT,PhD,2021-10-25,53000,brendareid@hotmail.com,001-194-228-5220x43300
b9a5d4d0,Amber Chapman,47,Other,finance,Bachelor,2023-03-15,107000,spencer41@hotmail.com,(230)504-7827x7345
e9a1c6d5,Becky King,30,Male,IT,High School,2018-01-07,65000,austin63@gmail.com,346.526.7499x883
e64b9b37, matthew richards  ,57,Female,,PhD,2023-11-16,94000,simmonsregina@hotmail.com,199-177-3766x06259
38e59b27,Teresa Jones,20,Male,Admin,Diploma,2021-08-19,73000,millsbrittany@martinez.com,772.457.4415
df162ec3,Nicole Hodge,50,Male,HR,High School,2018-09-01,94000,anne22@hotmail.com,966.086.0489
e3082ddc,Debra Smith,31,Other,Sales,PhD,2024-04-24,83000,johngalvan@roberts.org,001-401-851-4968
95e7f614,Zachary Jones,64,Other,hr,Diploma,2015-12-07,53000,fhiggins@hotmail.com,368.945.6189x134
1e26ed31,Amanda Bishop,45,Male,Marketing,,2016-01-02,35000,reevesnicholas@bowers.biz,+1-316-755-0310x938
a267d32f,Rhonda Evans,59,Female,HR,High School,2017-09-16,72000,amy09@rivera.com,001-882-956-3797x36789
9ee339ff,Samantha Noble,35,Other,,PhD,2022-11-10,118000,rberry@king-munoz.com,+1-880-196-2231x42112
31cd9f6e,Larry Fritz,58,Female,Sales,Master,2016-12-08,105000,hterry@hotmail.com,340-444-4072x11125
ae423568,Maria Gonzalez,49,Female,Finance,,2023-05-27,69000,omiller@davis.info,001-667-956-1139
69c165ae, melinda cervantes  ,52,Female,HR,Diploma,2019-04-13,66000,tammy58@hotmail.com,530.193.6339
26996aab,Justin Carter,42,Male,IT,Master,2020-05-29,25000,jaime96@stewart.info,975-778-9776x12765
57b936b0,James Garcia,63,Female,hr,Bachelor,2021-01-02,98000,villarrealjames@anderson.com,492-410-0969
e4917f7d,Dustin Williams,53,Male,HR,,2023-08-23,103000,heidi74@gmail.com,0418136620
24aa5685,Derek Hall,24,Male,Marketing,,2025-08-31,77000,sara95@farmer.com,(661)020-1174x51889
2e2bdc6c,Frank White,37,Female,,PhD,2020-08-22,58000,bowmanrobert@gmail.com,477.310.1106
55273407,Tracy Santiago,48,Female,,PhD,2021-03-23,75000,crawfordjohn@rodriguez.com,0308597370
503be788,Lauren Barr,25,Female,finance,Diploma,2025-10-02,56000,daniel34@yahoo.com,(124)555-1951x3222
73b9c2ac,Jill Smith DDS,28,Female,It,,2018-12-07,108000,gregorywood@brown.com,(650)980-1705x69490
c606ddc4,Carmen Jordan,59,Male,It,PhD,2019-10-14,107000,starkkatie@gmail.com,578-847-1435x120
288f3435,Mary Johnson DDS,50,Female,,Bachelor,2021-02-15,95000,kelsey51@yahoo.com,4515828436
c79ddb62,Sally Fernandez,52,Female,finance,PhD,2017-10-19,74000,fharris@brown.com,685-869-7443x02789
6f07b60f,Brandon Brown,46,Male,,,2022-10-06,49000,williamsomar@castaneda.com,174-561-8512
6dd49c96,Maurice Johnson,33,Other,Marketing,High School,2019-06-03,85000,joshuaperry@banks.biz,5404834576
0131ff3b,Lori Davis,48,Other,,Master,2025-03-03,84000,jennysanders@page.com,001-825-413-2146x07781
bb0c7919,Taylor Acevedo,55,Male,hr,,2019-09-05,49000,cainmark@gmail.com,+1-439-395-7847
e45a87e8,Cynthia Cohen,47,Other,Admin,Bachelor,2018-07-24,60000,adamsdanielle@hotmail.com,(505)476-7445x31386
87f1d48c,Laura Larson,40,Male,Finance,,2022-12-27,53000,melissa17@banks.biz,823.627.8423x7405
010e4265,Penny West,22,Female,hr,Bachelor,2020-07-15,118000,bakerjulie@hotmail.com,+1-171-757-3228x3613
39ec8ca1,Brian Daugherty,38,Female,It,,2024-07-20,34000,gavin02@hotmail.com,142.002.8734x03627
4fe54745,Monica Medina,50,Other,,Master,2024-01-28,76000,justin72@scott.com,+1-562-952-2429x3267
80daa8ca,Tracey Reilly,54,Female,Sales,Master,2017-05-08,64000,gallagherpatricia@holder.com,520-826-0759x817
10b6a662,Robin York,22,Other,IT,Bachelor,2016-08-01,28000,michael89@kennedy.com,001-311-601-2403x60360
f2ce7eeb,Tanya Shannon,45,Other,Admin,,2016-09-13,89000,brett70@barnes-norton.com,+1-278-157-5849
85319f0f,Charles Chang,35,Female,Finance,Master,2017-05-04,36000,michael56@hicks.net,+1-755-281-0931
6f04af36,Spencer Kelly,30,Female,IT,Diploma,2023-05-15,86000,angelaandrade@elliott.biz,+1-938-963-5523x133
2240063b,Tammy Duncan,40,Other,hr,,2016-01-07,105000,sawyerjennifer@dawson-clark.com,862-685-0385x04486
7d7c59a5,Jonathon Kim,35,Female,Marketing,Master,2023-09-18,113000,vhanson@sullivan.com,+1-010-163-2900x0421
2a35ce30,Christopher Cain,28,Male,Marketing,High School,2025-04-06,48000,torresstephen@yahoo.com,+1-989-396-0733x125
cfdfc6f9,Anthony Wells,,Female,IT,High School,2017-07-23,67000,gibsonleonard@gutierrez-roberson.com,(614)206-2140x24998
396d1ffb,Brandon Kirby,40,Female,Sales,Diploma,2017-12-07,37000,brewermarcus@yahoo.com,+1-934-217-1152
3610901c, jamie miller  ,44,Male,IT,Master,2020-08-17,92000,frankjackson@gmail.com,(312)841-5277
812faa38,Anna Wong,36,Female,hr,High School,2021-07-19,82000,john06@vaughn.com,(559)253-2425x4759
b60b4f87,Christopher Macdonald,32,Female,IT,,2023-06-06,79000,ephelps@stevenson.biz,762-492-9896x18752
600c9c71,Leslie Moody,47,Other,Finance,PhD,2022-09-09,75000,brittany14@thomas.net,828.170.2624x58522
c5709e30,Jessica Mckee,30,Female,Sales,Master,2017-01-27,89000,andersondrew@gmail.com,316-720-8388x8461
980b6853,Nicholas Myers,54,Female,Operations,Diploma,2019-11-15,91000,adamsjennifer@gmail.com,+1-086-226-5919x40669
1bad52a8,Meagan Charles,53,Male,HR,Master,2016-06-30,35000,kenneth24@hotmail.com,250-556-2975x593
0c5921f8,Amber Williams,30,Other,It,Bachelor,2020-05-27,98000,justinjohnson@vazquez.com,841.962.1985
71be94c3,Micheal Green,25,Other,Operations,Bachelor,2025-06-07,91000,davisdavid@hurley.com,001-155-388-4697x5384
40b374f8,Rachel Henderson,47,Other,finance,High School,2020-12-06,66000,masondavidson@yahoo.com,365.927.6611x317
349b5089,Andrew Lam,29,Female,IT,Bachelor,2025-04-26,96000,matthewblake@morris.info,(158)650-4870x8728
0261c87a,Cassandra Mitchell,51,Other,Marketing,Diploma,2020-08-05,97000,briannashannon@hotmail.com,+1-401-067-6454x0560
19d9d0b5,Melissa Grant,24,Male,Operations,High School,2017-04-30,114000,zmoss@yahoo.com,(018)732-8565
9f6facc1,James Rodriguez,33,Other,,Diploma,2020-09-15,29000,lamamanda@hotmail.com,+1-090-538-0534
6b382a0a,Lauren Trevino,50,Male,hr,,2018-10-03,38000,xcarpenter@gmail.com,(503)240-3070x30885
82f73861,Margaret White,29,Other,Operations,Diploma,2019-12-21,65000,steinadam@gmail.com,+1-423-489-8376x3895
485f7888,Stacey Howe,41,Other,Admin,Bachelor,2021-02-17,54000,dwilliams@sanchez-spears.biz,+1-608-973-6547x7460
7f6bd3c6,Diane Bishop,44,Male,Sales,,2021-10-06,109000,toddlopez@griffith.biz,108-439-9016
c72850c1,David Baker,52,Other,hr,Bachelor,2018-05-07,76000,robertburns@gmail.com,001-358-751-4600x25300
f91e5fcd,Allison Chavez,64,Other,Marketing,Diploma,2025-01-06,29000,brianacarter@hotmail.com,+1-584-034-4991x954
68e5c8cd,Austin Smith,52,Other,finance,Bachelor,2019-03-28,56000,mhancock@hotmail.com,1774950354
8c52d271,Ashley Thomas,47,Female,It,Bachelor,2019-06-06,52000,james82@ramirez.org,925-305-8135x512
b02e21aa,Mrs. Olivia Petersen,22,Male,Operations,Bachelor,2024-01-09,44000,jacobmartin@dickerson.com,+1-640-089-3875x59868
3c088990,Joshua Martinez,35,Other,Sales,Master,2018-09-04,77000,gregory23@guzman-johnson.com,6664306738
16c8e3d7,Laura Clarke,53,Male,HR,,2024-11-24,79000,wisemichelle@yahoo.com,502.787.3621x8481
92fbacf6,Joseph Patel,31,Male,Sales,,2023-10-30,117000,lutzkevin@collins.com,745.584.8911x661
f30ee4fe,Lisa Beard,59,Male,Sales,,2021-11-28,44000,lisa67@johnson.com,347.422.1991x4315
13365c0c,David Mendoza,57,Other,hr,Diploma,2022-09-11,78000,austin62@sanford.info,9707102023
e79f9f3d,Nicole Wallace DDS,33,Other,HR,PhD,2024-03-02,81000,gomezjames@yahoo.com,925-096-1830x3862
74eda60e,Marcus Brown,47,Male,Sales,Diploma,2025-07-24,87000,jennifergriffin@harding.org,+1-981-899-9328
439db29d,Daniel Gallegos,47,Female,Admin,,2025-03-28,109000,john09@garner.org,007-826-9313x241
d02c75f9,Nicole Hardy,29,Male,It,High School,2017-12-02,69000,hicksvickie@yahoo.com,001-100-225-9163
da2cf852,Pedro Greene,50,Female,Operations,Bachelor,2019-05-05,107000,jeffreyfigueroa@hotmail.com,453.421.0558
ad409244,Yvette Marks,20,Male,Operations,Bachelor,2016-08-14,45000,smithadam@sawyer-jones.biz,001-911-983-1030x527
1dabb10a,Ashley Lewis,32,Male,Admin,PhD,2018-02-26,83000,phillip74@yahoo.com,3441844043
e3ea2d7f,Stephanie Peterson,38,Male,Operations,High School,2022-11-07,34000,juliagarcia@hotmail.com,075.540.5558x64452
236dd176,Mrs. Dawn Hawkins,40,Other,Sales,Master,2021-05-04,70000,stephanie65@hawkins.org,(465)072-3134x1916
54231dbe,Gary Greer,29,Female,finance,Diploma,2022-03-28,54000,stephenmcmillan@smith.com,(884)483-5753
f480b91e,Christopher Knox,45,Female,Sales,Master,2020-06-17,100000,flynnjulie@gmail.com,001-148-081-0262x333
bbaa574f,Eric Thomas,21,Male,hr,High School,2023-07-25,41000,joanne24@gmail.com,(961)930-0207
57bcad3a,Brent Stewart,35,Other,,PhD,2023-11-02,45000,ckeller@kemp-romero.org,+1-064-739-5800x817
6676cc75,Corey Roberts,62,Other,finance,High School,2017-06-06,79000,stevensonashley@yahoo.com,411-707-2308x946
d5f0fb6a,Keith Morales,46,Female,Marketing,PhD,2017-03-17,40000,wrightroger@yahoo.com,(629)819-9788x3584
7a6e43d0,Perry Washington,47,Other,Marketing,Master,2021-08-11,61000,megan53@moore.com,417.650.3602
e2d903c8,Nicole Barton,39,Female,finance,Master,2024-08-09,48000,swalters@evans.com,+1-193-051-2719x810
21ec4754,David Medina,34,Female,Sales,High School,2025-05-02,55000,reedpamela@hotmail.com,001-844-652-4882
fb481ded,Lydia Payne,55,Female,IT,High School,2018-01-04,38000,laurawilliams@gmail.com,(523)430-4063x25295
1a8cf13c,Monica Cline,38,Other,,Bachelor,2016-11-25,36000,pferguson@gmail.com,(910)352-4154x4799
7b90942f,Juan Davis,24,Female,Admin,PhD,2024-09-22,81000,jessicavaughan@hotmail.com,818-501-2083x89211
702b7014,Devin Black,37,Female,Sales,Bachelor,2023-10-10,113000,victoriamartin@hill-wallace.info,(347)016-5418x38429
c7774fae,Rachel Franco DDS,23,Male,finance,Diploma,2016-06-09,73000,grahamdebra@hotmail.com,+1-363-176-1973x01411
dcd1c413,Lori Valentine,21,Female,IT,Diploma,2024-09-03,34000,juan86@hotmail.com,094-989-9056
ba2eeeb3, lisa ryan  ,,Female,Sales,High School,2020-07-09,36000,owensdonna@stevens.com,985.864.9079x6184
7bab1baa,Danielle Hester,56,Male,IT,Master,2017-01-15,73000,rodriguezkelly@mills-smith.biz,001-042-116-3340x16633
e3395b1a,Luke Alexander,33,Male,finance,Diploma,2015-11-01,61000,danielrodgers@yahoo.com,393-373-6179
1036ca81,Jane Edwards,52,Other,Sales,Diploma,2024-02-05,,johnsonjonathan@gmail.com,+1-448-998-3587
032a09e0,Ann Peterson,53,Female,HR,Bachelor,2025-08-12,62000,gonzalesholly@jones.org,485-312-4175x9164
865a7766,Erik Keller,43,Other,Operations,Bachelor,2017-11-08,50000,campbellcarolyn@marquez.com,001-897-046-4001x49133
b9493906,Louis Bowen,42,Other,finance,Diploma,2017-10-09,59000,christopher10@williams-boone.com,094.726.2163x1577
f4acc7e2,Amy Mcdaniel,30,Male,Marketing,High School,2022-11-20,55000,owenmitchell@robinson.net,001-615-743-5513x64930
84e3b774,Isaiah Terry,36,Other,Marketing,Bachelor,2017-10-30,64000,benjamin60@yahoo.com,694-529-6724
9e44e98c,Michael Bell,33,Female,,Diploma,2017-02-03,38000,deborah41@yahoo.com,+1-347-014-9279x1026
ba05dd0f,Blake Vega,62,Male,Finance,Master,2020-11-30,54000,sharon56@knight.com,+1-742-890-6690x463
a9e8f0d8,Ronnie Medina,34,Female,Marketing,Bachelor,2022-08-17,29000,rwells@brown.net,+1-643-044-9796x9771
260e37cc,Rhonda Clark,45,Female,Finance,Diploma,2020-03-08,112000,garciamatthew@gmail.com,760-670-0128x00243
e45e2ad0,Jason Fletcher,26,Male,HR,PhD,2020-02-17,75000,uthompson@mathis-scott.com,810-098-2533
02fb2869,Jose Green,64,Female,finance,Bachelor,2022-04-18,105000,daniel61@vincent.com,365-947-0281x6236
816ce054,Anthony Washington,43,Male,IT,PhD,2017-03-10,45000,staceybailey@gmail.com,956-799-7146x85749
7eef09ab,Kristopher Curtis,35,Female,,Bachelor,2017-07-21,54000,egonzalez@thomas.com,528-825-0833x6780
c05db774,Chad Moreno,47,Male,Operations,Bachelor,2025-09-16,96000,gardnervanessa@yahoo.com,+1-922-735-5879x77298
54b58635,Cassidy Carter,26,Other,Admin,,2024-05-21,69000,sara88@ball-johnson.org,+1-872-569-3746x863
81c61eeb,James Grimes,33,Female,Finance,,2019-11-26,90000,louislandry@gmail.com,001-840-553-7285
60ee64ba,Natalie Hawkins,45,Male,Operations,PhD,2016-10-29,114000,garciaalexis@hotmail.com,393.134.0360x73771
142e3df0,Jonathan Williams,64,Female,,High School,2025-08-10,66000,whitakerbrittany@raymond.com,061-380-6490x02880
92b26acd,Deborah Smith,25,Female,,Diploma,2023-08-01,,shepherdcheryl@wilson.info,338.304.0479x4161
7f9ad277,Emily Henderson,21,Female,Marketing,High School,2021-12-24,67000,dorothybruce@lopez.com,(365)289-3933
fb0d3cda,Peter Morgan,47,Male,Operations,High School,2020-12-17,80000,jennifer49@mcbride.com,+1-575-744-5825x74237
048c8480,Laura Patton,62,Other,Sales,,2018-09-25,32000,lori26@yahoo.com,204.393.4530x395
092c4801,Francis Walker,42,Other,hr,Diploma,2020-12-08,28000,timothypatel@hotmail.com,946-878-7139
d36ec1bd,Renee Johnson,21,Other,,,2024-02-16,102000,rlarsen@hotmail.com,(038)543-3665x819
f692641a,Scott Wood,38,Male,Finance,,2019-06-03,32000,johnsonchad@cunningham.com,001-320-966-7216x256
e3de4ec0,Sherri Logan,64,Other,Admin,,2024-07-31,68000,lorilopez@hotmail.com,+1-578-843-4758
a7939a2e,Cathy Barnes,33,Male,Admin,Master,2025-02-05,115000,nruiz@hotmail.com,(080)861-0572x652
57423882,Amy Sanders,43,Female,It,High School,2021-07-10,100000,ggibson@smith.net,461.596.5439x10510
d10bf4dc,Lee Perez,48,Female,HR,High School,2018-12-10,47000,susan89@schultz.com,(568)867-3822x65599
54fc286f,Michael Leonard,32,Other,HR,High School,2019-11-26,97000,holdershawn@brown.com,+1-933-129-9315x23005
99966612,Cody Thompson,25,Male,Marketing,Master,2024-04-03,65000,tmiller@yahoo.com,665-234-3194
5d00df1b,Victor Yates,35,Female,Sales,Bachelor,2024-01-06,45000,millermargaret@lawrence.com,(574)998-1648x4624
18f1a1e4,Stanley Benson,62,Male,Marketing,PhD,2020-10-09,83000,znewman@keith.biz,001-314-356-0341x1462
008ffab9,James Gallagher,38,Male,Admin,PhD,2025-04-27,109000,maddenmelissa@gmail.com,(954)128-0949x305
a2379e6f,Jeanette Garcia,54,Female,IT,Master,2024-03-25,60000,nunezcolleen@hotmail.com,+1-534-009-4674x80411
8c357321,Michael Garcia,27,Male,Admin,High School,2023-08-07,62000,emyers@todd.net,575-339-5157x4606
1b37ef19,William Gordon,56,Female,,PhD,2015-11-18,107000,pamelaclark@hotmail.com,808.312.4653x072
7e0f60b2,Kim Holmes,40,Female,Operations,Master,2016-10-05,97000,myersjacqueline@hotmail.com,001-299-552-1572x3148
be153187,Anthony Hodges,20,Female,Operations,,2023-10-10,97000,tsmith@yahoo.com,+1-975-559-6841
41191aa7,Alexis Wells,42,Male,,Diploma,2025-05-01,113000,foxanthony@gmail.com,892.888.7569
1ee93260,Jennifer Dawson,26,Female,,PhD,2025-05-02,112000,sheltonbrian@gmail.com,001-990-856-9202x835
3730dfba,Bethany Baxter MD,29,Male,Admin,Diploma,2017-11-09,76000,lgarrett@williams-mckinney.net,(876)756-6731
30c9c51f,Teresa Wallace,31,Female,Operations,High School,2018-04-20,51000,tonya56@collins-miller.org,(841)714-7968x519
c1d48a10,Alexis Pham,35,Female,Operations,PhD,2021-08-05,100000,richardjose@yahoo.com,001-907-651-5203x5083
a21c0c06,Zachary Ortiz,26,Other,finance,Master,2019-12-03,38000,awilliams@white.org,001-686-067-8449x64113
1f8b4af1,Christopher Burnett,39,Other,It,Bachelor,2018-09-26,83000,lross@farmer.com,(892)700-6982x192
75175f39,Nicholas Calhoun,36,Other,Operations,PhD,2021-06-27,83000,robertboyd@hotmail.com,+1-024-507-6248x644
811317a8,Joseph Perez,48,Male,,PhD,2017-05-31,29000,dennisdougherty@ramos-elliott.com,001-981-595-1774
011c4544,Karen Perez,36,Male,HR,PhD,2018-06-20,75000,vgraham@johnson-steele.com,402.197.0206
8da03d88,Kevin Cruz,64,Female,Sales,PhD,2017-04-09,35000,margaretmorgan@gmail.com,483.234.8634
95ca788d,Amber Spencer,49,Female,IT,Master,2025-03-29,42000,lori52@oliver.net,521-386-7417
c7f4f4f9,Madison Richardson,56,Female,,Master,2016-04-28,119000,mjohnson@brown.biz,448-590-7138
b11af726,Jose Collins,50,Female,It,Bachelor,2025-03-02,98000,nicole75@gmail.com,568-458-6162x484
d0b3d752,Justin Potter,29,Male,Operations,Master,2018-07-31,25000,onealjohn@hotmail.com,001-388-933-0449x81895
a8535961,Sherry Cox,63,Female,Finance,Master,2018-08-16,78000,james27@gmail.com,123.867.3979x60086
52645a59,Tiffany Williams,43,Female,Admin,High School,2022-09-16,38000,briangardner@johnson.com,001-078-049-9033x2631
6b2d9ccc,Jessica Torres,51,Other,Admin,High School,2024-01-07,87000,wrightdouglas@shaw.com,(517)769-8367
b148b2a6,Matthew Morgan,56,Female,Sales,Diploma,2025-07-11,92000,rsmith@johnson.net,+1-139-088-5085x42401
65daced0,Craig Beard,59,Female,,Bachelor,2025-10-05,38000,tannerraymond@hotmail.com,(827)315-4212
4b4ef503,Tony Moore,26,Female,Sales,High School,2016-10-29,66000,qbeard@adams-greene.com,(887)065-7024x452
235fc3d5,Jillian Carrillo,29,Male,HR,Bachelor,2022-10-05,97000,julie61@benjamin-thomas.com,9814818548
e2ed8686,Nancy Rowland,40,Other,hr,Bachelor,2022-09-14,40000,ganderson@gmail.com,5009851685
d7d3b9d9,Lisa Ochoa,42,Female,Marketing,PhD,2022-10-22,47000,kimberly02@hotmail.com,5293541073
505c7527,Jeffrey Ayala,59,Female,Finance,,2016-02-18,97000,reesehector@hotmail.com,208.822.5746x544
8db78572,Dana Carter,35,Other,Marketing,,2018-04-29,53000,vkelly@hotmail.com,063.446.8023x40702
35afbb2d,Natalie Burns,30,Female,hr,,2025-01-02,90000,zimmermanbriana@weaver-stokes.com,(726)018-8038x14590
afc5c20e,Sean Peters,64,Male,Finance,Bachelor,2023-02-14,74000,elizabethcole@bell-mcdowell.com,+1-707-824-8149x441
21f6c63d,Christopher Jones,50,Female,Marketing,PhD,2021-12-07,83000,jesuscarter@jenkins-glover.com,164-964-9489
f9a55cf2,Miguel Pena,33,Male,Finance,Diploma,2019-04-05,26000,jeffrey37@gmail.com,+1-709-649-6545x90008
8ae0b8a0,Ryan Lawson,34,Male,Sales,Diploma,2025-02-22,28000,olivermegan@hotmail.com,7350153484
b5d9ad36,David Williams,40,Female,IT,,2019-06-17,51000,xmorgan@hotmail.com,(981)489-7839
8ff19886,Mark Johnson,46,Other,finance,Diploma,2025-07-07,101000,scott31@hotmail.com,9090717029
f1530f68,Rebecca Perez,38,Male,Finance,PhD,2021-12-10,34000,hector90@moore.com,2801332780
ac9b389a,Kathryn Thomas,51,Other,hr,,2023-08-13,95000,eric34@yahoo.com,+1-119-148-8377x356
88addab1,Crystal Abbott,28,Female,Sales,PhD,2016-11-15,95000,chad21@vasquez-moss.net,001-719-495-5682x106
6c21835d,Alexandra Hodge,58,Male,finance,Diploma,2022-10-09,99000,davisnicholas@yahoo.com,+1-088-403-8753x596
1b41a61e,Rachel Yang,50,Female,Sales,,2021-01-11,38000,kshaw@hotmail.com,(235)467-9538x3779
0d95aaf5,Michelle Sanders,51,Other,HR,PhD,2022-08-25,106000,jessicaabbott@yahoo.com,(957)405-7937
4458b006,Dustin Stein,20,Female,Operations,Master,2024-10-22,71000,angelarivera@fowler.com,(028)855-2980x0246
fbc8c77e,Haley Jackson,51,Female,Admin,Master,2018-01-27,69000,norrisnicole@hotmail.com,412-258-0484
257c54bc,Thomas Moses,51,Male,HR,PhD,2017-08-23,51000,alisonstein@hotmail.com,001-511-055-9672
c8cba592,Jeffrey Petersen,59,Female,hr,PhD,2015-10-27,30000,ywhitney@hotmail.com,001-878-418-5678x863
8a8a4105,Joseph Ward,31,Female,,High School,2016-01-14,94000,duartekelly@myers.biz,(162)392-6572
73dd3bc6,Lance Robinson,48,Female,,High School,2019-01-05,117000,isaacpeters@gmail.com,001-444-380-7744x21495
acef45c4,Kristen Smith,51,Male,Admin,Bachelor,2023-11-02,105000,elizabeth30@smith-mcclain.com,4794764415
396c357b,Nicole Mcbride,31,Other,Sales,,2015-12-18,111000,janice78@acevedo-jones.com,7958532662
638e1388,Daisy Larson,44,Other,IT,Bachelor,2016-02-28,29000,sarahramirez@jones-obrien.com,(287)169-4442x498
cbfd4a31,Jesus Shaw,40,Female,hr,Bachelor,2023-05-28,81000,joshua18@gmail.com,963.578.4611x3845
b1644235,Shelly Moss,57,Male,Admin,Diploma,2016-08-04,91000,gcastro@curtis-mullins.com,302-999-0303
61af663c,Laura Coleman,20,Female,It,Master,2019-12-26,78000,andrew43@richard.com,001-720-956-2505x7521
c9c1ad45,Kayla Moore,56,Other,finance,Diploma,2024-02-03,90000,ramosronald@camacho-cook.com,974-210-6646x763
f740d87c,Melissa Brown,57,Male,finance,,2024-08-25,72000,teresaflores@hotmail.com,607.606.9420x222
be6127a8,Emily Riley MD,44,Other,,PhD,2016-10-31,74000,pearsonphilip@yahoo.com,+1-588-523-8416x4979
de6cf36b,Donald Cole,64,Other,Operations,High School,2024-10-11,82000,wendyjones@stanton.com,+1-474-018-0768
716ca1f2,James Johnson,33,Male,It,,2024-07-06,29000,kathy16@walker.com,301-035-6149
a23ff67d,Nicholas George,52,Male,Sales,PhD,2022-11-22,113000,susanbaker@gmail.com,001-492-361-1677x4773
5e244824,Jane King,60,Female,,,2023-03-12,74000,amy17@hotmail.com,334-117-0272
bd0b0fa2,Tanner Decker,62,Female,IT,PhD,2025-09-01,61000,vmaldonado@wells-brown.biz,001-355-973-2868
b993ff63,Leslie Martin,58,Other,Admin,High School,2019-08-16,34000,monica60@vasquez.com,177.502.4839x9120
72e588e9,Keith Garcia,29,Male,Finance,PhD,2018-08-05,75000,anthony00@hotmail.com,(155)989-2837x7522
13106665,Victoria Keller,21,Male,IT,Bachelor,2016-06-03,116000,robert83@rivera.com,565.515.1927
bc2e2b59,Mr. Robert Acevedo MD,24,Female,Finance,,2024-04-13,43000,conniebrandt@yahoo.com,+1-541-067-5858x8346
0a670143,Ms. Kayla Williams,27,Other,Sales,High School,2016-05-25,33000,qreyes@gmail.com,(580)419-1116
43a534d2,Tammy Jackson,24,Other,Admin,PhD,2025-07-04,49000,kennethbright@campbell.com,802.812.5954x25043
d89462e8,Robert Smith,27,Female,It,Bachelor,2024-07-23,71000,donna02@hotmail.com,426-204-7148x9080
77617d80,Stephen Smith,57,Male,finance,Bachelor,2019-10-16,114000,zcardenas@ingram.com,947-953-4330x666
0a398bf7,Jasmin Hamilton,49,Female,It,Master,2020-06-11,37000,lcox@yahoo.com,(045)236-9238x2205
98cd2655,Thomas Romero,50,Female,It,Bachelor,2024-05-20,82000,matthew40@gmail.com,2580289468
a0180791,Megan Grant,59,Female,It,Diploma,2020-05-31,35000,cassidyward@yahoo.com,053.789.4098
4d187b75,Karen Hughes,30,Female,finance,High School,2018-06-06,46000,reginaldevans@gmail.com,(681)986-4864x66593
8cd74c27,Bradley Phillips,26,Male,HR,High School,2023-03-16,108000,chasejose@rivera.info,(238)571-2122x701
b52a9e6b,Robert Roberts,26,Female,finance,High School,2024-03-01,95000,william39@hotmail.com,923-573-7393
f4fd25b7,Cynthia Tran,46,Male,hr,PhD,2020-12-23,62000,duffyjessica@cruz-vazquez.org,(501)922-7196
c948384b,Marie Davidson,38,Female,HR,,2024-12-31,32000,pbrown@fernandez.net,001-703-105-3718x0982
8b074d1a,Jordan Williams,25,Other,HR,PhD,2023-04-16,111000,yorkmichael@hotmail.com,5337753128
597278c5,Mr. Paul Chase,29,Male,finance,Diploma,2022-10-06,118000,denise43@anderson.org,794-331-5216x644
a9d049dc, chloe parker  ,38,Other,,,2018-10-17,48000,andreacollins@gmail.com,001-450-742-1787x8300
4b27b079,Leah Collier,34,Female,Operations,Bachelor,2022-10-09,40000,moorepenny@yahoo.com,(752)575-8364x928
9e47a339,Amanda Gonzalez,22,Female,Operations,PhD,2021-09-17,65000,holly88@park-wu.org,001-966-810-6300x721
8fb3a134,Alice Conley,24,Female,hr,,2016-10-22,52000,qmorales@thompson.info,+1-265-353-8218
a6388854,Clarence Wood,40,Male,Marketing,Bachelor,2023-11-17,83000,bellandrea@castillo.com,088-642-9432
5893ef12,Terri Cisneros,44,Other,,,2020-09-02,90000,zmartinez@gmail.com,474-935-4941
a46b6fce,Jessica Jones,21,Male,Marketing,Bachelor,2020-05-17,108000,elewis@young.info,9758776987
3e6b74fd,Michael Graham,59,Male,Finance,,2021-08-03,80000,carterholly@bullock.com,001-608-709-9935
e2ba9fce,Mary Henderson,60,Female,It,PhD,2022-07-09,95000,xperry@hotmail.com,276-293-1770x772
cbd431cc,Adam Holland,32,Other,,PhD,2021-03-09,37000,vjackson@guerrero.org,096.694.1620
41afeb2a,Elizabeth Miller,29,Female,Admin,Diploma,2023-04-25,62000,zhobbs@gmail.com,159.157.3143
06531d47,Ryan Kaiser,36,Male,Marketing,Master,2018-01-24,39000,henrymarshall@soto.net,5961605050
c53f1db3,Douglas Morton,30,Female,hr,High School,2023-01-24,41000,rwilliams@yahoo.com,518.386.0400
823c7ef9,Ashlee Mendez,41,Other,hr,PhD,2023-10-24,118000,fwilkinson@adams.org,+1-198-222-8328
4be318a8,Leslie Barton,30,Female,,PhD,2022-07-10,98000,stephen52@frye.org,+1-006-556-4245x8197
5200044b,Joseph Smith,31,Other,HR,Bachelor,2021-12-06,43000,gloverjaime@walker.com,(396)124-2226
189099c9,Paige Jordan,43,Other,Admin,Master,2020-07-01,69000,joseph47@gmail.com,673-366-0538
c5f833cf,Elizabeth Taylor,63,Female,Sales,PhD,2017-04-30,68000,nancy82@fry.com,001-944-524-9054x13237
a07eafb1,Latoya Howell,37,Male,Admin,,2024-06-21,27000,wallacekimberly@gmail.com,535-795-3945
a127dc6b,Lawrence Glover,64,Female,hr,Master,2018-07-11,107000,grahamthomas@yahoo.com,+1-592-815-1547x3653
af76b6c2,Kimberly Grant,54,Male,Finance,High School,2024-05-05,118000,clarklaura@winters-evans.com,933-665-2035
34a0dcd4,Madison Wilson,63,Male,It,,2017-07-20,43000,ricardophillips@morris-smith.com,612-805-4391x322
e0ee5e8a,Melanie Davidson,26,Female,Marketing,Bachelor,2023-05-26,34000,johnhull@hotmail.com,(560)010-1454x783
6f6bbdf3,Angel Johnson,47,Male,Marketing,Diploma,2025-10-08,88000,johnsonethan@wolfe-hayes.org,(437)482-6232x98618
12767d13,Jessica Cox,50,Male,Finance,,2020-06-01,41000,beth95@hines.com,001-891-863-5912x4704
0614ac41,Laura Mosley,62,Female,IT,High School,2024-04-12,62000,bsmith@barrett.com,001-312-402-1409x9149
09b2eae6,Kurt Martinez,36,Female,It,,2023-11-28,67000,nolanlaurie@rivera.biz,001-214-171-0191x540
2d90e4ee,Brandi Ibarra,24,Female,,Master,2025-08-15,41000,ngolden@robertson.biz,(248)064-2048
12087e20,Heather Sweeney,36,Male,hr,Master,2021-10-02,70000,robertchristian@yahoo.com,+1-633-200-2683
e9366a85,Laura Guerra,37,Other,Operations,High School,2015-11-10,54000,rachael81@gmail.com,001-700-734-9538
737cf8b5,Adrian Levine,40,Male,finance,Master,2016-06-26,62000,karenbowers@yahoo.com,+1-101-361-1506x47566
50ffde64,Abigail Acevedo,55,Other,Finance,,2019-02-05,61000,cynthiabennett@mueller.org,396-110-7647
1e494952,Isabella Taylor,50,Female,Finance,Diploma,2021-01-10,102000,christinashields@gmail.com,403.618.4061
b864a47b,Joel Rogers,59,Other,Admin,,2021-06-24,70000,josephbaker@may.com,854-600-8118x465
bef6a59a,Tyler Murray,21,Female,,Diploma,2018-01-19,93000,eguzman@yoder.com,3207726156
d926fe41,Michael Lambert,46,Female,,Master,2018-05-03,31000,nancydavis@gmail.com,+1-493-314-7684
80b9ec30,Edward Guzman,28,Other,Operations,,2016-11-02,109000,jennifergilbert@matthews.com,001-638-834-8630x18844
af95be79,Anne Chambers,53,Female,finance,Master,2018-12-18,88000,pamela59@bentley-henry.biz,025-284-3129x54313
481186e9,Kristen Ramirez,47,Other,,Diploma,2023-03-30,36000,whansen@sharp.net,001-035-294-7239x0067
61a451ff,Leslie Case,33,Female,HR,Master,2018-11-08,78000,benjaminluna@smith.com,(825)244-2331
07e3c39a,Christopher Thomas,51,Male,hr,PhD,2022-07-23,111000,millerjaclyn@gmail.com,+1-132-773-4217x6979
38491ecc,Felicia Matthews,25,Male,HR,Bachelor,2019-08-22,108000,jason36@sexton.com,099.845.2205x9798
cbf925b5,Robert Keith,30,Female,IT,,2016-10-16,66000,curtiskhan@kent.com,+1-845-542-7305x81630
4b83b570,Deborah Simon,48,Female,hr,PhD,2019-06-27,27000,beckyblake@yahoo.com,183.281.5957x26768
4c4d6e40,Carlos Morrow,39,Other,It,Master,2017-12-04,94000,nkirby@williams.com,987.605.9127x9728
f7222fbe,Edward Tucker,49,Male,Sales,Master,2022-06-01,83000,uschneider@carroll.com,+1-246-358-5932
a5df6f85,Emma Chan,42,Other,hr,Bachelor,2020-02-24,35000,kristijohnson@hotmail.com,098-556-5768
02dabd76,Ryan Thomas,38,Female,hr,Master,2021-09-03,82000,fisherapril@avila.com,1782926889
243113fd,Holly Rivas,55,Female,Operations,Bachelor,2018-09-21,100000,hansonkelly@hotmail.com,515.519.6578x16917
929daf9f,Alicia Navarro,22,Other,It,,2022-02-11,77000,crystal34@hotmail.com,(314)041-5354
8c2aa0b1,James Schaefer,46,Female,HR,Diploma,2023-05-05,67000,davidsmith@hotmail.com,137.026.8920x05820
35c606b5,Jennifer Sampson,62,Male,finance,Bachelor,2019-08-03,39000,bautistanathan@yahoo.com,+1-357-441-8146x950
b9d707a9,Daniel Taylor,38,Other,Admin,Bachelor,2019-11-28,29000,howardharold@sanford-mcgee.com,141.580.4657x2118
e7d73d1d,Julie Thompson,42,Male,Operations,PhD,2015-12-21,37000,virginia70@jenkins-arnold.com,288.435.9790x356
2477f047,Justin Murphy,50,Male,hr,Master,2016-05-12,81000,tina16@hotmail.com,(116)998-6077x840
9dec2b83,Rachel Smith,59,Male,Admin,,2023-08-26,54000,jenniferjohnson@mcclain-fowler.info,105.953.2508
1d57e734,Joseph Dougherty,54,Other,It,Diploma,2020-03-09,64000,millerdanielle@gmail.com,+1-580-426-7269x66824
913a1734,Catherine Barker,52,Female,Marketing,High School,2016-06-19,58000,ashleysims@gmail.com,001-947-469-2597x69246
c04446bf,Cynthia Taylor,54,Male,Admin,Bachelor,2022-04-14,33000,zolsen@alexander-johnson.com,+1-584-035-2621x2040
8c8181b4,James Peck,20,Male,Finance,High School,2019-08-31,104000,haasrobin@rhodes-jefferson.biz,844.371.0031x5391
12b99a50,Rebecca Brooks,33,Male,Operations,Master,2021-07-01,53000,heather39@thomas-smith.net,(040)806-3763
402d105b,Mr. Gregory Hart,52,Female,Operations,Bachelor,2017-04-09,67000,kim85@palmer-gonzalez.net,586-904-5132
94a1eab0,Tiffany Davis,54,Female,Finance,High School,2023-02-28,78000,timothylewis@harris-miller.com,+1-311-371-8348x308
5b6d6b7c,Vanessa Bishop,24,Other,Marketing,PhD,2024-07-23,94000,sbradley@yahoo.com,(370)126-7707x9414
3c0a584e,Stacey Rodriguez,57,Female,,High School,2021-08-19,41000,heatherbryant@hotmail.com,001-282-488-3144x68204
11defebf,Angelica Lopez,60,Other,,PhD,2018-04-18,106000,larajonathan@gmail.com,1807949800
7c6166df,Spencer Manning,30,Other,,Diploma,2018-04-29,102000,glassalexis@gmail.com,+1-659-534-7957x6513
a8cfe589,Robert Bauer,21,Other,,Master,2020-06-03,109000,sanchezmegan@jones-johns.com,+1-601-313-2107x032
27035b27,Keith Gonzalez,63,Other,HR,,2023-09-17,62000,xavier54@sandoval.com,727-122-4639x4841
cec56969,Benjamin Jordan,36,Other,Finance,High School,2022-08-07,65000,william10@aguilar.com,+1-498-693-5028
2b2bf58c,Adrian Krueger,58,Male,Marketing,Bachelor,2023-12-11,77000,xthomas@miller-adams.com,+1-501-468-9773x53686
c921057c,Michael Travis,39,Female,hr,Master,2022-01-23,53000,brownmary@hotmail.com,+1-669-617-0277x59110
a40dfea5,Jonathan Glover,33,Male,IT,High School,2017-11-17,43000,davidthomas@rodriguez-drake.com,248.351.6701x037
5c074653,Erin Carter,51,Other,Operations,Bachelor,2017-12-05,119000,dyerkyle@moore.com,565.869.5946x738
54e14f3a,Brenda Bradley,53,Female,Admin,Bachelor,2021-08-17,65000,sarah26@gmail.com,+1-522-197-6645x8071
7202fae5,Kevin Berry,44,Male,,,2025-04-17,112000,hugheskristin@elliott.com,+1-064-570-0246x295
7caa281b,Jennifer Anderson,26,Male,Admin,,2019-03-16,110000,brownjenna@rowland.com,+1-668-051-1947x25948
a542deb9,Tyler Miranda,54,Other,IT,Bachelor,2024-01-02,28000,yriley@yahoo.com,761.268.5314x000
47d6723c,Nicholas Chung,48,Male,Operations,,2025-07-30,73000,psantos@gmail.com,(376)736-0517
e42c0aea,Kayla Thomas,41,Male,Sales,Bachelor,2016-03-21,64000,paulparker@allen-campbell.com,364-459-2364
bbc99473,Robert Shepherd,60,Male,finance,High School,2016-11-07,117000,bradyjoseph@day.org,001-979-851-2461
ba388c8f,Steven Swanson,62,Male,Marketing,Diploma,2021-11-22,62000,jessica50@hines.com,001-255-956-9231x831
d97e8d3c,David Williams,32,Male,HR,,2019-05-16,80000,zdaniels@rivera.info,001-425-603-5183x733
d0095507,Justin Bishop,32,Other,Admin,PhD,2022-08-06,114000,johnsonwayne@owens.com,+1-184-860-6150x485
c4ea4ece,Clifford Mcdonald,20,Other,,PhD,2022-09-29,80000,hendricksrobin@hotmail.com,874-390-0208x9140
09624ec9,Wesley Bowers,55,Male,Finance,PhD,2019-05-09,60000,brooksmatthew@hotmail.com,001-964-664-2494x1827
e4dc4306,Jessica Warren,23,Other,Admin,Diploma,2019-02-07,30000,jennifer52@hotmail.com,430-714-1747x15749
a7668617,Dana Savage,56,Other,Operations,Bachelor,2018-02-11,28000,john52@gmail.com,001-647-236-6117
647ac591,Joseph Sullivan,63,Female,Sales,Bachelor,2024-03-06,102000,jgonzalez@thomas-frank.info,(147)027-9404x9861
96f01335,Joshua Williams,59,Male,Marketing,Master,2023-03-11,74000,alvaradoandrew@williamson.info,172-478-9146
22460ac9,Cory Kelley,32,Other,Finance,PhD,2019-09-21,31000,gedwards@wong.com,(346)192-4001x202
172e8c68,Whitney Macdonald DVM,57,Other,finance,PhD,2019-06-30,79000,hblack@gmail.com,001-895-548-1726
02b622e9,Kimberly Ponce,43,Male,Operations,Bachelor,2020-03-09,96000,michael62@watson.com,312.934.0472x1174
f6c8b8b9,Darren Morse,38,Female,Sales,PhD,2018-01-01,34000,robinsonalexis@gmail.com,(602)671-4062x096
af2537f5,Lydia Horn,20,Male,Finance,Bachelor,2018-05-05,45000,campbellkevin@lopez-campbell.info,+1-317-864-8971x4396
23ef5561,Chad Williams,57,Female,finance,Bachelor,2024-11-11,100000,oconnellnathan@hotmail.com,(009)867-8000x13303
90fcc9f1,Jeremy Wallace,24,Male,Admin,,2021-11-02,34000,patriciachurch@dunlap.biz,902-575-1081x9390
df482e7c,Anthony Ward,35,Male,Operations,Bachelor,2022-08-11,83000,anna69@kennedy.info,540-562-6959
bb64a525,Heather Diaz,43,Male,It,High School,2018-07-06,119000,richard96@chan.com,(197)539-8954x769
0a58f43c,Daniel White,46,Male,hr,High School,2024-08-21,38000,nhartman@hotmail.com,+1-094-158-6319x5903
3b53f64b,Linda Fernandez,20,Female,It,High School,2019-09-23,61000,cjackson@hotmail.com,790-622-4813x92942
3be8a5df,Ralph Rodriguez,53,Female,finance,High School,2023-09-19,,jeffjenkins@gmail.com,001-872-765-1140x20073
8494205c,Michael Cross DDS,55,Other,Sales,Diploma,2018-03-06,69000,gwilson@boyer.com,065-267-7676
635a11f2,Stacy Garcia,23,Male,hr,Master,2019-07-12,111000,brandonjones@olsen-dudley.com,917.104.3410
e1ad640c,Brett Maxwell,,Female,hr,Master,2024-04-05,66000,stephaniewood@hardy.com,001-628-647-9231x761
a605b7c9,Anna Andersen,58,Female,HR,Bachelor,2018-10-22,45000,mortonjesse@sullivan.biz,001-147-882-4481x5642
f7ebc69a,Gary Phillips,30,Female,Sales,PhD,2018-12-20,26000,tparker@yahoo.com,(439)694-5915x1161
4603c9ee,Melanie Brown,54,Male,hr,High School,2021-07-14,37000,freemandaniel@hotmail.com,148.971.9551
94213090,Carol Johnson,63,Other,Admin,Master,2025-08-30,25000,connerdavid@yahoo.com,623-013-7189x327
606cc2f5,Jacqueline Hall,41,Female,Operations,Master,2019-05-03,84000,johnbrown@gmail.com,(652)685-3074x4014
96721e98,Tara Hale,49,Male,Operations,High School,2017-07-14,55000,morrismiguel@hotmail.com,001-366-446-9024x666
13ed280a,Christopher Smith,29,Female,It,Diploma,2016-05-26,61000,whitekevin@gmail.com,001-450-299-7189x33194
f9012b9c,Chad Kim,28,Female,Admin,Diploma,2019-10-07,69000,jenniferturner@hotmail.com,235.248.8071x963
67e54646,Riley Knight,21,Other,HR,Master,2019-09-14,65000,nyang@yahoo.com,429-185-1686
585409d9,Amy Moore,32,Female,Marketing,Diploma,2023-10-28,29000,steven87@lin-stone.com,(124)390-8159
e31db345,Robert Ellison,34,Female,HR,,2016-09-14,64000,esims@yahoo.com,+1-732-483-1915x94296
e1ccff0d,Brian Lewis,28,Male,Operations,High School,2015-12-01,48000,joshua02@hotmail.com,+1-945-729-9872
3ae0acdb,Catherine Johns,47,Male,Marketing,Master,2025-01-15,34000,kim94@gmail.com,001-607-187-0975x2851
47e321c2,Mary Parks,28,Other,HR,High School,2025-09-26,64000,sharon79@gmail.com,001-329-097-1373x884
28489240, mark williamson  ,30,Male,hr,Diploma,2021-02-09,94000,dpatterson@yahoo.com,+1-583-435-8497x277
d123f7c1,Douglas Blanchard,48,Male,Marketing,High School,2018-03-23,80000,vfloyd@yahoo.com,001-134-509-4832
6a241f46,Phillip Padilla PhD,59,Other,Operations,Diploma,2019-05-02,69000,ryancharles@fox.info,(167)645-6879x4685
1d03c3d5,Juan Galvan,,Female,Admin,Diploma,2020-01-26,109000,kennethgriffin@yahoo.com,678.634.0582x909
7aa1219a,Leslie Diaz,23,Other,,High School,2016-05-18,71000,vcompton@yahoo.com,+1-704-683-2273x5947
a5b2c7ea,David Potter,38,Male,It,Diploma,2019-04-12,86000,stevenyoung@gmail.com,455-340-1099
3e612d66,Adam Long,26,Other,hr,,2023-05-20,62000,stewarttyler@martinez-lewis.com,+1-664-799-0737
97a418b8,Lisa Booker,61,Female,hr,Bachelor,2015-12-28,33000,matthew79@yahoo.com,7434875002
833c8f55,Alexandria Vaughn,30,Other,,High School,2020-05-05,108000,uburke@alvarez.com,001-809-655-9042
2598f383,April Bailey,,Male,finance,Bachelor,2019-02-28,93000,matthew30@gmail.com,001-168-516-3577x2089
ec257a75,Sherry Patterson,38,Male,It,High School,2019-01-19,88000,xgonzalez@garcia-ruiz.com,918.836.1645x693
67cbfc39,Melissa Wolf,46,Other,IT,Diploma,2019-10-08,82000,littleautumn@howard.com,+1-821-611-9958x824
a33b3dfd,Joshua Sims,61,Female,Finance,Diploma,2019-02-22,101000,matthew25@gmail.com,(781)083-0007
ba5c865d,Tina Mooney,55,Other,Sales,Master,2017-11-27,59000,iroberts@yahoo.com,(371)422-7690x362
f27f3ad7,Luis Mcclain,55,Female,HR,,2024-12-10,50000,eric64@gmail.com,(443)327-8855x7492
9b4547e0,Heather Wolf,30,Female,IT,Master,2024-07-21,96000,samuelmoore@hotmail.com,(277)730-2360x3165
7b4e9ecd,James Bradley,55,Other,HR,Bachelor,2019-05-20,78000,andrewmartinez@jones-barnes.org,8755173992
6928043e,Isaiah Jones,62,Female,IT,Diploma,2024-11-15,93000,ellisnicholas@gmail.com,+1-051-771-8887x4944
95284c0a,Victor Hudson,46,Male,Marketing,Master,2020-07-30,118000,ramseywilliam@williams-jenkins.com,001-231-811-4073x191
9f8acdeb,Maria Sanders,33,Other,Admin,Diploma,2022-01-17,104000,nathanielbrown@gmail.com,001-975-683-2670x456
2aefcf3b,Thomas Holloway,24,Female,Sales,High School,2022-07-31,76000,navarromatthew@franco.com,001-876-348-6547
ec1f41ce,Joshua Love,62,Male,Sales,Master,2017-03-15,83000,hendersonmichael@yahoo.com,001-223-030-8593x887
119fb03e,Andrew Dominguez,38,Other,HR,Bachelor,2017-12-22,84000,nunezkayla@yahoo.com,5676802034
21d8b96a,John Adams,32,Male,,Master,2021-12-04,59000,elizabeth23@yahoo.com,233.122.7808x108
85d0691c,Michelle Huber,20,Male,Marketing,Diploma,2024-01-31,108000,charles00@hotmail.com,+1-870-344-4807
af32baf8,Laura Roberts,27,Male,finance,PhD,2025-02-10,50000,medinanicholas@francis-evans.biz,383.453.6535x9685
9b02c535,Tracey Brooks,55,Female,Sales,PhD,2016-01-06,64000,sonyadavis@wilson-richmond.info,001-683-890-5052x686
e6cfcbd8, aaron henry  ,38,Other,Finance,,2020-05-19,51000,guzmanthomas@gmail.com,(765)640-6009x30374
e0b4659a,Ryan Moore,44,Other,HR,Diploma,2023-09-15,39000,rogersrussell@gmail.com,001-006-392-4948x40313
c09c2ebe,Daniel Chen,47,Female,hr,High School,2019-07-12,58000,erika34@white.com,+1-383-774-2842x8517
a8cdf44d,Angel Lewis,,Other,Finance,Master,2023-04-14,59000,christiancohen@yahoo.com,+1-756-565-8846x9181
8a0ea57a,David Nolan,53,Male,Operations,PhD,2017-07-08,79000,gabrielhoffman@yahoo.com,(546)368-0524x5795
f00f63ef,Brian Medina,24,Other,HR,High School,2024-09-16,42000,jessicatucker@yahoo.com,706-495-2761
6e76936a,Antonio Lopez,55,Female,HR,Diploma,2022-02-14,80000,fjohnson@rollins-vazquez.info,(553)226-6426x5197
dff47c51,Michaela Hernandez,23,Male,hr,High School,2017-09-25,108000,rebeccahines@hotmail.com,(212)663-5057x05917
6dd013f3,Elizabeth Chase,51,Female,Marketing,Diploma,2023-12-04,56000,garcialindsay@delgado.org,766.342.8332x38356
7b6c7129,Omar Johnson,32,Male,hr,,2022-12-17,46000,alyssadiaz@hernandez.info,(737)119-1820
59bb8900,Steven Fisher,30,Male,It,Master,2025-07-09,86000,nelsonlaura@gmail.com,001-604-540-9682x3011
e869707c,Heather Smith,60,Other,Sales,High School,2022-05-12,93000,crystalbaker@hotmail.com,482.655.1287
937ca77c,Kimberly Mcintyre,38,Male,Admin,Master,2024-12-28,119000,robert41@hotmail.com,+1-348-195-7146
412817eb,Dana Hernandez,42,Female,HR,High School,2016-01-30,45000,ugarcia@richardson.org,970.903.5529
e8fb5a96,Anita Long,61,Other,Operations,Diploma,2022-05-15,90000,donnaduncan@anderson.biz,096.501.7727x338
9929afeb,Chad Pennington,52,Female,,Diploma,2020-10-30,103000,vsalazar@collins.biz,001-329-769-1131x883
41ff81d1,Michael Rosario,43,Male,HR,High School,2022-02-01,82000,hernandezcheryl@stanley-wong.com,658.942.7838
be5f902f,Joyce Webster,47,Female,hr,,2021-11-12,48000,christopher04@gmail.com,645-376-6141
85c53910,Kristie Hendrix MD,57,Female,IT,Diploma,2021-01-09,40000,kcamacho@hotmail.com,+1-013-742-5871
6001f54d,Shannon Miller,49,Male,HR,Bachelor,2020-12-11,62000,cmiddleton@yahoo.com,671-422-7541
cde5c35a,Linda Henderson,61,Other,HR,Bachelor,2018-04-02,100000,manuelosborne@young.com,9597568542
1b4909b6,Anthony Ashley,41,Female,It,Master,2017-06-06,115000,xcontreras@yahoo.com,6671249443
95dad216,Michael Khan,62,Male,Operations,Bachelor,2022-01-20,98000,phillipskathleen@yahoo.com,854-209-8609x7848
893e2b89,Stacey Thomas,56,Other,It,Bachelor,2024-02-16,97000,richardsanthony@flores-long.com,893.924.2811
9ca4364d,Joseph Jones,38,Other,Operations,,2024-12-22,62000,emilywashington@hodges.info,(362)938-2887
65bf8e04,John Johnson,41,Other,HR,,2019-08-02,47000,whitecarrie@gmail.com,787.313.5035x743
8d56bff6,April Wallace,63,Female,IT,PhD,2023-09-08,61000,lauraperkins@yahoo.com,950.397.8863
2dc09158,Gregory Martin,34,Female,Admin,PhD,2018-06-23,111000,kathrynanderson@hotmail.com,4074198888
7bd7b4bf,Krista White,60,Female,finance,,2023-03-15,104000,john41@ramos.biz,(631)836-7463x3034
93e0f235,Tyler Garcia,26,Other,IT,PhD,2020-09-21,80000,rsullivan@martin-santiago.com,001-467-027-6806
65ebd4dc,Molly Jackson,39,Female,IT,,2016-04-24,67000,freynolds@castro.com,048.038.3430x6903
dd23ff41,Thomas Floyd,,Male,IT,PhD,2021-04-19,59000,thomasrobinson@rodriguez.biz,564-167-2090x69122
3ad24ac8,Susan Sharp,26,Female,Admin,Diploma,2019-04-23,93000,hreyes@gmail.com,898-032-6310
f301bb6c,Krystal Hamilton,47,Female,Marketing,,2018-04-10,103000,achapman@allen-johnson.com,388-086-2966
8222cd7f,Kathy Lewis,50,Other,Marketing,Master,2023-06-18,68000,alutz@harris.com,(923)191-2266
cd04c001,Joshua Miller,56,Female,IT,Master,2019-03-04,115000,montgomeryann@gmail.com,555.383.7357x998
af3f9d9a,Emily Brady,23,Male,finance,,2023-02-03,119000,qsolis@fleming.info,346.893.9185x2147
639c4c6c,Julie Padilla,40,Other,It,Bachelor,2024-09-08,49000,fholloway@hotmail.com,001-599-386-9383
cdeb2696,Justin Williams,52,Male,hr,Master,2024-10-21,34000,crystaljennings@warner.com,+1-038-547-2895x94211
78bf46fa,Willie Morgan,,Other,Finance,Bachelor,2021-12-20,75000,victorbutler@gmail.com,585-619-7804x818
1690636b,Joseph Stokes,44,Other,Marketing,Master,2019-04-10,48000,shelbysimon@lewis.info,001-029-018-1814
5eef0d1e,Cindy Kelley,61,Female,,High School,2020-04-10,54000,caseychristina@carr-garcia.biz,7294883181
b9787c4b,Tommy Romero,28,Male,Operations,High School,2018-01-22,108000,lawrencewilliam@greene.com,0705737733
6690a951,Stephanie Lara,48,Other,Admin,,2024-10-01,68000,weberjerry@hotmail.com,001-871-409-6198
49560c36,Tyrone Collins,36,Female,Admin,Master,2025-04-05,90000,rthomas@murphy-martinez.info,322-032-5440x8137
0eb5e5a7,Brendan Palmer,35,Other,Finance,Diploma,2019-06-06,99000,derek73@gmail.com,(776)311-5136
2cde9187,Paul Martin,44,Other,Marketing,Bachelor,2025-07-14,63000,jacobhernandez@yahoo.com,(513)067-9133x8434
02bdeabe,Juan Gilbert,26,Other,finance,Master,2016-06-12,69000,dustinwilliams@gmail.com,001-631-847-6124x0629
ee462fcd,Lori Roberson,58,Other,finance,,2019-07-23,77000,kimberlylopez@yahoo.com,+1-378-954-0477x79320
31dae817,Matthew Moore,30,Other,Operations,Bachelor,2023-07-28,64000,colin65@hotmail.com,284.188.9469x58471
82b34384,Donald Freeman,45,Other,IT,PhD,2023-10-10,112000,zsmith@hampton.org,686.436.8128
9d7d1756,Daniel Anderson,26,Female,hr,,2024-08-11,104000,walkerbianca@yahoo.com,173-105-2156
5c17ebb5,Kelly Rodriguez,43,Other,Marketing,Master,2019-07-03,61000,maria52@andrews.info,(783)123-4299
f9c3ee05,Troy Ward,64,Male,finance,Diploma,2019-05-24,59000,huntjason@barrett.com,(647)696-5030
46a3cc71,Christina Smith,22,Female,Finance,PhD,2017-03-01,106000,aguilarchristopher@mcpherson-rivera.com,850-773-0955
ab6ef8dd,Mark Smith,51,Male,Operations,,2022-02-18,67000,bpineda@neal.com,+1-977-143-6917x15912
33478a91,Daniel Williams,,Other,HR,Master,2016-03-10,80000,akhan@hotmail.com,4644462741
b4209103,Melissa Robinson,37,Male,Operations,High School,2019-11-07,89000,christine91@hotmail.com,974.669.9346
8cb21aa2,Mitchell Jimenez,49,Other,finance,Master,2018-08-10,104000,zrichards@gmail.com,001-490-575-2072x48631
8f221604,Bethany Liu,34,Other,HR,High School,2017-05-29,53000,jameshill@armstrong-berry.com,+1-134-338-1320x16076
58f42098,Mitchell Williams,32,Female,,High School,2024-06-21,33000,jimmy04@clay.com,(650)640-3684
39ee80ab,Bianca Davis,23,Female,Sales,,2022-03-01,84000,yorkeric@gmail.com,6972257231
746b161a,Anthony King,59,Other,Operations,Master,2025-09-11,86000,wmcdonald@erickson-hill.com,(107)264-2725
0130d66b,Michael Summers,44,Female,Finance,Master,2022-12-15,59000,hodgeerin@rasmussen.org,609-647-7165
8198d1f5,Ricky Hall,46,Male,Finance,High School,2021-09-04,77000,teresadavis@hotmail.com,543.469.9480
80cfb1db, joyce kelly  ,20,Female,hr,Bachelor,2021-12-21,88000,jonathanharris@murphy-johnson.com,718-187-8177x09763
1df44d3e,Anne Medina,24,Female,IT,PhD,2017-03-04,105000,jessicamurphy@hotmail.com,(923)732-3514
41f83199,Benjamin Johnson,27,Male,Operations,Diploma,2016-04-22,27000,garygarcia@edwards-fitzgerald.com,001-235-443-2408x63283
cb1b8eff,Kyle Perry,51,Female,finance,Master,2017-12-21,78000,louissimmons@rollins.com,682-688-2708
71594914,Melissa Newton,59,Other,Sales,PhD,2021-06-10,77000,hortonsylvia@nunez.biz,(502)136-0806x08317
7bcf2b31,James Franklin,43,Male,Marketing,PhD,2015-12-31,114000,kathleengreen@miller.com,274-489-9881x688
56f401e5,Caitlin Curry,31,Other,finance,Bachelor,2022-07-16,112000,mariorodriguez@stephens-maynard.com,484.262.5041
ae7cfd14,Barbara Glover,27,Male,Finance,PhD,2023-03-20,87000,ileblanc@potts.com,855-657-6108
dcad8ec2,Ryan Harmon,31,Other,,Master,2023-03-11,115000,sarahvelazquez@murray-craig.biz,(883)469-0906
420079f5,Andrea Hughes,49,Other,finance,,2024-09-18,45000,simmonsgregory@carlson-gonzalez.com,+1-554-563-3525x261
c9e55c47,Keith Solis,59,Female,Admin,,2022-09-08,48000,jessicamorgan@gmail.com,982-681-0562x50668
b38046ef,Bryan Tucker,29,Other,It,PhD,2016-06-04,104000,orodriguez@owens-carter.biz,3602651635
6994bf84,Holly Grant,22,Female,Finance,Master,2022-08-29,82000,agarcia@nelson-perez.com,+1-373-234-2900x0476
89207bc4,Ryan Skinner,52,Male,Operations,Master,2023-08-03,80000,patrickmiller@yahoo.com,001-694-592-6808x73090
436ae2bb,Julia Mullins,56,Other,,High School,2019-08-06,77000,msmith@yahoo.com,001-523-363-1454
66205167,Janet Graves,64,Other,Admin,Bachelor,2020-11-11,67000,thompsonshawn@ochoa.biz,+1-615-225-5519x6757
578cd875,Angela Hunt,22,Male,HR,Diploma,2024-03-16,75000,vanessasimmons@gmail.com,616.480.4210x0062
2db13deb,Isaiah Turner,56,Male,Sales,High School,2022-11-26,99000,christopher62@gonzalez.biz,823-586-3638
37f3f32b,Phillip Scott,37,Other,Finance,Diploma,2023-10-24,39000,sedwards@hotmail.com,893.148.9044x952
2ecaf629,Jessica Reynolds,24,Male,Operations,Master,2017-05-23,39000,travis40@gmail.com,(664)570-2691x48040
ee25356a,Melinda Jacobs,52,Female,Admin,,2020-11-12,104000,melvin17@nguyen-smith.biz,(412)733-4505x635
bcb3636d,Danny Butler,36,Male,Admin,High School,2025-06-19,78000,trodriguez@weaver.com,847.623.6228
3df76a69,Matthew Bennett,31,Male,IT,PhD,2025-08-13,84000,carrieowens@woods-campbell.info,296.071.3579x66994
3aad5840,Carl Jackson,59,Other,Admin,PhD,2024-11-06,118000,perkinschristopher@gmail.com,569.513.9475
d61a080a,Stephen Wilson,41,Female,Sales,Diploma,2023-02-02,102000,jensenphilip@yahoo.com,+1-434-967-7873x715
c7688339,Charles Robinson,37,Male,,Master,2019-12-30,100000,williamlucas@hunter.com,(733)006-2772
1417c2f9,Chad Poole,63,Female,,,2018-03-22,63000,shepardedgar@frey.com,+1-711-356-9471x2673
7e1f48c4,Matthew Dominguez,29,Female,Admin,Diploma,2025-04-26,114000,amanda59@rodriguez.info,(507)331-4074x90068
db6a34ea,Christian Shelton,,Female,Operations,,2025-09-23,44000,williamhunt@yahoo.com,262.021.2309
d91738f8,Makayla Friedman,42,Other,Finance,Bachelor,2021-11-23,89000,matthewholland@perez-schwartz.com,8612088583
50bf2995,Katherine Downs,25,Male,Operations,,2017-04-25,31000,fthompson@gmail.com,6563353685
e1886146,Lisa Singh,43,Other,It,PhD,2015-10-26,94000,zburnett@watson-lewis.com,001-302-418-6572x364
4654e77d,Brittany Allen,39,Male,hr,High School,2019-09-25,33000,tiffany94@yahoo.com,3067509919
c3a6b204,Robert Miller,33,Male,Finance,High School,2024-10-11,80000,hwade@rogers.com,001-755-549-0476x639
65db6e43, melanie baker  ,,Other,HR,High School,2021-07-01,27000,kimberlybrown@hotmail.com,5652952635
20d4ba18,Gerald Allen,30,Female,It,,2018-12-13,66000,abigailnguyen@hotmail.com,+1-043-420-7577x661
6c5540f0,Vincent Hays,25,Female,Sales,PhD,2021-01-29,86000,griffinjames@hotmail.com,030.601.9567
08560684,Valerie Lopez,33,Male,It,,2018-04-18,66000,christopherprince@hotmail.com,318.842.2478x9306
dc432ed5,Anthony Schmidt,39,Other,Operations,Master,2023-10-16,90000,erik15@collins-marks.com,001-290-554-3812
750acc98,Dean Harris,37,Female,IT,PhD,2022-04-14,105000,jkirby@yahoo.com,+1-582-943-8002
84a91789,Rhonda Allen,47,Female,,PhD,2018-09-03,74000,troy04@fry.com,126-035-4258x5958
0227b8d5,Ruben Charles,43,Male,Admin,,2018-05-25,79000,ybraun@gmail.com,1326447398
61223189,Jennifer Brooks,51,Male,Finance,,2017-07-22,66000,john76@peck-marsh.com,709-748-6531x285
5c91f845,Jacqueline Owens,50,Other,Admin,High School,2021-05-02,47000,qclarke@hudson-lawson.com,(279)936-6254x801
2fe938e4,Sydney Elliott,53,Male,HR,PhD,2021-10-18,119000,aguilarrandall@gomez.org,+1-031-748-7041x8778
44f7f01a,Gary Chavez,62,Female,hr,High School,2025-06-05,57000,freemanmargaret@gmail.com,(307)818-0659x7338
57d52b78,Stephanie Salinas,56,Female,Admin,Master,2022-08-12,82000,ugarcia@gmail.com,001-143-597-3351x15524
6c878546, raymond valenzuela  ,44,Female,Operations,Bachelor,2019-12-01,25000,josephbryan@gmail.com,577-925-8530
c08fe6d7,Theresa Ward,29,Female,Finance,High School,2023-04-26,25000,donaldmatthews@miller-graves.org,001-226-658-2381
668d3c8b,Jacob Kennedy,53,Other,IT,,2020-10-25,33000,whitehaley@brown.com,001-449-328-9557x91805
9247e851,Jenna Velazquez,26,Other,HR,Diploma,2019-04-21,46000,rscott@yahoo.com,378.512.2295
af9e7a0e,Kathryn Rivers,64,Male,finance,Bachelor,2025-07-18,38000,ericksonyvette@martinez-olson.com,+1-935-646-0056x1410
b8875caf, daniel ramirez  ,32,Male,Sales,Master,2022-11-08,99000,christie75@park-carter.biz,886-896-5714x684
8e2ac3ff,Greg Wood,28,Male,hr,,2019-09-04,40000,derek63@gmail.com,001-728-963-0812x1967
323132fa,Susan Armstrong,20,Other,Operations,Bachelor,2020-03-05,105000,kimberlyrosales@stephens.biz,+1-397-126-3772x7301
bd1116ee,Taylor Stark,64,Female,Sales,,2021-07-12,37000,duncanbobby@hotmail.com,085-070-8517x6751
027e789c,Brandon Peterson,27,Male,IT,High School,2020-09-18,104000,latoyahansen@yahoo.com,+1-610-277-9885x33961
226cbc6a,Linda Morris,21,Female,Sales,,2015-12-03,102000,blakehenderson@sullivan.com,+1-381-078-2836x796
a1726883,Laura Sanders,39,Male,,Master,2019-03-22,99000,michaelgarner@baxter.com,001-120-795-9709x321
50d3802d,Catherine Castaneda,44,Male,Finance,Diploma,2025-04-06,39000,ostevenson@gmail.com,181-843-9790x174
403fd582,Jesse Pollard,26,Male,Sales,High School,2025-05-17,55000,jennifer30@flowers.com,3972234215
0c36ad4e,Jacob Love,20,Male,Operations,High School,2021-09-19,46000,christopherreyes@wilkerson.com,380-072-9236x5798
29d0c613,Mrs. Janice Fitzpatrick,24,Male,finance,Master,2021-04-01,57000,carlmcfarland@esparza-wade.com,001-146-856-4922
411920f6,Zachary Mckay,46,Female,,Master,2020-08-31,39000,stephensstacy@moore.net,(042)172-5401x48612
18a73d94,Lauren Wright,47,Male,,Bachelor,2022-11-09,57000,rosborn@browning-townsend.com,139.053.6261x771
42803aa0,Teresa Velasquez,44,Female,Sales,Diploma,2021-12-18,94000,ufranklin@gmail.com,+1-353-899-0969x59469
8eb7c306,Eugene Parker,43,Other,hr,,2023-03-17,56000,qcollins@gmail.com,(292)405-8073x6561
581993cc,Amy Knight,30,Male,Marketing,Bachelor,2022-01-22,91000,michaelbrowning@benson-mills.com,874-074-9911
59e110eb,Randy Perez,23,Female,hr,,2019-03-05,66000,kevinsmith@gmail.com,(539)015-9973x643
9b0707e5,Melanie Smith,52,Other,It,,2017-01-24,87000,tammy20@jones.com,070-192-9505x08661
a65d958e, melissa martinez  ,55,Other,Admin,,2023-10-18,94000,manuel90@day.com,9165049398
fab8328f,Samantha Gillespie,33,Other,Operations,Bachelor,2016-10-15,41000,adrianabennett@gmail.com,5044218512
53391df4,Bryan Richardson,62,Female,Marketing,High School,2024-07-15,91000,barbarafowler@gmail.com,3626533656
c655a597,Anna Cantu,54,Male,Finance,Master,2024-02-23,84000,ehorn@robinson.com,369-420-7542x5523
141283fb,Christopher Cox,33,Male,,High School,2019-06-30,98000,ucordova@gmail.com,932-415-6880x7285
76b874d3,Diana Kemp,61,Female,Operations,Diploma,2016-05-01,43000,trevinoheather@hotmail.com,(007)388-9501x80510
de46222e,Taylor Salinas,41,Male,IT,Bachelor,2016-09-16,34000,kboyd@hotmail.com,001-511-931-4504x11582
edb68b81,Ryan Santos,24,Female,Admin,Diploma,2018-05-06,102000,sydneycox@ramsey-stevenson.com,(825)857-7029
9cc05b67,Amber Crawford,64,Male,finance,Master,2017-05-07,69000,frazierdaniel@lyons.com,+1-071-956-0528
e835f080,Carla Wong,62,Other,Admin,Master,2016-01-25,87000,kim84@yahoo.com,(625)581-3666x188
57f7d71f,Allison Rice,61,Male,Operations,PhD,2018-04-17,104000,griffinbrian@lindsey.net,0972459552
a72bdddd,Sheri Hoover,63,Female,Finance,Diploma,2023-10-04,99000,beltranerika@gmail.com,221-556-3144
9afa8267,Jeremy Chavez,39,Female,,High School,2019-04-09,51000,nbryant@brown.org,+1-045-684-7756x26914
e33fc52c,Jennifer Nguyen,41,Other,HR,Diploma,2022-04-08,71000,johnsontraci@smith.com,(292)710-6976
f0533851,John Rodriguez,61,Female,HR,Bachelor,2022-03-13,58000,danielleanderson@brown.org,558.311.0812x348
855c0a97,Maria Williams,34,Male,Operations,Master,2019-07-27,31000,caitlinroth@yahoo.com,+1-323-645-1186x598
2ad55c0b,Melody Ochoa,33,Male,Sales,Master,2018-08-27,114000,nicole12@yahoo.com,+1-176-080-7946x6130
20029d9f, tara brown  ,43,Other,hr,Diploma,2021-10-08,45000,dbrown@farmer-simmons.com,035.622.1350
406bf02d,Holly Banks,54,Female,Admin,Diploma,2022-06-11,47000,robleseric@owens.biz,(472)095-8760x1213
bfeef19d,Amber Johnson,29,Other,Finance,,2023-08-24,89000,escobartracy@martin-castaneda.com,001-305-715-1959x337
65a4c79b,Scott Thompson,33,Male,Admin,Diploma,2019-04-15,118000,barbara58@gmail.com,(513)386-3997
efd1b588,Eric Flores,22,Other,IT,,2018-12-18,109000,zzuniga@gmail.com,(468)238-5731x257
0dc78104,Theresa Wilson,39,Female,HR,Bachelor,2018-09-10,87000,carlaswanson@johnson.com,340.533.9902
8623bc74,Eric Ponce,31,Other,It,Bachelor,2019-04-12,88000,vernon37@singleton-campos.net,(592)665-0937x30016
1a9b0d42,Becky Sellers,40,Female,,High School,2020-08-25,37000,susan48@daniels-browning.info,881.772.2010
15956c42,Kendra Burton,37,Female,IT,Diploma,2024-05-22,48000,qsilva@yahoo.com,+1-328-311-1039x7472
63ccf604,Wyatt Kerr,52,Male,It,High School,2023-06-28,26000,usharp@gmail.com,001-956-469-4713x072
bcd2e8eb,Craig Dean,32,Male,,PhD,2020-05-10,28000,shelley06@yahoo.com,6102834960
205c8491,Christian Rowe,22,Male,Admin,Bachelor,2025-05-26,88000,michelle11@yahoo.com,(164)831-2306x8125
2bacf712,Nathan Burke,64,Female,Finance,Master,2019-06-09,77000,christina56@bryant.com,001-878-110-2527x0612
5b59f28e,Nicholas Chase,45,Other,HR,,2016-11-28,42000,cwilliamson@hotmail.com,(606)142-4586
dd3ee854, hailey ball  ,47,Female,Admin,PhD,2023-01-18,77000,haley60@crane.com,145-823-1384x287
def3306a,Heather Barry,46,Male,HR,Master,2022-06-17,117000,baldwincurtis@gmail.com,330.773.7534
8c6d768e,Cindy Young,53,Male,Operations,PhD,2015-11-20,99000,aaron20@hotmail.com,474.640.2305x5412
f2cffcae,Mark Townsend,26,Other,It,High School,2017-06-07,33000,matthewrodriguez@hoffman.org,242-835-9461
9740b212,Michael Lee,34,Male,finance,High School,2025-09-02,39000,holly62@yahoo.com,6014033676
bfb8abb9,Lisa Smith,60,Male,It,,2017-11-27,69000,marioball@yahoo.com,001-123-579-1003
6f5aad52,John Steele,54,Male,finance,Bachelor,2016-05-14,52000,brittany71@yahoo.com,167.590.6207
88a613b4,Sandra Casey,48,Other,,,2015-12-23,38000,emilygould@wood-trujillo.org,9867951431
7b4d8646,Darrell Simmons,36,Female,Admin,Master,2020-12-10,71000,jeffrey35@shields.org,(585)577-5448x1607
16ed0330,Valerie Harrison,20,Male,Marketing,PhD,2025-02-18,34000,ogarza@nielsen-brewer.org,721-566-3962
6986305a,Anthony Cherry,31,Other,HR,,2024-08-20,57000,dennisbaldwin@hotmail.com,954.930.4064x871
02b3c948,Cody Lawson,22,Male,HR,Diploma,2023-02-16,59000,andersonadrian@hotmail.com,2704939641
c21f84fc,Barbara Wagner,44,Other,Marketing,Diploma,2022-07-17,53000,kelleytyler@webster-ellis.com,774-494-0136
49694032,Scott James,43,Male,Sales,Bachelor,2016-03-10,96000,mitchellcatherine@clark.org,607-599-1100
b011b125,John Moore,48,Other,Admin,,2023-04-29,105000,edwardsaaron@carney.com,001-012-837-0256x202
c166a8b3,Matthew Farley,29,Male,Marketing,Master,2019-05-03,42000,bryan59@yahoo.com,001-835-620-4389x500
c4100108,Mrs. Tonya Byrd,25,Female,finance,Diploma,2018-06-04,91000,josechambers@yahoo.com,413-165-8712x05012
98d53cf5,Catherine Davis,49,Male,HR,Bachelor,2022-10-31,93000,gary04@gmail.com,(327)132-0904
8c57a277,Mary Wilkinson,62,Other,It,,2021-01-24,56000,lisa82@burton.org,(612)963-1156x9717
e1d55f85,Michael Baker,28,Male,finance,Bachelor,2020-12-22,119000,lpayne@murphy-mccarthy.com,001-162-678-2145x674
3ff93134,Peggy Mendoza,57,Female,Admin,Master,2023-05-30,103000,victoria19@berry.com,001-750-261-5861x861
a55fa725,Paul Anderson,31,Male,Finance,Diploma,2025-04-14,98000,cjarvis@hotmail.com,001-347-176-1379x8867
3878becf,Wayne Robinson,49,Other,It,Diploma,2025-07-07,45000,benitezerin@gmail.com,495-973-7862x6591
a0152b5b,Brittany Farley,25,Other,Finance,Diploma,2019-03-01,59000,daniel51@gmail.com,799-639-1179
ccca1e14,Katie Walters,60,Female,,High School,2023-10-12,46000,noahburke@yahoo.com,(388)834-0258
b1a50a3d,Dorothy Osborn,60,Other,finance,Diploma,2024-07-18,86000,toddmclaughlin@hotmail.com,(263)808-6927x3210
a60147c3,William Hodge,54,Male,finance,PhD,2021-11-17,49000,oliviaperry@hotmail.com,+1-873-774-2443x56480
44d18524,Michelle Ortega,38,Male,finance,High School,2021-12-23,83000,paul49@graham.net,894.062.7930x5796
1186da93,Shannon White,22,Male,Sales,,2020-07-21,118000,bcoleman@jackson.com,388-733-4622x4644
1c405045,Jennifer Bennett,25,Other,finance,High School,2017-05-09,116000,anthonyhanson@diaz-willis.biz,(872)231-3040
73e88db6,Lisa Kaiser,,Male,Finance,High School,2024-01-15,28000,stephanie73@green.com,5129486935
7df37378,Matthew Mccullough,62,Male,Sales,High School,2023-02-16,77000,jameshoward@hotmail.com,4953640352
26f341c8,Steven Tyler,63,Male,,Bachelor,2016-10-16,61000,sanchezamber@yahoo.com,032.036.1362x639
05aa5eab,Robert Jones,60,Female,Operations,PhD,2016-03-12,85000,rodriguezzachary@hotmail.com,+1-384-248-1200
4838a888,Kim Nelson,31,Other,IT,Master,2019-03-02,48000,lejesus@bishop-rich.com,+1-954-135-2622
703c1286,Katherine Garcia,40,Other,,Diploma,2024-03-25,35000,claytonyoung@miller-whitehead.com,981.085.0009x19765
17172654,John Stewart,39,Other,hr,High School,2017-06-12,45000,thomaswesley@hotmail.com,941.050.3197x111
3799a376,Tiffany Barton,40,Female,Sales,Master,2022-11-09,32000,johnhicks@hotmail.com,001-708-782-2385x5476
c9254bb5,Erica Smith,46,Other,Finance,Bachelor,2020-10-11,107000,leestacey@doyle.com,+1-847-675-0634x4709
5f13e10b,Colleen Cruz,27,Female,Finance,Master,2022-01-08,52000,torresapril@olsen.org,442-740-7664x441
081fec82,Anthony Mueller,44,Female,Admin,High School,2025-04-24,67000,perryjonathan@yahoo.com,6192084122
c02553ea,Crystal Clayton,27,Other,HR,,2017-08-17,116000,prattaustin@yahoo.com,(038)767-3842
4439940d,Jacob Brown,33,Male,finance,PhD,2016-01-17,50000,victoria90@warner.com,001-184-612-2391
8b0ea0b9,Rachel Williams,28,Male,Finance,Master,2020-08-28,78000,deanhubbard@yahoo.com,245.140.6534x02926
e54c8739,Keith Lloyd,42,Other,finance,High School,2021-10-03,104000,ryankimberly@christian.com,(731)678-5043x7443
61af0e8e,Mary Richardson,60,Other,Marketing,High School,2024-02-24,28000,nlowe@yahoo.com,975-423-9728
f97f4994,Nathan Jones,26,Female,HR,Diploma,2020-01-01,75000,valeriesolomon@rodgers-kennedy.com,1870528453
62821d61,Tamara Peterson,42,Other,Marketing,,2020-06-04,36000,jimenezjeffrey@yahoo.com,+1-115-870-7914x81398
3f46057b,Alan Mahoney,34,Female,It,Diploma,2022-12-02,65000,rickymartin@williams.com,(981)086-0441
32fd73c5,Nathan Vargas,44,Other,finance,,2023-03-17,38000,jjensen@kidd-powell.com,(938)509-8181x496
180dc855,Frank Payne,45,Male,Sales,PhD,2025-07-29,102000,abenton@brown.com,001-964-533-7159x743
355cca9c,Cody Woods,55,Male,hr,Diploma,2020-11-27,41000,alejandro66@ball-fields.com,343.411.8251
f6121d2c,Chad King,22,Other,HR,PhD,2020-02-20,73000,mariaanderson@hotmail.com,864-022-9483x022
289ac251,Christopher Smith,42,Female,Sales,Bachelor,2024-03-14,25000,bradley11@nelson.biz,4872874394
bea6450f,Marissa Davis,37,Male,Finance,Bachelor,2019-06-07,110000,lawrencelori@gmail.com,586.213.1841
1f44aa88,Ann Parker,54,Female,hr,,2019-10-11,36000,michael94@hotmail.com,001-807-178-0988x659
4c7f03bb,Laura Walton,57,Other,Operations,,2024-12-23,91000,michaelowens@gmail.com,541.732.3425x13861
0d559b64,Travis Powell,28,Other,Finance,Diploma,2023-04-18,70000,tracy42@rodriguez.org,556.517.3942x620
f9287d26,Maria Sullivan,43,Male,IT,Bachelor,2025-02-21,112000,pughlisa@yahoo.com,+1-619-434-8520x5847
6f2537ce,Kelly Lewis,36,Other,,Master,2016-10-07,98000,kevin46@owen.com,001-085-412-4478x8430
cb5d2b59,John Webb,37,Male,HR,Master,2021-05-04,73000,loganwarner@hotmail.com,5073535324
6553b15f,Lance Townsend,54,Female,IT,Master,2018-01-09,35000,nicholas08@hotmail.com,492-957-9786x1286
f80590f0,Matthew Leonard,28,Male,finance,Bachelor,2024-04-29,36000,wrighttina@hebert-carter.com,0342225624
b0d515ab,Tyler Dominguez,51,Male,HR,Master,2025-07-17,32000,walkersamuel@williamson.com,(775)166-6303x1721
27ad8d51,Kimberly Alvarez,23,Female,It,PhD,2016-04-23,82000,iwashington@waters.com,624-421-6961
3fac4317,Heather Pittman,53,Male,It,High School,2021-06-11,68000,frankwilson@yahoo.com,+1-760-004-0839x36666
af9a1168,Teresa Cohen,62,Male,,,2022-06-02,93000,melissabyrd@todd-lopez.info,(260)895-5883x7103
f83b1806,Melissa Parker,52,Other,HR,Diploma,2023-03-25,66000,jeromehancock@mcintyre-williams.com,584-537-7973x41740
0f5f9707,Brandon Carrillo,51,Female,Sales,PhD,2021-08-31,97000,ereed@hahn.biz,715-929-1213x588
276732d3,Colin Mckay,39,Male,Marketing,Master,2017-04-18,46000,jimmystark@hawkins.info,043.208.0468x9900
1b7e0502,Rachel Walsh,35,Female,Admin,High School,2025-03-18,102000,stephaniemoore@schmidt.com,001-886-567-3345
5115d7ee,Caleb Williams,40,Female,Sales,Diploma,2019-01-21,68000,michael82@yahoo.com,001-840-717-5247
a50784cb,Benjamin Wilkinson,55,Male,,PhD,2023-04-30,46000,staceyrose@mcbride-wise.com,001-693-895-0200x5295
e44cbd41,Katelyn Gray,33,Other,It,Diploma,2025-01-09,57000,hawkinsmichael@elliott.com,(426)245-8613x4761
05776108,Kristine Bryant DVM,53,Female,HR,,2020-12-14,39000,lloydcarolyn@white-wilson.net,400-128-8014x34182
b972393a,Michael Smith,46,Male,Sales,Bachelor,2023-06-12,86000,dennis06@lopez-barrett.org,538-806-7722x4339
0a1bebd3,Justin Foster,25,Female,Marketing,Master,2023-04-30,74000,jacob43@gmail.com,6954223101
8f1c3fa0,Maurice Graham,50,Other,IT,PhD,2017-05-04,55000,xjoseph@hotmail.com,(512)833-7079
7d76ab58,Kenneth Watkins,29,Other,Sales,PhD,2024-10-17,61000,colleennelson@hotmail.com,0302242793
8b2ab759,Stacey Davis,28,Other,finance,High School,2024-12-24,79000,kellyhill@clayton.com,663-241-8081
77e8b762,Janice Bailey,27,Male,IT,High School,2024-05-07,92000,ywalker@walker.com,001-478-415-2358x82803
994316bb,Amanda Hodge,32,Male,,High School,2019-10-27,40000,khubbard@scott-shaw.org,243-870-1769
290c4414,Jason Gomez,31,Other,IT,Diploma,2023-05-16,109000,iwilson@bartlett.com,140.278.4919
730ad7de,Julie Johnson,43,Male,HR,Master,2020-06-14,62000,emichael@gmail.com,(933)729-7459
8aa6b006,Vanessa Cunningham,20,Other,hr,Diploma,2019-12-23,64000,melissa98@white.com,550.629.4204
c6a28e4e,Tonya Alexander,53,Male,hr,Master,2020-04-16,71000,yvonnealexander@hotmail.com,+1-763-301-1205x1449
bbd0fe6c,Mark Santos,25,Other,Operations,PhD,2021-11-01,105000,douglas83@davis.info,427.788.5710x12739
9ea6ed4a,Michael Walker,39,Female,finance,Diploma,2016-07-15,51000,daniel65@gmail.com,864.516.7885x0518
9ec5405d,Michael Watkins,36,Other,HR,Diploma,2022-08-29,100000,williamsjoshua@walton.info,9701315080
10372a5c,Cassidy Bailey,21,Other,,Diploma,2024-06-11,73000,wilsonmichelle@gmail.com,(272)974-1278x22234
d1ad3e51,Christopher Gutierrez,60,Male,Finance,Bachelor,2021-03-23,,etaylor@davis-bird.com,(322)309-7012
aee7c7a5,Elijah Archer,57,Male,hr,,2019-06-12,73000,wdalton@bailey.info,(821)334-2374x3622
277529a2,Lisa Hendricks,59,Male,,Master,2024-05-12,42000,mia71@steele.net,982.700.6629
68e8f311,Kristin Hudson,29,Male,IT,Master,2016-06-28,82000,dperez@rodriguez.com,397-242-2793x462
18a440bd,James Livingston,57,Male,Sales,Diploma,2022-07-09,91000,richardhaas@stanton-rivera.com,+1-907-522-7758x88714
0b34fc84,Jeffrey Evans,42,Male,hr,Bachelor,2018-06-26,90000,caitlinboyd@manning.com,653.934.7970
2dbb45bd,Dennis Santana,64,Female,HR,Diploma,2021-04-20,64000,oscarhall@cox.info,288.404.4656
1b67f7bb,Nichole Parker,37,Other,hr,Master,2016-10-12,33000,ericamoore@gmail.com,948-367-9208x94561
08252b39,Benjamin Mosley,22,Other,Marketing,,2018-05-07,51000,juan65@chambers.com,001-210-757-9188x266
637b3648,Jennifer Reilly,44,Other,Marketing,,2019-11-17,57000,phillipsmichael@hotmail.com,+1-170-136-3530x04652
9fbc879e,Nicole Sanchez,56,Female,Marketing,PhD,2016-07-26,62000,paulperez@schaefer.com,(978)280-7535
0c90e028,Shannon Hill,60,Other,finance,Bachelor,2024-07-02,106000,vanessascott@yahoo.com,001-948-271-6821x33851
b7c4b3ee,Darrell Ibarra,50,Female,hr,,2025-07-04,79000,imcgee@gmail.com,(631)849-8341x3457
ebc8f6b7,Deborah Fox,57,Female,Operations,Bachelor,2022-06-07,75000,fprice@yahoo.com,8177534337
edabddab,Mary Hoffman,63,Female,It,Diploma,2020-07-27,26000,ramirezmichael@yahoo.com,799-455-3095x2761
77d2b94f,Anthony Murphy,64,Other,,PhD,2022-06-28,46000,kellysherman@williams.com,+1-380-056-3474x38288
5c65a65c, larry woods  ,54,Female,Marketing,Master,2018-08-12,40000,cassandra80@yahoo.com,(599)785-4555
e3f342a8,Virginia Caldwell,58,Other,IT,,2020-04-24,94000,timothywilliamson@hotmail.com,4158790480
cb53f0be,Patricia Boyd,55,Other,HR,,2019-08-01,49000,nealjaime@hotmail.com,(067)924-4939x2318
9def57b4,Debra Wright,51,Male,finance,High School,2020-11-14,41000,cesarpatterson@gmail.com,(059)046-8408
bbfb1b71,Adam Shannon,54,Male,Admin,Master,2019-10-01,69000,psingleton@hotmail.com,001-940-943-4747x979
13f39289,Betty Vazquez,21,Female,Marketing,,2021-11-23,93000,saradavis@hotmail.com,826.862.4583x1409
84fcfcb0,John Williams,27,Female,,,2020-01-27,54000,lisa40@gmail.com,714-727-0393
3b23feed,Steven Stone,26,Other,IT,Master,2024-10-15,116000,rhodesjose@hotmail.com,001-549-835-3362
317046b9,Mark Mueller,51,Female,HR,PhD,2022-09-13,32000,padillarobert@hotmail.com,(967)750-6379
91ed554a,John Richards,24,Female,Sales,Bachelor,2021-05-31,58000,matthewhiggins@stafford-andersen.com,255.490.4184
8ef4d74b,Beth Sanchez,59,Other,Finance,Master,2018-10-22,104000,malik87@yahoo.com,(862)391-3967x743
bf00f56c,Donald Reynolds,57,Female,IT,Bachelor,2017-09-15,83000,wgreen@hotmail.com,146-717-0164x527
9399ad15,Timothy Hernandez,22,Female,Operations,PhD,2018-12-22,99000,crystalwong@gmail.com,529.013.3436
b3da5808,Lacey Morrow,31,Other,IT,PhD,2017-07-15,86000,patrickjackson@yahoo.com,001-464-594-4500
1aa67474,Omar Kelly,20,Other,IT,Diploma,2021-11-07,75000,lrobertson@yahoo.com,017-767-5200x3499
8cca8963,Brian Gross,23,Male,Operations,High School,2022-06-01,71000,romanpamela@yahoo.com,001-411-529-9264x4084
a854027e,Scott Lin,62,Other,Sales,PhD,2016-05-07,84000,whouse@yahoo.com,086-724-0305
999413cc,Linda Lee,45,Male,finance,PhD,2019-10-20,47000,malonedaniel@smith.net,001-465-878-7476x851
e7094153,Lori Franco,50,Female,hr,Bachelor,2024-05-19,97000,daniel93@hotmail.com,001-329-863-2731
ff31950a,Kristi Jordan,39,Other,HR,PhD,2023-06-27,81000,robert19@watkins.info,298-298-8380
698f546d,Tammy Lynch,26,Other,IT,Master,2016-11-17,87000,wileyjennifer@robles.org,001-416-993-7697x08632
d37ee471,Debbie Ward,56,Other,IT,Diploma,2015-11-20,53000,louissolis@hotmail.com,001-567-584-9319
3d9ffe59,David Murphy,26,Female,It,Diploma,2024-08-31,52000,shaun53@gmail.com,436.271.4172x2283
60042231,Bradley Walker,21,Male,Operations,Master,2025-02-01,33000,nicholaswalker@smith.com,4867828853
be9cafcf,Jacqueline Dyer,62,Female,,,2016-07-25,62000,kmoore@roberts.info,838.149.6234x0216
73d0b6c7,Clifford Poole,21,Female,IT,PhD,2019-05-14,78000,hugheskimberly@gmail.com,667-193-4298x624
000cd21a,Michael Taylor,40,Other,IT,High School,2021-06-01,51000,bill17@wall.com,+1-292-294-3227
48d3d2ce,Chloe Ellis,24,Male,Operations,PhD,2021-01-29,41000,harveycraig@yahoo.com,001-115-235-7814x81802
2294fa0a,Jason Douglas,20,Female,,Diploma,2022-12-09,64000,jgarza@yahoo.com,5405827991
01ae7eb1,David Hayes,41,Other,Operations,High School,2020-09-29,104000,thomasmaddox@gmail.com,041-869-0563x804
36fea0b4,Kathy Steele,62,Female,finance,,2022-04-18,98000,sethlynch@yahoo.com,0455252654
c5828939,Jennifer Underwood,20,Female,IT,Bachelor,2023-01-25,88000,fhouse@gmail.com,(067)926-8883x3458
d284b528,Amanda Moody,56,Other,Marketing,Bachelor,2015-10-24,104000,pwalsh@ruiz-williams.org,9696309567
82e2b02d,Marilyn Page DVM,35,Other,HR,PhD,2020-11-23,69000,brownjason@yahoo.com,(503)764-7891x339
9255273f,Diana Mullins,53,Male,,PhD,2025-10-17,83000,emanning@hotmail.com,0746286911
75dacbbe,Brittany Ballard,52,Female,Marketing,High School,2016-10-18,32000,hdavis@hartman-cochran.com,5068358776
43d643ed,Matthew Freeman,41,Other,Operations,High School,2019-05-28,68000,bbrown@smith.com,(316)198-6405x3767
3ff69f41,Amy Baker,48,Other,It,,2023-11-30,83000,jacksonrandy@sawyer.com,4151061252
4ce09ecb,Elizabeth Skinner MD,26,Male,IT,PhD,2022-08-24,51000,kirkaustin@gmail.com,6057993412
91ae3d4c,Riley Davenport,40,Male,It,Diploma,2020-03-19,26000,yknight@barber-rodriguez.biz,488-514-5795
13c37b5d,Carla Briggs,62,Other,It,Bachelor,2023-04-23,74000,egilbert@gmail.com,(056)073-7711x8824
7b874b4a,Diana Myers,54,Male,Operations,,2020-07-01,31000,campbellkevin@moody.com,(051)253-2206
e6267164,Paul Blair,23,Other,It,High School,2023-08-14,93000,juliacox@james.org,+1-194-173-7144x2140
d1cbc092,Olivia Gonzalez,31,Female,hr,Diploma,2023-02-13,82000,cmartinez@gmail.com,(092)102-8348
a46acc9a,Xavier Hanson,47,Male,hr,PhD,2025-09-18,84000,villanuevatodd@hess.com,(355)775-4372x95412
ceef7261,Chad Taylor,49,Female,finance,Master,2017-11-19,81000,mark24@hotmail.com,211-169-7366x54080
c7b611cd,William Lewis,34,Female,IT,High School,2017-03-12,93000,richardelizabeth@moon.net,4386526841
559a8f54,Crystal Robinson,60,Female,IT,,2023-01-18,116000,heather59@smith-beard.com,+1-605-390-0905
6f2e92b9,John Jones,48,Other,Marketing,Master,2017-03-06,35000,debra26@sanchez.com,+1-481-369-5656
1edbbe71,Meagan Patterson,34,Female,Admin,Diploma,2018-12-20,32000,kellercrystal@gordon-jimenez.com,666-330-8025x43731
bf67de42,Timothy Smith,30,Female,IT,Bachelor,2018-10-26,72000,aaronsmith@vaughn.com,(769)875-1464x6062
edbc36d8,Brenda Mendoza,35,Female,finance,Diploma,2017-10-08,106000,danielwarren@coleman-dennis.info,104-828-0174x54696
a1d770ea,Nicole Edwards,34,Other,,Bachelor,2021-07-20,40000,april22@hotmail.com,(264)897-3012x3199
863dfcd6,Amy Ramirez,30,Female,It,Diploma,2016-07-21,77000,porterjames@gmail.com,(662)697-9553x606
909e21ba,Anthony David,26,Female,,High School,2019-11-05,67000,cheryl30@lane.info,962-197-6588x608
b2a0f778,David Perkins,38,Male,Operations,High School,2025-07-29,55000,ashleyjohnson@gmail.com,251-133-9897
ac735be0,Rose Jackson,21,Other,Marketing,,2022-09-09,58000,megan91@hotmail.com,270.941.6840x6157
f89617fa,Devin Hardin,34,Female,It,Master,2021-02-14,101000,laura71@evans-cuevas.com,+1-363-561-9062x83600
9343e6ea,Amber Fernandez,48,Male,It,Diploma,2021-10-09,72000,dana44@yahoo.com,(511)680-3141x3759
6e935615,Travis Marsh,63,Other,Sales,Diploma,2025-03-06,77000,hmurray@gmail.com,(612)640-4079
25e42403,Rebecca Lowery,41,Other,Finance,Master,2022-10-03,39000,cooperjonathan@yahoo.com,+1-206-331-5067
79d19c4e,Jesse Martin,46,Other,Operations,PhD,2024-05-08,108000,adrianasweeney@thomas.info,+1-264-207-1211x387
8c53b74c,Robert Carter,58,Other,IT,,2016-12-28,35000,qyu@hotmail.com,270-839-7153
6605de3c,Amy Olsen,23,Other,Operations,Diploma,2025-05-18,111000,victortorres@hotmail.com,001-487-134-0839x75713
b2a7a475,Sydney Green,38,Other,Sales,,2016-07-21,31000,vbarker@hotmail.com,001-495-522-5765x007
7b1dbca3,Julia Parsons,58,Female,Finance,Diploma,2016-07-09,44000,lopezjessica@hotmail.com,491-422-3471x905
65339cf0,Thomas May,62,Female,Sales,Diploma,2020-12-12,71000,dawnatkinson@cruz.org,417.932.1544x098
8fa8ae34,Erica Green,,Female,Sales,PhD,2017-11-19,31000,rachel38@hotmail.com,418.261.9989x0526
86351a54,Richard Burke,48,Female,hr,High School,2021-02-20,51000,derekwright@cummings-robinson.biz,001-814-887-1069
44296ca2, tammy williams  ,39,Male,It,,2024-08-31,103000,valerieschroeder@hotmail.com,625-146-5892x69631
af4afcdd,Joshua Herrera,38,Female,,Master,2019-07-28,33000,kaylee54@hotmail.com,771.813.0612x126
1ccec1ef,Brittany Byrd,24,Other,Admin,,2019-06-16,75000,mcphersontiffany@mendez.info,342.319.6600x58749
5d822e3a, gina brennan  ,40,Female,IT,PhD,2019-06-27,38000,sparkschristian@yahoo.com,+1-945-311-0290x3668
5832c8de,Christopher George,36,Female,finance,Bachelor,2022-02-21,27000,garellano@yahoo.com,074-198-3877x318
c509d558,Lauren Watts,26,Other,Marketing,Bachelor,2018-01-11,113000,schaefermichael@rodriguez.com,987.811.1327x8582
5987038a,Peter Campbell,57,Female,Operations,PhD,2025-01-19,102000,chelseamartin@gmail.com,062-612-6240
cd840a47,Jonathon Stevenson,50,Female,IT,PhD,2022-11-16,119000,amy65@ray.biz,926.026.2498x72495
70c23600,Karla Burton,51,Female,It,High School,2022-08-16,85000,xgilmore@wood.org,069.530.2033x15413
3bc5f97f,Randy Jones,34,Male,hr,,2015-10-27,27000,wigginsnathan@rios.net,001-385-037-9703
27ef0a4b,Carlos Miller,30,Female,,,2017-07-04,64000,johnsonbelinda@phillips-smith.com,491-575-1404x44537
15f7ef61,Joseph Church,56,Other,Operations,Bachelor,2019-08-08,96000,wperez@gmail.com,(006)773-3066x5562
3e3869e2,Michael Haas,52,Other,Marketing,Master,2024-07-27,78000,randy42@yahoo.com,261-371-6403
25ce2a21,Renee Newton,32,Female,Admin,,2021-02-19,51000,angelaflowers@hotmail.com,(487)357-0007
49a5baeb,Thomas Daugherty,54,Female,It,Diploma,2021-03-03,70000,kboyer@pacheco-butler.com,169-174-1878
cde55848,Scott Roy,51,Female,IT,Diploma,2015-10-22,32000,parkerchristian@ellis.org,(148)731-4601x04757
789fed96,Mr. Robert Cantu,41,Other,finance,High School,2016-03-29,25000,hilljoseph@gmail.com,(314)301-7110x658
bd717da3,Heather Matthews,63,Other,,High School,2018-08-24,90000,dennis30@yahoo.com,852.772.8289
8be27516,Darlene Kelly,20,Male,HR,Bachelor,2025-10-09,71000,soneal@gmail.com,585.512.2449x4887
8c7e2904,Nancy Merritt,59,Male,IT,Master,2021-07-24,92000,gutierrezkevin@taylor.com,9346744846
fe07832a,Brian Thompson,39,Male,It,Master,2023-12-31,97000,kellyjustin@yahoo.com,+1-093-636-6205x704
ab132032,Theresa Goodman,20,Other,Sales,PhD,2019-01-31,51000,angelasilva@yahoo.com,(787)711-2781
e7f2418a,Justin White,45,Male,Sales,High School,2024-08-15,102000,laurafry@yahoo.com,(131)688-8139x9017
4165964c,Scott Hernandez,27,Female,finance,,2015-12-30,37000,matthew97@peters.com,556.657.2007x12081
3360d115,Christopher Shelton,,Female,Finance,Diploma,2017-08-08,69000,heather04@gmail.com,324.125.4960
4572b385,Debbie Koch,29,Other,finance,,2016-04-30,110000,smithkevin@carr.info,334-853-6819
f1f71605,Tyler Stout,21,Male,,Diploma,2016-12-19,36000,lauren53@hotmail.com,001-098-776-7496x71947
a90e319d, april ryan  ,41,Female,Sales,Bachelor,2018-12-08,39000,scott98@cruz-anderson.biz,250-937-0091
e9b1c4a1,William Phillips,44,Other,Admin,Diploma,2020-10-21,117000,joelmorgan@house.com,165-377-5462
1b9ec5f9,Taylor Smith,22,Male,Admin,,2021-10-26,63000,destinyrojas@larson.com,+1-406-163-2839
e226a768,Kelly Romero,36,Female,Sales,,2023-09-21,95000,dsteele@yahoo.com,(775)729-8540x71499
fad3b44c,Erin Nelson,24,Male,,Master,2017-05-30,104000,thompsonmichael@cox-ball.info,001-189-162-1529x3823
b5ae2a56,Christopher Dalton,53,Other,hr,Master,2025-01-07,53000,walkercody@brown.com,+1-141-046-8715x61220
7c12d198,Jamie Romero,40,Male,Marketing,High School,2017-05-17,104000,elizabethdiaz@gmail.com,(671)555-6504x67655
168885c2,Logan Golden,61,Other,Marketing,,2022-03-05,88000,patriciacollier@hotmail.com,5605723647
f77fa3a7, michael crawford  ,33,Male,,Bachelor,2025-04-23,81000,rogersmatthew@parker.net,830-929-0767x1462
b6646199,Stephanie Sanders,40,Female,HR,Diploma,2016-09-24,111000,elliscasey@yahoo.com,511.822.2488
ec19e4eb,Christine Meza,55,Other,Marketing,High School,2022-05-06,71000,paula89@durham.com,581-952-7711x3151
7d6c3d2a,Emily Hall,60,Other,Operations,PhD,2017-05-05,72000,ryan73@coleman.com,001-767-882-3551x3532
04b40ac9,Thomas Wells,30,Other,Marketing,PhD,2020-10-27,112000,jmiller@schneider.com,592.351.9940x380
5afa0fb3,Caitlin Howard,60,Male,Operations,Diploma,2025-06-19,25000,jgrant@hotmail.com,+1-787-851-4538x852
fef97d57,Jason Blackwell,56,Male,Sales,Diploma,2025-08-22,112000,urivera@gmail.com,386.647.0986x36794
469ff562,Bradley Pacheco,36,Female,hr,Diploma,2017-10-09,37000,dtyler@hotmail.com,395.956.4223
41f74651,Matthew Armstrong,63,Other,finance,Master,2019-01-10,40000,barry66@hotmail.com,449-081-7225
fffcd743,Brittany Mitchell,53,Other,hr,Diploma,2022-08-16,54000,wendypayne@foster.com,039.727.8196x23649
f1b2f143,Thomas Friedman,48,Male,Marketing,PhD,2022-02-26,33000,kmitchell@harris.com,691-757-8401x36622
39bfc9b6,Colleen Hernandez,42,Male,Marketing,Diploma,2016-05-31,93000,tsherman@hotmail.com,6336066027
6491982b,Peter Haynes,60,Female,,,2021-11-10,112000,tamara26@hotmail.com,945-425-3379x80530
bada0c94,Jeffrey Ford,48,Female,finance,Bachelor,2021-07-08,60000,holmesphillip@douglas.biz,+1-816-957-8723x0744
ad9112c5,Brittany Ortiz,32,Male,Marketing,PhD,2017-11-08,87000,jerrywood@pierce.com,983-051-2206x38707
afbffde4,Miranda Beck,24,Other,Finance,Bachelor,2025-08-04,53000,zfuentes@gonzalez.info,+1-815-921-8169x77525
92a97acd,Amanda Bennett,21,Female,Finance,PhD,2017-05-31,57000,qmiller@dixon-maldonado.com,+1-746-415-7480x8663
4ff85111,David Robertson,34,Male,HR,High School,2019-08-03,41000,anthonymarshall@yahoo.com,648-959-3536
72fcc072,Kristen Davis,25,Male,Sales,,2025-08-09,111000,erojas@yahoo.com,038-748-7164
a7087280,Brian Pena,32,Other,Operations,PhD,2022-10-21,86000,rachel51@clark.com,569-020-0533x1640
af1dcfb8,Amanda Nelson,27,Male,hr,,2024-11-08,72000,michelelynn@gmail.com,001-079-658-9149x765
235b275b,Sarah Bush,33,Male,Sales,PhD,2023-04-02,79000,bernardbryant@yahoo.com,+1-190-174-9938x37978
e60d7a94,Robert Miller,39,Female,Operations,Bachelor,2017-03-09,114000,dpowell@yahoo.com,(708)470-7977x004
6e18b184,Anna Poole,53,Male,Operations,Bachelor,2024-05-02,81000,margaretcline@bryant.biz,(527)695-9534
c521ff2e,Jacqueline Phillips,20,Male,IT,PhD,2023-03-03,50000,mayerbarbara@hotmail.com,+1-107-443-0320x8140
9099a283,Sophia Dawson,45,Female,Marketing,PhD,2024-03-06,78000,robertsonmichael@gmail.com,841-864-2235
115c42cd, sheila stephens  ,20,Other,HR,Master,2017-02-08,108000,fryrobert@hotmail.com,001-605-396-2489
b82d40de,Wendy Evans,53,Other,Marketing,,2024-01-07,42000,michael32@yahoo.com,548.294.8712x6342
d6eaf269,Phillip Rodriguez,36,Female,HR,,2015-12-07,46000,gnelson@hotmail.com,001-672-437-1408x28663
078c3875,Justin Brown,32,Female,Sales,,2024-12-03,70000,whitejoseph@hotmail.com,+1-189-290-1544x01401
f90fb6e4,Eric Anderson,38,Other,It,,2015-12-30,102000,ashleymeyer@hotmail.com,250-300-6464x17313
4da838b7,April Norton,36,Other,It,High School,2021-02-03,89000,brandy60@smith.net,809-945-6726x81110
d25ad576,Timothy Sexton,28,Other,,High School,2018-04-24,74000,winterstracy@chen-schmidt.net,145-174-9064x6351
bd03d33b,Mr. John Decker MD,43,Other,,Diploma,2019-04-09,107000,jenniferperkins@thomas.org,401-908-4853
301c6abf,Tina Little,20,Other,Sales,PhD,2018-07-28,51000,mckayamanda@anderson.net,+1-313-895-5717x943
06b4ed27,Seth Curry,43,Female,finance,PhD,2025-04-20,80000,dmclaughlin@garner-garcia.com,(553)232-7337x91802
9df034d3,Barbara Graham,51,Male,Finance,PhD,2022-01-08,81000,usutton@hotmail.com,022-665-2826x48131
9cc3c1f5,Edward White,54,Other,Operations,PhD,2016-02-04,38000,roberttorres@cook.net,(243)049-6856
3b1d12cf,Michelle Graham,49,Other,HR,,2024-02-22,39000,williammeadows@brennan-rogers.com,+1-441-322-0710x84256
14588063,Benjamin White,32,Male,Admin,,2017-07-11,70000,nharris@gmail.com,(892)848-8159x061
22538040,Austin Mitchell,,Male,It,High School,2022-12-27,86000,ashley13@yahoo.com,001-292-214-2648
7800e27a,Kim Flynn,64,Male,Marketing,Bachelor,2017-03-23,35000,brhodes@logan.com,764-173-1410x887
2f191516,Nicholas Pace,34,Male,Sales,Master,2018-06-01,66000,xhenderson@davis.com,+1-346-188-4524
794e0838,Laura Atkins,64,Male,Operations,,2019-07-18,107000,bmolina@hotmail.com,452.436.8017
39ed0800,Ann Huffman,21,Male,It,,2019-05-01,52000,reyescaitlyn@yahoo.com,8387970040
f80443ee,Roger Sullivan,53,Female,HR,,2018-03-11,72000,vdavis@nichols-lee.com,+1-532-175-7514
f3402dd3,Vanessa Ramirez,59,Male,hr,Bachelor,2017-01-23,26000,justinyoung@johnson-harris.biz,+1-695-460-7682x31457
abdce0da,Anne Martin,24,Male,finance,Bachelor,2019-02-10,92000,lcollins@singleton-ali.info,(110)225-1446x48413
345e2eaf,Ashley Dunn,43,Female,Marketing,High School,2020-07-21,83000,vturner@yahoo.com,001-269-717-9328x5864
f4672866,Shaun Henderson,31,Male,,,2025-08-10,89000,kevin48@gmail.com,(715)701-6394
9df79a27,Michael Jackson,52,Other,Sales,Master,2021-10-21,110000,jrobinson@thompson.com,665.112.2747
dde4f5c1,Aaron Mayer,26,Other,It,PhD,2018-07-30,113000,cramirez@yahoo.com,198.740.6215
6d744a0b,Kimberly Lee,39,Male,,,2018-02-03,49000,kaylapeterson@collins.biz,(738)185-5695
9ba14c35,Shane Smith,52,Female,HR,High School,2016-07-07,94000,gardnerelizabeth@yahoo.com,001-457-175-2614x22079
b85f164b,Erin White,22,Other,,High School,2025-05-15,97000,onorris@hotmail.com,273.072.2070x53420
f06b6c12,Joseph Young,43,Female,It,Master,2020-04-23,92000,kelly71@gmail.com,001-263-496-0708x519
8941bdd3,Taylor Tran,33,Other,It,Diploma,2016-07-02,70000,martinjulie@hotmail.com,121-031-5538x3161
b440b852,Jason Patrick,22,Male,Marketing,High School,2016-09-08,99000,michelle10@wood-ellis.com,(390)830-2237x796
1bfc270c,Richard Saunders,63,Female,Finance,Bachelor,2019-06-05,119000,xcombs@yahoo.com,439-120-9237x1703
e0b55615,Jerry Ferguson,30,Female,It,Bachelor,2023-12-07,65000,mcdowelllisa@williams.com,(480)719-9931x964
3ee79d31,Rodney Avila,50,Female,Operations,PhD,2017-01-15,54000,fwyatt@yahoo.com,7601500438
fbdc532e,Shannon Thompson,50,Other,Finance,High School,2023-10-25,45000,melanie08@yahoo.com,(286)914-1327x043
632c817e,Stacy Macias,46,Other,Sales,PhD,2024-03-28,40000,vwinters@meyer.com,001-917-983-0323x11093
f66c7331,Stephanie Nunez,31,Other,Finance,High School,2021-12-23,107000,emilymelendez@dean.com,788.129.5656x35972
70869a45,Christina Olsen,49,Male,IT,Master,2024-09-06,43000,hfitzgerald@gonzalez-blair.com,001-312-368-9297
c60fb252,Paul Wagner,32,Other,It,,2025-04-02,31000,christophersmith@foster-santana.com,+1-569-886-4714x9497
2a9edda7,Sophia Richmond,38,Male,Operations,High School,2021-09-25,72000,thomas87@bullock.net,692-376-0179x434
eb45bc38,Nicole Tate,36,Female,HR,Diploma,2022-05-10,110000,melissa79@hotmail.com,378.048.9072
e7574997,Jesse Wright,47,Female,Operations,Bachelor,2018-06-06,61000,ehaynes@gmail.com,+1-312-286-8351x204
a566e884,Traci Rodriguez,24,Male,IT,Master,2023-06-09,76000,morgan17@kirby.org,001-256-344-3121x6909
802b1bf4,Cheryl Beck,50,Other,Admin,,2020-02-19,51000,lchapman@fowler.com,7939690682
95dfe6cb,Christina Perez,47,Male,Finance,,2025-01-01,100000,ryandebra@harrington.info,+1-700-762-5996
8be15610,Annette Fernandez,61,Female,Operations,Bachelor,2015-12-01,52000,bmeyer@hotmail.com,(149)261-4251
52ce55e3,Tricia Bailey,20,Female,,,2022-05-31,95000,andrewperez@yahoo.com,+1-486-756-8363x331
74246baa,Omar Chandler,41,Male,HR,PhD,2022-08-05,34000,maywendy@yahoo.com,+1-333-824-6609x373
e552d0a8,John Erickson,37,Other,It,Master,2017-08-10,70000,clayton42@navarro.com,001-282-015-5067x52018
171603b1,Teresa Smith,49,Other,It,Diploma,2016-12-17,68000,jasonthompson@campbell.com,(032)144-6544x99869
a6091ad0,Karen Cruz,23,Male,hr,Bachelor,2018-11-19,41000,chaneyamber@hotmail.com,6522720438
29fb832c,Jenny Soto,37,Male,Sales,High School,2022-11-07,73000,xbrown@harris-krueger.net,+1-141-214-5566x44577
17584f23,Kevin Smith,52,Other,Sales,High School,2018-01-12,112000,sjones@hotmail.com,(008)050-8045
a25291f3,Kimberly Garcia,28,Female,Sales,High School,2016-05-10,72000,jhenry@gmail.com,+1-954-285-2315
b5103e9c,Deborah Townsend,43,Male,Operations,Master,2019-09-15,45000,kevin56@kaiser.com,+1-998-322-4284
f9a62522,Julie Wallace,20,Other,Finance,Diploma,2016-10-24,68000,joyce83@suarez.org,001-738-666-1601
28ef2f46,Joe Gordon,29,Other,Operations,,2022-05-28,84000,tinajones@gmail.com,7945098549
0b3d6dc9,Wayne Barnes,49,Female,It,Diploma,2022-02-07,116000,barbara04@compton.com,001-157-956-1957
55cf37ba,Maria Weaver,33,Female,Marketing,Diploma,2017-01-18,44000,rowlandshannon@gmail.com,(178)940-2667
dcd81a8b,Matthew Thompson,27,Female,,Bachelor,2023-02-07,94000,isaac37@hotmail.com,+1-654-388-5380x53343
2504fd28,Wanda Short,41,Female,It,Master,2021-03-17,84000,chrisevans@hernandez.info,(658)827-6881
0d22af35, james richardson  ,37,Female,hr,High School,2024-02-22,99000,zpitts@kirk.info,(088)500-2999x077
baebe15d,Jennifer Cruz,27,Male,hr,Bachelor,2017-05-21,59000,suzannemay@gmail.com,(582)807-2735x86742
49ed856e, sergio andrews  ,53,Other,,,2018-08-29,47000,ochoatroy@stafford-weaver.com,058.869.1503x09137
e606d7c2,Franklin Harris,39,Male,IT,Diploma,2017-09-03,55000,patricia75@dennis.org,283-790-0027
00e78824,Leslie Vance,27,Male,finance,High School,2017-10-21,114000,christopherthomas@hotmail.com,637.935.8944
03200c4e,Gabriel Guzman,46,Male,It,Master,2025-03-25,119000,brenda19@lyons-dickson.com,+1-143-725-9849x41922
7fa70485,Lori Smith,64,Male,It,PhD,2023-02-22,82000,emyers@hill.com,928.502.7494x06067
9ba4d5a6,Edward Taylor,25,Male,Marketing,Diploma,2016-08-13,119000,sara86@hotmail.com,001-837-039-3968x76712
37850b5c,Alison Adams,34,Female,HR,Diploma,2016-11-17,119000,maryleblanc@gmail.com,(373)922-0307
74283491,Phillip Jenkins,34,Female,hr,Diploma,2025-01-08,113000,heather77@gmail.com,(057)026-6079x029
99e95433,Yolanda Brown,51,Other,Sales,Diploma,2017-03-11,98000,thompsonbarbara@hotmail.com,078.121.6049x01892
e1d5c0dc,Malik Washington,22,Male,Operations,High School,2017-11-12,105000,vasquezjennifer@smith-huffman.info,001-650-039-9156x83434
a0ee404f,Kristen Larson,22,Other,IT,Master,2018-01-15,28000,martinezdeborah@hensley.com,113.513.9592x746
3527bcee,Michael Scott,57,Female,It,Bachelor,2019-09-18,39000,scottmooney@yahoo.com,+1-162-026-8837
0e18ab96,Luke Duncan,58,Female,finance,High School,2019-07-28,34000,lyonsalex@gardner.biz,571-406-9247
253741e4,Bernard Hicks,35,Female,,Master,2019-02-16,58000,vvillanueva@hotmail.com,123-517-3595
93fde248,Rebecca Boone,55,Male,Admin,Bachelor,2016-10-22,98000,hopkinsmelissa@yahoo.com,244.937.6313x1085
54c3b22e,Joel Roberts,57,Male,HR,Diploma,2018-11-24,65000,mterry@hotmail.com,+1-560-499-1765x4941
1be00f8e,Tony Cooper,47,Female,finance,Master,2021-04-27,110000,adriangriffith@jackson.biz,775.823.1658x647
294d43ed,Kevin Stokes,54,Other,Sales,Diploma,2021-11-16,104000,wongjamie@yahoo.com,2601680474
a9325ae1,James Frank,56,Other,finance,Master,2025-09-24,33000,yschmidt@yahoo.com,694.680.5463
92811c92,Deborah Stewart,57,Female,hr,,2024-06-10,105000,ythornton@yahoo.com,415-305-3863x77253
f75efed8,Carol Bowman,55,Other,It,PhD,2024-03-23,31000,carpenterjorge@roberts-smith.net,001-929-146-9685x1267
5c3552b3,Sheri Murphy,53,Female,Operations,Diploma,2025-09-06,49000,davidthompson@wood-green.com,908.694.3837
c4bd338e,Russell Downs,25,Other,,Diploma,2018-02-08,26000,wlong@schwartz.com,025-528-4003x532
e5c482ff, charles ellis  ,45,Female,finance,Diploma,2016-10-24,82000,mitchell73@gmail.com,457-688-3351x660
c2294116,Dylan Guzman,46,Other,HR,,2023-02-06,111000,donnacoleman@gmail.com,738.667.3788x6867
109efb40, ryan white  ,40,Male,finance,High School,2018-05-13,26000,travis60@whitney.net,971-320-9232
1f3cea1d,Dawn Meyer,32,Female,It,Bachelor,2019-07-25,61000,dnixon@thomas.net,001-677-227-6723x232
54470290,April Wiley,25,Female,Admin,Diploma,2017-10-03,25000,daniel79@gmail.com,001-075-681-8819
35b86d0a,Cheryl Wade,55,Other,IT,Diploma,2020-08-21,40000,qmorrison@hotmail.com,(577)447-6961x901
0ee52f63,John Estrada,40,Female,hr,High School,2021-08-06,96000,johngonzalez@rose.net,(921)098-3092x45004
fab6ad91,Cynthia Larson,23,Female,Operations,High School,2023-02-14,59000,yboyd@hernandez.com,+1-687-089-3616x222
16718639,Roy Paul,20,Female,Sales,PhD,2025-03-29,109000,bartlettnicholas@gmail.com,002.616.6953x432
9ad2bb72,Gregory Joyce,45,Male,,Master,2024-05-22,118000,marvinhenry@morrison.info,+1-506-460-0155x166
b4f136fc,Chase Choi,39,Male,,Diploma,2017-08-05,111000,jessicaward@gmail.com,7289865830
d90949aa,Suzanne Williams,56,Other,IT,Master,2016-02-22,96000,qmcmahon@powell.com,001-836-641-6507
933c8d00,Michael Cortez,33,Male,Finance,High School,2025-09-17,25000,brian67@bright.biz,001-656-738-5751x714
ed56c714,Jennifer Vargas,39,Other,Finance,High School,2022-05-20,108000,amandavillanueva@yahoo.com,(224)149-1090x539
7f13de67,Linda Newman,28,Male,Sales,PhD,2017-08-19,57000,cbryant@hotmail.com,4004441817
7f6bf62c,Walter Howard,41,Other,finance,Bachelor,2025-07-05,50000,olambert@hotmail.com,(935)083-7006x58689
e237c877,Justin Saunders,57,Male,Admin,,2022-09-06,60000,patelcarlos@hotmail.com,(337)920-6380
4a5d6cea,Jeffrey Weaver,23,Male,,,2025-02-11,94000,denise74@mason-cobb.org,696.972.9006x4384
1e42d2b8,Wanda Reynolds,,Other,finance,,2016-08-15,45000,antoniolewis@ramirez-barnett.com,(823)963-9163
cbf6aa23,Kathryn Castillo,31,Female,,High School,2020-09-13,91000,paulbrown@gmail.com,001-888-870-5276x83735
3513a238,Alicia Wilson,39,Female,,Diploma,2021-11-29,37000,joshuahawkins@jimenez-price.com,866-914-2554x255
6a25542e,Jason Day,44,Male,finance,PhD,2016-04-28,46000,mendezmadison@yahoo.com,(992)853-3876x575
5982aa44,Brian Christensen,63,Other,It,Bachelor,2021-08-25,67000,donaldturner@allen-diaz.info,+1-240-834-1585
365bc763,Stephen Martinez,39,Female,IT,,2018-07-30,112000,tanner39@bailey.net,+1-393-660-5537
b0a4f557,Thomas Turner,36,Other,It,PhD,2017-04-25,88000,smithdonald@hotmail.com,001-829-159-5071x6278
115db44f,Bonnie Larson,55,Female,Finance,High School,2016-11-27,102000,williamjoseph@yahoo.com,001-547-429-0578x95842
8ccc617e,John Ortega,63,Other,Marketing,,2018-03-14,119000,rileylisa@patterson.org,001-952-496-7269x61912
1d2467e2,Kristin Hickman,50,Male,HR,Bachelor,2016-08-19,101000,deanna50@brown-adams.com,805.083.3504
65637d1f, jacqueline turner  ,54,Other,IT,Master,2019-06-30,84000,wadkins@hotmail.com,(585)386-8351
f5c9f459,Charles Strickland,35,Female,It,Bachelor,2022-12-25,108000,joshua45@gmail.com,903-593-7563
31ab0158,Thomas Carr,53,Male,hr,Diploma,2015-11-25,78000,christine61@hotmail.com,856.853.1935x56429
ec1a86d3,John Stewart,29,Other,Admin,,2024-08-17,94000,kporter@fields.com,(778)236-8131
7978dc84, christopher mcmillan  ,39,Female,Admin,,2017-11-18,108000,monica61@yahoo.com,342-042-4939x768
22c0c475,Lee Rivera,44,Male,HR,Master,2022-09-09,73000,stephaniesmith@smith-stevens.com,849-000-6032x296
75eb0e8f,Mark Keller,22,Other,Admin,Master,2020-06-18,35000,zkirby@ruiz.org,001-893-145-6625
e55b93ad,Allen Porter,52,Female,finance,,2017-07-22,102000,princedaniel@allen-spencer.org,(825)164-6530
d06d3943,Mr. Joshua Cohen,36,Other,Admin,Diploma,2025-04-09,38000,ariaszachary@moore.info,938-440-4775
0e5779ec,Kyle Burke,58,Other,Marketing,Master,2016-01-10,40000,brownrichard@hotmail.com,525-662-8852
90a014ab,Brent Holloway,53,Male,Admin,High School,2020-02-09,57000,michael59@delacruz.com,(302)167-3804x767
8e2017e1,Danny Smith,59,Male,,,2020-02-21,58000,jonathan56@white-white.com,001-783-901-8384x4039
93d054e4,Tracy Roberts,47,Female,IT,Bachelor,2022-09-22,62000,joshua13@hotmail.com,1034902255
ea8b31f5,Colleen Martin,47,Male,finance,Bachelor,2016-07-10,101000,kentrichard@hotmail.com,+1-061-887-2235x303
10f35676,Stephanie Brown,56,Female,Finance,Diploma,2025-01-02,78000,sharonallen@stewart.com,679.832.8916
d73aae7b,Jennifer Barrett,60,Other,Admin,High School,2017-01-30,82000,vsmith@nunez.com,(126)811-8249x32832
600fc79c,Tara Jones,39,Other,Sales,Master,2024-04-19,28000,nshort@berger-curtis.com,574-445-6935x83541
2a7cf9e9,Kaitlyn Leblanc,60,Female,Sales,,2017-07-16,53000,tcarter@wong.com,3267887966
2ff8107a,Madeline Ford,31,Other,Sales,Bachelor,2020-03-01,27000,marissathomas@yahoo.com,130-144-4410
c847b130,Raymond Herrera,59,Male,Admin,Bachelor,2016-06-13,38000,amysmall@hotmail.com,868-906-3766x1448
db9a0eb7,Danielle Reed,35,Other,hr,Bachelor,2025-03-09,58000,williamnixon@gmail.com,001-065-937-9301
4580dac2,Michael Spencer,27,Male,It,Bachelor,2019-10-25,97000,angelabrown@jones.com,105.716.9943
e0864418,Kevin Torres,59,Female,,PhD,2020-06-12,78000,jlin@gmail.com,001-185-686-7484
d4575305,Hannah Marquez,,Female,Operations,Diploma,2023-01-10,89000,hernandezricky@miles-payne.net,586.218.7540x657
866cfb2b,Jared Madden,20,Other,Admin,Master,2025-05-24,83000,joseph81@hotmail.com,2245852771
5fcc997d,Jacob Miller,47,Other,hr,,2021-05-04,47000,susan93@hotmail.com,059.761.8015
33bcb8a9,George Williams,51,Male,It,,2020-04-14,115000,veronica71@hotmail.com,+1-513-341-2315x03377
8188de48, amber parker  ,28,Male,Operations,,2020-07-27,45000,dmay@benton.net,474.673.8960x0032
e7ab2ef7,Jerome Parker,58,Other,HR,Master,2025-06-06,67000,rogersoscar@gmail.com,6631771228
5711d5fd,Phillip Fowler,39,Other,Marketing,Diploma,2021-10-17,55000,bassphilip@silva.com,4424166072
dfb68a5f, charles gonzales  ,46,Female,,High School,2016-04-22,118000,wardmichele@gmail.com,+1-989-553-4575x683
53cc6b95,Natalie Oconnor,29,Female,Admin,Diploma,2022-09-02,106000,brian65@reynolds-brown.com,822-778-9348x4333
192703a7,Richard Murray,52,Female,IT,Bachelor,2015-12-30,74000,christina85@watson.net,624.890.0019
84222f58,Eric Shaffer,26,Other,finance,Bachelor,2021-06-15,108000,pberry@davis.com,9387614733
3487246c,Christina Roberts,40,Other,IT,Diploma,2024-05-01,26000,nancybridges@gmail.com,(206)339-9534
6338fb29,Christina Cook,26,Other,It,Diploma,2016-05-22,93000,molly19@reilly.org,034-555-0145
1da76d69,Joseph Walker Jr.,33,Female,IT,Master,2022-11-04,55000,taylorroberto@crawford-blankenship.com,073.002.2900
0b458c23,Bradley Cobb,35,Other,HR,Master,2018-01-15,25000,emma32@garcia.org,+1-773-765-5504x46220
df3334c6,Cynthia Newman,41,Male,finance,PhD,2023-07-28,111000,samuelbutler@anderson.net,001-369-995-7538x02999
e3a1af97,Veronica Simmons,42,Other,HR,,2020-04-05,82000,stacymccormick@salazar.com,202-802-1326
c4246277,John Nichols,63,Other,Operations,PhD,2021-08-04,114000,mitchell23@ferguson-tate.com,011-662-8927x930
05c14422,Thomas Jones,37,Other,HR,,2022-07-30,96000,paul32@ramos.biz,+1-155-507-8613
a38bbaa4,Karen Alvarez,23,Other,Sales,Bachelor,2023-02-25,100000,jbrandt@yahoo.com,+1-085-850-0176x92099
33579b27,Ronald Graham,50,Other,Marketing,PhD,2025-04-14,37000,adkinssusan@hotmail.com,001-072-780-9085x2594
88433a38,Arthur White,62,Male,Sales,PhD,2019-07-20,74000,williamsmichael@johnston.com,(308)964-6962x43413
abcec90f,Eric Murphy,,Male,Admin,High School,2025-02-04,34000,taylor50@castaneda.com,999-255-4959x528
2851a8be,Tammy Daniel,41,Other,Operations,Diploma,2021-09-22,101000,jfernandez@hotmail.com,+1-216-722-3402x879
f5530567,Dr. Jose Garcia,55,Female,hr,Master,2025-07-10,103000,tgibson@harvey-ramsey.com,+1-573-637-5995x32466
1a354475,Ashley Coleman,26,Other,Operations,PhD,2016-06-28,33000,baileykatherine@hotmail.com,+1-967-613-6173
8ca33a54,Eduardo Booth,31,Other,hr,Master,2024-02-01,107000,joseph61@barrett.com,(965)403-5687x42912
f17aa7a9,Nicholas Ramos MD,26,Other,Marketing,,2020-03-09,103000,dillonrichard@perry-thomas.biz,001-304-311-3012
92f71993,Robert Chapman,41,Female,HR,PhD,2018-03-18,81000,xherrera@yahoo.com,001-155-001-7922x56641
4fb67094,Eric Clark,61,Female,HR,,2020-06-18,57000,jimmy63@yahoo.com,742.948.8064x06858
8a6342ca,Kevin Johnston,,Female,finance,PhD,2017-02-16,103000,mhamilton@hotmail.com,6984349597
076c108d,Lori Jordan,63,Male,Admin,Bachelor,2020-12-27,101000,jacksonjeremy@yahoo.com,+1-582-324-7114x627
0ceaaf73,Gloria Lynch,42,Female,IT,High School,2018-03-27,76000,patriciahoffman@white-james.com,208.079.4835x5381
160beed4,Rachel Norris,53,Male,Finance,,2016-01-27,51000,foxphilip@yahoo.com,6661281641
b465c027,Joseph Spencer,42,Male,Operations,Diploma,2020-09-27,41000,anahall@gmail.com,209.635.8792
a124fdb2,Kenneth Schmidt,35,Female,Operations,Diploma,2021-11-28,49000,hopkinskaren@gmail.com,295-916-0399
7222534d,Timothy Fletcher,23,Female,Admin,Bachelor,2023-07-12,30000,christopher31@good.com,+1-989-052-1525
5513b74f,Michael Fernandez,38,Female,Sales,Bachelor,2023-05-04,68000,martinwilliam@yahoo.com,001-741-922-9153x4619
c226ab53,Joseph Conway,39,Male,,Diploma,2023-02-18,68000,kristopher93@jackson-thompson.org,987-875-8273
141b9098,Edward Hill,58,Other,Admin,,2018-11-06,94000,egallagher@hale.com,623-261-0027x03144
c3b1927b,Paula Evans,49,Female,Finance,Diploma,2021-03-06,58000,elizabeth84@hotmail.com,001-251-011-0900x5370
17c95aaa,Stephanie Santiago,64,Female,HR,High School,2019-01-15,75000,lewisjanet@horton-becker.com,+1-986-172-9288x32298
b2d7692a,Lauren Kim,54,Female,hr,PhD,2024-11-17,44000,rparker@grimes.org,746.122.0707
4f75d45a,Sherri Colon,29,Male,Sales,High School,2020-09-10,51000,autumnbarnes@hotmail.com,197.175.7628
c438eae0,Erin Mckinney,33,Male,It,Diploma,2023-07-11,119000,richard77@hotmail.com,796.756.6376
f28bf846,Joseph Dougherty,37,Other,Sales,PhD,2022-09-17,67000,pmartinez@roberts.net,733.547.2401
e54ca6ca,Sarah Williams,25,Female,finance,Diploma,2022-06-11,103000,jorge51@hurst.com,915.991.0856x88615
5d0b042d,Jeremy Silva,46,Male,Marketing,High School,2017-04-03,79000,jyoung@smith-estes.com,(535)135-9207x667
ead1d758,Lisa Prince,61,Other,Finance,High School,2021-09-04,33000,macdonalddebra@yahoo.com,+1-889-968-4275x846
dc5cd673, sara wilkins  ,23,Female,Sales,,2019-02-14,46000,torresmark@gmail.com,001-623-449-6227x87618
7ccd3dc0,Joshua Fowler,23,Male,Finance,,2016-07-24,71000,megan01@yahoo.com,001-705-708-1091x343
1ce62a9f,Jodi Miller,48,Female,Admin,High School,2017-06-05,75000,hillshelley@gmail.com,296-643-1218x8518
d8842354,Garrett Carpenter,50,Female,It,PhD,2022-06-13,38000,victoria57@gmail.com,(164)200-0909
593edc83,Vincent Schaefer,26,Male,hr,,2020-08-29,78000,hcoleman@smith-harvey.com,+1-786-972-8099
8208fd42, rachel norton  ,28,Male,hr,,2024-03-24,66000,sotowilliam@gmail.com,(781)010-3530x484
b6da99cd,Jon Russo,56,Male,It,Master,2018-03-01,73000,xrodriguez@day-sandoval.com,697.397.1647x9909
8e5fd65f,Jeanne Mills,50,Female,Operations,Master,2024-09-20,29000,collinsmichael@yahoo.com,422.350.2913x9302
4d579d00,Nicholas Little,46,Female,HR,,2022-08-14,56000,amanda38@yahoo.com,001-392-914-9673x31060
972d5d57,Jonathan Walton,35,Other,Operations,Diploma,2017-11-25,85000,ddunn@larson.com,9621594805
3e628981,Ashley Miller,49,Female,Sales,PhD,2023-10-14,78000,john88@reyes.com,691.956.3938x65160
7b7ce7cc,William Vasquez,26,Male,Marketing,Bachelor,2020-10-16,62000,mreeves@mcclure.info,869-129-0658x282
354f184e,Denise Hendricks,58,Female,Operations,,2022-03-09,35000,jennifer64@peterson-young.com,135-916-1365
6e5fbf71,Stacy Johnson,43,Other,Operations,Master,2024-08-16,54000,greenjennifer@gmail.com,059.482.9298x4783
9134c0b7,Mary Delacruz,27,Other,Operations,PhD,2021-03-31,97000,robersontimothy@brown.info,016-939-3361x59072
b1b2b5f8,Laura Singleton,20,Male,Finance,PhD,2025-09-16,76000,jennifertaylor@yahoo.com,(671)625-6266x57816
ab6b3f08, jill ray  ,33,Male,Admin,Master,2016-01-17,57000,jamiecrawford@austin-nguyen.com,(745)802-8240x210
b63fa809,Charles Hensley,21,Other,Marketing,PhD,2018-02-03,64000,sabrinacruz@rivera.com,923-702-6691
1d444351,Lauren Walker,54,Other,hr,PhD,2022-05-23,33000,michaelmurphy@gmail.com,+1-157-265-2136x524
534bfa86,Ann Calderon,22,Other,finance,Master,2018-01-01,75000,qtodd@green-harris.com,943.568.4006
71f9b0e2,Jonathan Potter,32,Male,Finance,High School,2023-05-22,98000,xoneal@bridges-davis.com,001-586-158-4358x14918
67e2189b,Julie Curry,59,Other,Sales,,2022-05-27,80000,dustin06@gmail.com,243.675.8006x62277
af7d7f21,Maureen Lee,59,Other,Marketing,Diploma,2017-03-29,101000,qmoore@haynes.com,210-207-4321
d1e2b878,Alicia Garner,43,Male,hr,Bachelor,2017-11-09,26000,rangelpaul@moody.org,5690171645
a51e01ad,David Silva,28,Female,Marketing,Diploma,2022-06-09,80000,ryanbarnes@williams.com,411-251-7384x175
37b567b4,Tyler Patel,39,Female,,High School,2022-05-20,56000,ronniewilliams@gmail.com,2278311695
94ad345a,Victoria Parker,54,Other,,High School,2018-02-17,30000,jaimegreen@rosales-lynch.org,(359)392-2090
cf51a203,Emily Martinez,30,Female,Operations,PhD,2024-12-27,27000,sandra45@cunningham.info,240.072.1218
a92f85fe,Amanda Brown,45,Female,Operations,Diploma,2022-08-03,62000,mmorris@yahoo.com,854.270.2094x557
4a9ff50e,Samantha Salinas,58,Female,It,High School,2023-03-17,71000,xkelly@yahoo.com,639-904-3316x820
7279101c,Michelle Williams,20,Female,,Diploma,2015-12-07,97000,zacharywaters@nunez.biz,785.275.3206x134
e09ef2a3,Shawn Evans,31,Other,finance,High School,2019-01-10,102000,ronnierussell@barton-brown.com,927-133-9745
cb5a4d77,Christine Jones,50,Female,hr,Bachelor,2021-01-17,39000,jacksoncourtney@walker.net,2145311597
eb22ec1d,Michael Buchanan,49,Female,Sales,High School,2024-09-06,61000,kristi42@gmail.com,978-664-3913x2614
b7c12a4c,James Morales DVM,34,Male,It,Diploma,2017-12-20,27000,jillian35@yahoo.com,(509)254-0834x512
fd8398c3,Michael Hicks,50,Other,HR,PhD,2020-05-24,27000,groberts@hotmail.com,001-195-870-9526
9c8aa872,Laura Clark,50,Male,HR,Diploma,2022-08-09,50000,mblackwell@steele.com,627.422.5853
d8feb8de,Luke Bush,52,Male,Finance,Master,2025-02-16,109000,hansonjames@norris-frederick.com,001-635-029-9835
0ffa2366,Kimberly Cantrell,29,Other,finance,Diploma,2022-10-29,109000,belltracy@mercer.com,708-747-6528x68384
f7c8435f,Sarah Jordan,28,Female,finance,Bachelor,2024-01-07,40000,teresascott@gmail.com,247.611.4343
8f5e248e,Tyler Cole,33,Male,Sales,,2016-07-31,119000,achan@gmail.com,335.068.9744x46871
1c153057,Matthew Valencia,35,Other,Marketing,Bachelor,2017-12-04,93000,beckchase@fuentes.com,490.955.2980x717
07fbb920,Cynthia Freeman,58,Female,HR,Bachelor,2022-07-14,77000,jasonmorgan@rodriguez-davis.biz,+1-653-217-0911x778
9714fadc,Gregory Wiley,36,Other,Marketing,High School,2022-02-01,31000,jamespeters@garcia-cherry.com,(496)465-8894x92147
b636cc4c,Dylan Long,27,Male,Marketing,Bachelor,2022-03-28,76000,courtneygutierrez@hotmail.com,(857)040-9926x436
6f689d65,Amanda Anderson,43,Female,finance,Diploma,2018-06-24,28000,phillipsluis@rodriguez-brewer.com,+1-025-855-2516x129
2c649adf,Cynthia Tucker,58,Female,Marketing,,2024-04-07,92000,davenportphilip@hotmail.com,401-795-5989x83437
8e301bcc,Scott Stephens,32,Other,HR,PhD,2024-02-26,70000,zpierce@gmail.com,2410528359
5c3bd3b5,Ralph Gray,43,Female,hr,Bachelor,2020-10-28,97000,fowlerkathleen@clark.net,(330)037-4172x71477
49d93a08,Thomas Phillips,40,Male,IT,Diploma,2016-07-24,63000,jamesthompson@hotmail.com,+1-096-020-1581
2023fd4b,Jamie Scott,48,Male,Marketing,High School,2018-06-28,30000,matthewmcguire@yahoo.com,001-287-047-9320x02426
a5fcd671,Michael Gutierrez,38,Male,Sales,High School,2016-11-13,35000,jameshughes@hart.com,+1-363-261-8476x0693
e288109d,Brian Kidd,39,Other,Admin,PhD,2021-12-28,117000,bradleyjohn@gmail.com,121.835.3841x2731
f997f697,Travis Walters,62,Female,Operations,PhD,2024-04-04,48000,kelly52@rasmussen-crosby.info,6381518049
2320de16,Joseph Meyers,50,Female,Sales,Diploma,2018-01-18,51000,crystalsmith@gmail.com,+1-637-702-7002x10058
dc32f8a0,Jennifer Baker,64,Female,,PhD,2019-04-23,66000,ruben09@smith.org,9982626656
b2051cec,Tracey Johnson,39,Male,HR,PhD,2017-04-10,100000,greenenathan@yahoo.com,+1-042-850-3885
9f8d367d,Kimberly Taylor,53,Female,Admin,High School,2018-04-23,70000,zhurley@hotmail.com,671.765.3473
6c936f69,Alejandra Thomas,50,Male,Operations,Diploma,2021-04-13,72000,lutzwhitney@eaton.org,352.141.8047x18830
627ca9f7,Jay Peck,48,Female,It,,2018-04-26,109000,hnelson@gmail.com,101.127.4705
6cbdd931,Ashley Schultz,57,Male,Sales,PhD,2020-06-14,77000,georgeeileen@thomas.com,098-567-0621x5446
7f8736f1,Jody Rice,30,Female,Admin,Diploma,2018-11-07,41000,snyderroberta@hotmail.com,001-479-761-8574x3866
b64e26cf,Leslie Bauer,59,Other,IT,Bachelor,2019-04-03,50000,rachelmorse@gmail.com,(502)845-1818
ed3353fc,Laura Andrews,36,Other,HR,High School,2021-08-02,95000,jamessuarez@gmail.com,381-243-8311x41009
0890f506,Jon Green,39,Male,hr,,2018-05-17,29000,bortiz@reynolds.net,001-578-294-1997x653
7bb775d4,Sylvia Dalton,31,Male,Finance,High School,2021-08-11,98000,chadcruz@gmail.com,4827215503
948c7eb4,Melissa Smith,39,Female,finance,High School,2022-06-10,116000,wgomez@torres.com,001-680-116-8218
147f0413,Jonathan Gallagher,26,Female,IT,Master,2016-05-17,92000,kristindonovan@hotmail.com,406.492.2073x556
86c2ad8f,Louis Gibson,64,Other,,Diploma,2015-10-24,94000,kaitlyn10@yahoo.com,(022)949-4513
c02627d1,Francisco Woodward,58,Female,finance,Bachelor,2024-08-30,45000,qsimpson@gmail.com,+1-198-948-4707x1730
8456ce4f,Michael Guerra,64,Male,hr,PhD,2021-04-05,82000,murillokendra@rivera-perry.net,+1-215-601-3994x76598
9c2d9672,Kimberly Orozco,25,Male,IT,Bachelor,2024-09-08,70000,mbishop@gmail.com,576-210-5206x810
a1731ed8,John Chavez,41,Male,Operations,Diploma,2021-01-20,91000,james23@gmail.com,001-696-138-7343x571
ab310bfe,Alison Faulkner,62,Male,Admin,High School,2022-06-11,55000,kayla21@gmail.com,001-102-347-7047x290
8a08d40e,Toni Galloway,50,Male,HR,Master,2016-11-11,106000,iwilliams@hotmail.com,(388)139-3729
9cf021b8,Nina Combs,29,Other,Admin,Diploma,2023-07-02,,arnoldevelyn@valdez.org,+1-818-763-2210x814
88f7f097,Patricia Cannon,40,Other,Marketing,,2018-11-09,77000,david41@smith-cobb.net,093-069-4827x214
743b9f71,Eric Clark,40,Male,Sales,,2017-08-21,69000,ortegajane@hotmail.com,463.462.7714x25463
92ef63c1,Kelly Brown,61,Female,,Diploma,2021-12-16,64000,tsoto@gmail.com,072.731.2569
5a589b67,Joshua Ramos DDS,43,Male,Marketing,PhD,2016-10-05,64000,kristenscott@gmail.com,001-661-469-5614x26605
4b6c14e4,Courtney Young,40,Other,Marketing,Bachelor,2021-07-29,31000,iturner@holt-norris.org,392.033.0098
b1eedf64,Philip Cole,46,Male,,Bachelor,2018-05-10,55000,matthew96@boone.com,+1-893-961-5744x342
4dd7962b,Anna Love,47,Other,Sales,PhD,2015-12-10,53000,chavezjean@taylor-chambers.org,+1-811-846-2982
42ac66dc,Lisa Rodriguez,31,Other,Operations,Master,2021-12-03,69000,karen27@yahoo.com,1072287116
94010dfe,Cheryl Petersen,36,Male,It,High School,2019-09-03,115000,carrollamy@garcia.biz,887-898-3373x2025
a8049463,Tracy Lopez,20,Male,Sales,High School,2021-06-03,75000,wallsnicole@hotmail.com,539.654.0278
bcc4f0db,Casey Baker,47,Female,HR,,2019-03-10,119000,asmith@gill.org,(560)741-6881x13469
7c193e6f,Andrew Green,39,Other,Admin,Master,2017-04-16,112000,michaelsloan@hotmail.com,419.855.3893x17500
13ad3ead,Carolyn Kane,33,Female,Operations,PhD,2019-01-02,84000,jonesmatthew@gmail.com,001-956-148-8019x3943
408669bb,Lisa Ramsey,45,Male,Finance,Diploma,2017-10-28,36000,gonzalesderek@woodard-allen.org,938-713-4439x1593
4674a0eb,Joel Smith,49,Other,It,Bachelor,2024-07-24,112000,schmidtbrett@hotmail.com,+1-675-359-4645x7526
bdce4d4d, andrea brown  ,33,Female,Admin,Diploma,2020-06-06,63000,whines@murray.com,001-213-387-9602x0415
e8fe6095,Melissa Combs,41,Female,Operations,Bachelor,2022-02-13,84000,austinwilson@gmail.com,830-191-6463x12128
a8be6c80,Karl Moore,42,Female,Sales,Diploma,2022-11-02,67000,angelgonzalez@rogers.org,310.906.9295
2ce6f908,Richard Larsen,62,Male,,PhD,2016-01-31,85000,sean41@gmail.com,249-092-1890
3c775558,Amy Webb,31,Male,Sales,PhD,2021-05-27,67000,leblancmichael@perry.net,0913253112
8702f4ad,Annette Walters,40,Male,It,Master,2019-09-17,71000,donalddouglas@gmail.com,001-047-270-0318
fbec1ed8,Paul Stephens,61,Other,Finance,Diploma,2020-09-13,97000,kevin30@gilmore.com,(132)505-3034x658
987593c3,Kevin Moss,55,Male,Operations,Diploma,2018-05-05,82000,charlesnicholson@cooper.biz,550-243-6041x10374
d66de2a1,Patrick Bird,51,Other,HR,Master,2019-12-02,80000,clarkkevin@hotmail.com,8600451266
69b6f3b7,Laura Harris,21,Female,Sales,Master,2018-05-05,118000,christopher45@white.com,978-443-7610x925
a9217ddc,Blake Crawford,37,Female,Operations,PhD,2017-12-16,34000,nicolemcdaniel@hunt-morris.com,001-944-528-7914x88134
2ad3136f,Charles Roberts,41,Male,Admin,PhD,2017-11-25,48000,jennifercarlson@yahoo.com,579-192-9126
d7825ea3,Steve Brewer,47,Female,Finance,,2015-11-30,84000,jbryant@gmail.com,+1-471-671-1007
43af6c46,Jason Rodriguez,48,Male,HR,Diploma,2017-04-01,69000,gregory97@krause.com,+1-851-921-8043x996
0d722918,Amber Lee,57,Other,Operations,PhD,2018-04-19,77000,jroberts@spears.com,001-271-769-3431
79ea5621,Jeffrey Watts,62,Female,IT,PhD,2025-08-23,57000,blake44@yahoo.com,523.035.2602x4869
f2c0a0cf,John Hernandez,43,Male,Sales,Diploma,2020-05-29,107000,stephensonshaun@smith-ross.com,(635)734-6232x1682
3bd13a43,Michael Jackson,55,Female,It,Master,2020-03-11,30000,benjamindebra@hotmail.com,197-533-2840x9394
63dba8c8,Brittany Johnson,26,Female,Finance,Diploma,2019-08-25,85000,curtis05@james.biz,(350)333-6564
87cb0e2a,Peggy Young,60,Male,HR,High School,2017-08-27,80000,kmichael@cantu-cross.com,816-230-9270
49ee4969,Jennifer Taylor,34,Female,HR,Diploma,2020-07-07,116000,gabrielle43@yahoo.com,868.910.0872x9242
61cb0527,Christina Mullen,26,Female,It,High School,2017-01-28,99000,xhicks@yahoo.com,001-990-639-6773
87beb021,Alexandra Marshall,,Female,Marketing,Diploma,2020-07-31,28000,yhopkins@yahoo.com,+1-232-511-2683x317
18ecde2b,Amanda Davis,62,Female,finance,High School,2016-04-29,99000,acarlson@lee.com,001-430-171-9910x651
5a947a40,Gavin Yates,23,Other,Finance,High School,2024-12-15,116000,davidgilbert@doyle.com,001-745-809-9741x6492
9c48c830,Allison Murray,21,Female,HR,Diploma,2024-01-22,58000,psmith@wade-webb.org,305.593.1942x602
45c87f41,Ann Goodwin,,Female,Operations,,2024-07-05,107000,phillipscarrie@hotmail.com,812-995-7858
cd649aff,Jerry Martin,22,Male,Marketing,PhD,2019-08-02,60000,david75@tapia-villegas.com,+1-001-678-0739x562
958c9cfd,Joshua James,58,Other,finance,Bachelor,2020-04-24,83000,brandy52@johnson-barnes.com,812.778.4016
acdfe0ff,Jordan Wilkerson,53,Male,Admin,PhD,2019-02-24,88000,tknight@jones-osborne.com,001-889-727-4856x13662
ac00f929,Kathleen Lopez,50,Male,It,High School,2023-09-20,39000,xjones@hotmail.com,(287)344-8762x19821
851b9860,Rodney Stewart,60,Male,Operations,Diploma,2023-12-30,53000,ericrogers@rose-williams.net,217-859-0126
fe43541a,Patricia Paul,52,Other,Sales,Diploma,2025-01-20,96000,hendersonalexis@gmail.com,+1-025-324-8405x99147
02b53d3d,Yvonne Rodriguez,61,Male,finance,Diploma,2018-05-16,65000,jill71@white.info,9265064823
11654cb3,Robert Brandt,43,Male,Finance,Diploma,2020-12-19,84000,guerradebra@marks.com,+1-796-135-7826x18329
8677b81d,Aaron Scott,28,Male,Sales,,2016-07-26,97000,bensondonald@hotmail.com,111-686-6989x0949
59fcfaeb,Anthony Good,39,Female,hr,Bachelor,2018-04-30,100000,marshalldylan@clarke.com,(168)040-5092x277
407c4370,Olivia Carter,64,Male,hr,Master,2017-06-11,71000,jeffreyweaver@howard.com,(866)345-3004
9e90d107,Stephanie White,57,Other,Finance,High School,2017-10-02,85000,pcalhoun@hotmail.com,031.941.6444x3358
98197749,Matthew Smith,45,Other,Admin,Bachelor,2023-01-24,107000,scottesparza@yahoo.com,001-424-670-8450x43737
3781d306,Daniel Matthews,45,Female,finance,PhD,2024-10-30,116000,johnsmith@hotmail.com,256-981-1047
1f2da344,Brenda Oconnor,20,Other,Marketing,Master,2018-04-22,87000,davidtownsend@yahoo.com,+1-485-318-2467x0178
161d6acf,Monica Aguilar,59,Other,IT,Master,2019-09-06,80000,torresgina@hotmail.com,+1-135-432-1812
603ecfef,Rodney Salinas,31,Female,It,Diploma,2017-05-18,91000,stephen30@yahoo.com,(415)079-5675x76912
a5dd2836,Christopher Jensen,27,Male,HR,Bachelor,2019-06-29,69000,reyescalvin@lowe.org,1358342298
2f4cfefb,Clayton May,54,Female,IT,PhD,2024-03-03,51000,lthomas@palmer.com,(696)195-2545
2f2bdc13,Brandon Leblanc,40,Male,It,Diploma,2025-06-05,100000,sandrarobinson@gmail.com,728.136.2276x79279
a9151364, blake owens  ,60,Male,hr,Diploma,2024-08-05,26000,rileyandrea@gmail.com,5413317946
7414e3e1,Michelle Johnson,44,Other,hr,,2017-03-05,60000,mwright@gmail.com,(383)636-9050
c4f4b844,Brandi Gould,30,Female,Admin,High School,2024-05-05,71000,lutzkaren@yahoo.com,314.412.0474x6395
aae6787e,Heather Fernandez,35,Other,IT,Master,2017-08-27,42000,parrishjustin@gmail.com,(466)321-6038
41e0cfaf,Andrew Rodriguez,32,Other,IT,PhD,2016-01-24,115000,petersenbrittany@hotmail.com,8073651133
46fc4ff2,Ashley Friedman,32,Male,Marketing,Master,2016-07-10,106000,jasmincampbell@baker.biz,(744)975-0148
637aa999,Tammy Davis,52,Other,Admin,Bachelor,2025-06-11,40000,rvargas@lamb-nelson.com,(188)097-9014
421becca,Kimberly Sullivan,38,Female,Admin,High School,2022-04-25,105000,blackburndiana@yahoo.com,735.740.0122
2d8cc973,Donna Obrien,29,Other,Finance,Diploma,2018-05-12,105000,johngarcia@smith-mccullough.com,(330)019-2988x09288
fabb6609,Jennifer Mendoza,34,Other,Sales,High School,2021-01-31,110000,charles37@yahoo.com,001-200-550-8569x187
6483b0e7,Shawn Hooper,49,Male,Admin,Diploma,2018-07-26,63000,robertdaniel@adams.net,001-594-626-1322x168
1bc2197e,Beth Ford,24,Female,Admin,High School,2022-09-30,73000,christopher63@snyder-jones.com,(808)162-1730
6e66a273,Dr. Kathryn Adams DDS,37,Other,Operations,Diploma,2021-08-25,96000,kristin46@yahoo.com,2713462538
1b332e43,Paul Gonzales,55,Male,finance,Master,2023-09-06,52000,mrodriguez@gmail.com,436-652-0410x268
424d9430,Vanessa Davila,22,Other,finance,Master,2024-08-19,74000,parsonspaige@banks.com,3307695008
12068ad6,Andrew Carter,22,Female,,Master,2023-03-16,65000,piercealicia@serrano.com,233.951.7880x143
c6f903cf,Bianca Kim,38,Other,IT,Master,2019-06-29,52000,mwilliams@hotmail.com,222-881-9826
7f695b97, jamie mclaughlin  ,28,Other,HR,High School,2021-06-16,89000,pamelaschultz@hotmail.com,258-262-4486x3987
0038dc84,Taylor Mack,42,Male,IT,Diploma,2021-12-14,40000,williamsmith@yahoo.com,156.510.0180x3567
63f6bf77,Christina Franklin,53,Other,It,Master,2024-05-16,54000,sweeneyheather@patterson-burnett.biz,001-215-240-9383x527
546fcba3,Bethany Gonzalez,44,Male,Finance,High School,2023-11-09,115000,jfoster@yahoo.com,617-139-7967x27704
00f2baa4,David Fernandez,55,Female,Finance,Diploma,2023-06-26,75000,lhoffman@rice-chen.net,256-248-7819
c55fa445,Debra Blackburn,56,Other,Finance,High School,2020-08-07,62000,rhunt@yahoo.com,+1-357-256-3700x825
6766d37b,Christopher Walker,39,Female,Sales,,2021-09-13,83000,nashjames@perez.com,238-196-2633
cff14c0e,Jennifer Hill,58,Female,HR,Master,2017-12-20,117000,smithlisa@hotmail.com,(538)477-7336x23425
39d11950,Miguel Smith,57,Other,finance,Bachelor,2022-11-23,74000,ahall@hotmail.com,+1-289-660-6475x32557
b0736dd1,Christopher Paul,39,Male,Marketing,High School,2019-06-05,107000,whitneymartin@lewis.com,824.079.3652
1f0733df,Todd Hernandez Jr.,28,Female,finance,Master,2020-11-29,39000,larryblackwell@gmail.com,001-899-885-5059x20633
fdd99681,April Clark,56,Female,Sales,PhD,2024-05-05,37000,andrewwolf@yahoo.com,067.910.4285x5798
4d862412,Antonio Smith,64,Other,Finance,Diploma,2024-09-09,113000,lpatel@yahoo.com,321.628.2308x8035
ff3c6d4e,Danielle Carter,22,Other,Sales,,2024-11-14,107000,anna34@frederick.com,(988)714-2192x364
5d87edd2,Jennifer Allen,63,Other,finance,Master,2018-03-30,65000,ufox@hotmail.com,(660)458-9453x2843
570e5af5,Aaron Black,38,Other,Marketing,PhD,2019-02-15,74000,joshuasmith@garcia-cox.com,(788)471-5415x970
c2ad0d97,Paula Kidd,35,Other,,High School,2024-03-15,47000,lewisscott@trevino-jones.com,+1-541-345-3045x3356
33ffb402,Bryan Yates,25,Other,HR,High School,2018-05-03,105000,hughesjennifer@hotmail.com,(572)625-6265x85962
f7aeede8,Troy Jefferson,22,Male,Sales,PhD,2021-02-24,66000,scollins@hotmail.com,+1-560-810-8578x80045
4c82c445,Paul Burton,47,Female,It,,2021-02-01,96000,velazquezalexa@schmidt.com,001-889-341-9961
1b552618,Brenda Simpson,32,Male,finance,PhD,2020-10-28,42000,mandrews@perez.com,644.329.0765x824
7c8b7f1e,Natalie Perkins,21,Male,HR,Diploma,2018-12-16,107000,nguyenscott@yahoo.com,001-489-877-4985x485
701fb3ea,Patricia Acosta,42,Other,finance,High School,2017-12-24,84000,yjackson@gmail.com,6781446494
092385fe,Lisa Price,55,Female,finance,PhD,2021-04-11,117000,debrapowell@gmail.com,+1-599-248-5910x6153
ff12fe28,Morgan Evans,34,Male,Marketing,Bachelor,2019-03-31,86000,qsmith@silva-morse.com,336-671-2881x079
638644e0,Tiffany Bender DVM,22,Other,,Bachelor,2021-05-12,49000,michellejones@hotmail.com,084-824-1794
a4b65cfa,Karen Scott,42,Other,HR,PhD,2017-10-14,118000,gonzalesholly@henderson-colon.biz,(522)566-2952x3053
f7073712,Anthony Morse,52,Female,It,Diploma,2016-12-13,58000,sanderson@leon.com,5132708725
f7716700,Valerie Robertson,48,Male,Finance,High School,2023-09-23,90000,romankevin@gmail.com,+1-466-223-0886x15892
56db638a,Danielle Wilson,36,Male,HR,Bachelor,2024-10-02,79000,zdavis@gmail.com,071-333-9597x52357
b8943df8,Ruben Benton,37,Male,It,PhD,2025-04-11,63000,paul56@hotmail.com,001-659-314-9170
36308a60,Brendan Khan,49,Other,Admin,PhD,2018-12-22,52000,beckerleslie@yahoo.com,757.409.3602x420
85eb2b3f,Matthew Peters,37,Female,Finance,Master,2025-03-20,29000,ddavis@gmail.com,197-025-6236
dec56dc3,David Mason,64,Female,HR,PhD,2016-03-24,75000,taylorsharon@garcia.com,063-863-6057x4707
bdb58d06,Tonya Parker,37,Male,Operations,Diploma,2021-06-07,,kathyhudson@yahoo.com,(703)100-5111x27761
1270c935,Chelsea Green,40,Other,Operations,Bachelor,2016-08-01,75000,uwhite@taylor-stevens.com,867.293.8358
7d283421,Alexandria Cox,42,Male,finance,Master,2020-01-17,47000,dawsonruth@gmail.com,(558)128-4855x05635
e83cdff9,David Gutierrez,63,Female,Finance,Bachelor,2020-01-31,57000,monica98@scott.com,001-306-787-3841x107
3e20718a,Frank Harding,30,Other,HR,Bachelor,2021-07-10,30000,karenfuentes@gmail.com,429.464.1171
03ad702e,Danielle Perkins,48,Male,finance,Diploma,2022-01-07,98000,eugenemorrison@hotmail.com,938.630.8582
e797f3ae,Sharon Reynolds,56,Male,IT,PhD,2019-09-20,34000,jay10@gmail.com,001-592-982-8122x8161
18e824e9,Anthony Brown,49,Other,finance,Diploma,2025-03-23,59000,rachelstephens@smith.com,+1-823-329-4194x60078
d5d9a385,Stanley Le,54,Female,Sales,PhD,2024-10-08,43000,wrightsarah@cooper-parker.org,+1-518-157-7504x1190
d145bd7f,Michelle Ryan,37,Other,Operations,Master,2018-12-23,86000,snowbobby@reynolds-fitzgerald.com,078-312-6922x39668
98507072,Jonathon Knapp,63,Male,IT,Diploma,2024-06-27,103000,ckelley@hotmail.com,293.631.7868x0888
1027fbf7,Kayla Carlson,54,Male,hr,Diploma,2023-10-29,86000,cheryl27@guzman.biz,+1-239-005-2238
565c1e3f,Tracy Hernandez,48,Male,It,,2018-07-02,92000,blackjames@fisher.com,001-241-256-3747
bce8e033,Brenda Schmidt,51,Male,Sales,High School,2015-12-03,111000,rickyblankenship@yahoo.com,(266)184-0708x7371
1eece891, andrea baker  ,36,Female,Finance,Diploma,2020-04-03,53000,ygraves@powers-alvarez.com,617-413-5270
8bbf1b30,Chad Perez,46,Female,finance,,2023-04-23,53000,mflores@yahoo.com,8780324097
f6f61488,Mandy Lee,29,Male,Operations,High School,2022-07-20,107000,haleydean@yahoo.com,628-347-5480
0bab8f53,Trevor Walker,63,Female,,PhD,2023-11-04,45000,ibuckley@hotmail.com,2914672608
102f4f5c,Alicia Phillips MD,51,Female,It,PhD,2023-03-15,84000,cole24@collier-norton.info,+1-601-607-2238
c1eecd7a,Raymond Clements,35,Female,Operations,PhD,2022-04-05,44000,benjamin87@frederick-williams.biz,001-970-895-2098x11490
5eb38ef5,Evelyn Dunn,24,Male,Marketing,,2022-03-31,60000,kenneth81@newton.net,+1-018-710-9126x7618
3e5f7e23,Teresa Fuller,22,Other,Operations,,2016-07-21,50000,lblack@hotmail.com,828-310-3193
22249813,Vanessa Reed,38,Other,,High School,2024-11-08,58000,garciapaige@gmail.com,+1-810-357-4123x157
a1d78199,Max Mcclain,45,Other,,PhD,2017-12-26,61000,rbrown@miller.com,073.301.9287x291
28628b4e,Andres Marshall,33,Male,finance,Bachelor,2024-12-28,83000,jason28@hotmail.com,103.163.0984
14aa3ca3,Anthony Simmons,24,Female,Finance,Diploma,2025-02-01,93000,allen62@wells-kim.com,001-086-309-3645x8856
ed174fdd,Bradley Hoffman,32,Female,,,2024-03-22,55000,lmcintosh@gmail.com,001-344-078-8586
97feb937,Judy Johnson,29,Male,Operations,,2020-11-21,103000,timothyperez@gmail.com,+1-189-319-2931x98263
b189727f,Nichole Thompson,57,Male,Finance,,2021-04-05,115000,kevinfrank@sanders-porter.com,3599401236
79dbf407,Mrs. Nancy Schaefer,27,Other,HR,High School,2024-04-25,103000,brayshelly@grimes.com,660-333-9790
24a167fd,Gregory Martinez,44,Other,Operations,PhD,2023-05-26,50000,ghart@yahoo.com,001-588-615-6531x23415
734eab10,Deborah Patel,34,Male,Admin,Bachelor,2017-02-22,26000,brianorr@hotmail.com,750.144.1699x3077
2caf3d2f,Jonathan Jordan,23,Other,finance,Diploma,2017-12-31,72000,nealjennifer@davidson.net,001-123-212-7509x244
98a547b2,Courtney Briggs,28,Female,Sales,Diploma,2016-09-29,108000,egriffin@yahoo.com,737.227.7015x59005
9caf4bfe, susan molina  ,21,Male,finance,PhD,2023-11-03,53000,david03@larsen.com,761.308.1677
d3946dc7,Nicholas Arellano,31,Male,,Bachelor,2021-02-17,45000,danderson@hotmail.com,+1-208-096-4927x16729
6b358d15,Christopher Thomas,61,Female,It,High School,2019-05-02,42000,alishareed@dickson.com,(913)609-5393x49230
31208bde,William Christian,48,Female,hr,,2017-01-10,54000,joshua56@yahoo.com,(794)673-3167x1988
fa0f01a4,Roger Johnson,63,Female,Marketing,,2019-06-17,43000,landrynicholas@kemp-crawford.biz,661-339-2628x9183
dcdbf14e,Faith Smith,24,Other,Admin,PhD,2022-06-08,42000,andrewwilson@fernandez-white.net,001-789-526-4925x4525
81ee30e4,Dr. Mario Harris DDS,35,Male,,Diploma,2025-04-01,25000,floresstephen@garner.info,(416)166-3872
a05ff5e6,Chase Young MD,63,Other,Operations,,2021-12-03,63000,levyelizabeth@gmail.com,951.745.1848
0d95ee72,John Ortiz,37,Female,Finance,Diploma,2019-01-10,62000,elijahdennis@baird.com,326-733-4416
26331cc6,Todd Sherman,60,Other,Admin,Diploma,2017-07-19,114000,arangel@yahoo.com,+1-378-926-5495
e9570a2a,Beth Ellis,53,Female,hr,PhD,2022-02-12,95000,selena68@yahoo.com,(797)132-0313
28e60130,Jennifer Hatfield,64,Other,Sales,Master,2018-02-12,77000,joshuaponce@wagner-moore.net,103.373.3619
0dd4c0e6,Sarah Padilla,44,Other,Finance,Master,2022-07-16,50000,ealexander@mcconnell.com,343-169-1733
35a7ac9b,Gregory Hale,23,Female,Marketing,Master,2017-12-25,102000,preston45@gmail.com,001-883-255-0118
9de7df7b,Christian Anderson,47,Other,IT,Bachelor,2017-06-03,35000,devin93@cruz-maldonado.org,001-528-776-3825x30776
74017bb3,Dr. Lisa Ramos,55,Male,Marketing,PhD,2016-05-21,101000,rossdrew@hotmail.com,1326843114
0d6dcb42,Dr. Jessica Chase MD,38,Other,finance,Diploma,2023-12-24,94000,markmiller@yahoo.com,+1-060-467-9323x670
2875ad5d,Kara Gallegos,39,Other,Admin,,2020-10-29,40000,oallen@gmail.com,(361)051-5134x907
83d0bae7,Laura Fowler,28,Male,finance,Bachelor,2017-03-13,113000,anita77@yahoo.com,001-282-551-4690x615
3c3c9c08,Andrew Proctor,23,Female,,Master,2020-03-03,107000,xeverett@gmail.com,+1-339-961-3317x25339
946b4482,Jordan Mason,54,Male,HR,High School,2020-04-12,33000,finleywhitney@gmail.com,190.223.3348x4600
bf4113cb,Mr. Charles Young,24,Other,,Bachelor,2019-07-17,42000,lphelps@tucker-carroll.biz,(030)086-3864x99927
3ae56c8d,Robin Parker,44,Female,Sales,Bachelor,2015-11-12,105000,gcontreras@santiago.com,+1-242-898-1856x091
3a4fece7,Jason Stevenson,22,Other,Admin,PhD,2017-11-14,53000,riverajacqueline@hoover.com,+1-894-420-6925x65291
699fdb02,Christian Rodriguez,57,Other,It,,2016-01-22,53000,douglasjones@gmail.com,001-305-675-1472
e43081aa,Richard Reynolds,57,Male,It,Bachelor,2022-05-25,48000,irivera@hotmail.com,001-678-904-4220x97688
95c89b2d,Oscar Kelly,53,Male,HR,,2017-03-10,111000,kelsey53@gmail.com,819-033-1718x035
6f94da50,Kenneth Jackson,,Female,Finance,PhD,2020-07-08,97000,cartercharles@joseph.org,001-164-546-5339x9160
9c03d65c,Mary Hill,42,Female,HR,High School,2020-09-01,89000,schmidtmariah@yahoo.com,731.025.1173
5f9cb7e0,Robert Miranda,54,Female,Sales,Diploma,2021-11-05,119000,kristin46@yahoo.com,377-712-4920x85554
31b42308,Michael Snyder,24,Other,Operations,Diploma,2018-03-22,58000,snyderlauren@bell.com,(950)418-1075x438
450ab36d,Joshua Schmidt,59,Male,finance,Master,2022-04-19,74000,mike22@parker-rojas.com,+1-709-837-8321x9800
083759f8,Aaron Barnett,64,Male,hr,Master,2021-01-01,94000,matthew95@hotmail.com,+1-373-803-3837x132
47d5ac92,Darin Byrd,62,Male,,High School,2021-10-18,94000,mchurch@yahoo.com,903.322.5304x9100
772d416d,Kathryn Shields,49,Female,Admin,Diploma,2023-08-25,50000,idaniels@shepard.com,+1-914-582-3086
c2a59d7b,Misty Rice,38,Male,Sales,Master,2021-02-08,33000,millerdenise@hotmail.com,001-064-277-2594x72141
4b8fb475,Robert Herrera,42,Male,IT,,2020-05-31,66000,thomasjulie@stone.net,(702)295-7286
cb68a34e,Jennifer Cline MD,43,Male,hr,Bachelor,2019-04-14,78000,ubeltran@yahoo.com,590-276-7168x58084
e7d3f770,Rose Kaiser,54,Female,Sales,PhD,2019-06-07,94000,pcohen@yahoo.com,001-891-728-6455x188
8d8164b0,Christopher Humphrey,39,Male,IT,Master,2016-12-22,29000,annperez@jones.com,431-332-8291
6964eb16,Matthew Ramirez,48,Female,IT,High School,2023-12-12,29000,zmyers@riddle.org,001-171-073-0555x413
dcb913b4,Charlotte Roy,42,Male,IT,Diploma,2017-06-11,100000,peter87@taylor.com,001-817-146-4213
7936931e,James Collins,62,Male,Operations,High School,2017-11-19,71000,ronald71@hotmail.com,+1-742-458-8822x707
03b68657,Kelsey Smith,60,Male,HR,PhD,2021-12-19,100000,jbrown@melendez-long.org,433.272.2203
df629d0c,Kathleen Garcia,48,Female,It,PhD,2019-08-29,25000,anne90@hotmail.com,+1-087-672-5449x179
6f2aec8a,Shelia Cruz,40,Female,Marketing,High School,2019-08-31,106000,bross@phillips.biz,(280)351-4586
ed6f4ee3,Mrs. Amy Hale,46,Male,,Master,2019-12-08,74000,ucarter@shaw-patel.org,(475)740-9616
e9ebd446,Jeremy Clayton,25,Other,IT,Master,2020-07-03,84000,valerieadams@yahoo.com,627.756.4346x82072
6af31899,Susan Williams,53,Female,Sales,Diploma,2025-09-04,42000,christopherluna@hotmail.com,(104)346-8456x860
fdc419b2,Donald Mays,46,Female,Finance,,2023-06-21,25000,gracewilliams@gmail.com,+1-042-749-9861x33708
81145252,Thomas Wells,32,Male,Finance,Diploma,2018-08-07,74000,brenda90@hotmail.com,+1-040-450-6736
64f22a7c,Brian Vaughn,28,Other,It,Bachelor,2023-02-25,49000,thomasbenjamin@peterson.com,242.036.6714
b257e257,Leah Owens,34,Male,Admin,,2023-10-02,93000,clarkwilliam@gmail.com,201.657.6285x77738
7ecb002e,Jennifer Norman,34,Female,finance,Bachelor,2016-04-14,43000,mary65@gmail.com,001-134-164-2716x571
c0c9c3ed,Mark Hughes,49,Female,IT,Diploma,2017-05-15,46000,xsmith@heath.com,+1-328-443-8278x596
68181f5b,Paige Case,60,Male,Sales,,2016-03-24,77000,harriseric@jordan.info,317.482.7681x01498
5bc07988,Lisa Potter,43,Male,IT,,2016-07-30,38000,eugenemcdonald@yahoo.com,001-202-250-7895x65185
ffbb4bcc,Jordan Garcia,31,Other,Operations,Bachelor,2019-04-22,29000,onelson@gmail.com,663-425-5439
ab45eaf0,Sarah Fields,24,Other,finance,High School,2020-12-11,115000,montoyaveronica@robinson.net,+1-417-052-8730x14682
75938f5a,Erin Diaz,62,Female,IT,Master,2019-08-26,58000,john67@gmail.com,243-209-3173
956abfdf,Bryan Harris,27,Other,,,2020-10-22,98000,amy82@oliver.com,+1-802-227-8692
76b90472,Danny Moreno,63,Other,Finance,,2020-12-05,31000,igardner@yahoo.com,(923)003-1910
b400a5e1,Alison Livingston,54,Female,IT,Bachelor,2024-03-30,80000,buckerin@hernandez.net,(654)214-6761
df1e04cb, megan hood  ,61,Female,,,2021-12-30,73000,hannahsmith@wilson.com,(472)953-9384x2640
b432ece9,April Taylor,38,Female,,Bachelor,2025-01-12,72000,alvaradoshannon@gmail.com,8879174207
a0970ff4,Philip Espinoza,36,Female,HR,High School,2021-11-08,111000,tdecker@hotmail.com,(256)363-8031x062
b0d508a9,Tony Rodriguez,61,Male,,,2025-03-08,44000,jon54@petersen.info,309-966-2290
4bed523c,Michael Rodriguez,39,Female,finance,PhD,2022-10-31,59000,halldaniel@cooley.com,(347)013-6352x77642
b2b3bb39,Vanessa Moore,22,Female,Finance,Diploma,2016-12-20,94000,andersoneric@stewart-hardy.biz,(493)907-1329x75335
93423b4f,Megan Koch,51,Female,Admin,High School,2024-10-29,92000,tammy84@palmer-fletcher.com,361.050.8440x6844
af4637b3,Victoria King,45,Other,Operations,PhD,2024-09-14,81000,melodypeters@gordon-alvarez.biz,510.868.3858
55f01600,Bryan Gonzalez MD,25,Female,Finance,High School,2024-06-01,86000,heatherwells@roberson.com,(129)906-5001x595
83c5c510,Jermaine Barnes,24,Male,Sales,Master,2017-05-15,116000,htorres@smith.com,+1-928-866-0956
5d2e7b90,Stephanie Smith,33,Male,Admin,High School,2023-11-25,39000,awright@macdonald.info,(598)349-9566
620956a8,Kimberly Nunez,36,Female,,High School,2024-07-03,29000,uwong@page.com,(372)438-0580x37665
0a76bd91,Holly Bell,50,Male,IT,Master,2022-08-31,101000,jeffrey35@yahoo.com,+1-078-343-4838x3483
a5eea4a2,Kathryn Smith,29,Other,HR,,2016-09-17,75000,biancakramer@jones.com,3712584543
8f8dd995,Maureen Carter,38,Female,Admin,Diploma,2018-01-09,25000,parkssusan@gmail.com,374-202-8281
236e9007,Brandy Walter,42,Male,Sales,PhD,2017-10-07,112000,davidbrown@anderson.com,+1-088-438-3213x2131
8a257159,Carla Holloway,33,Male,Sales,Bachelor,2022-01-12,118000,patrick08@rice.info,001-107-527-8962
bcc4f087,Andrew Holder,25,Female,Admin,Diploma,2025-07-17,100000,linjustin@white.org,847.815.8968x59421
df02774d,Pamela Arnold,39,Male,HR,High School,2018-05-30,41000,conwayjames@gibbs.com,260.821.3591x2923
c0cffa73,Debbie Estrada,60,Female,,Bachelor,2024-04-16,104000,orobertson@shaw.com,078-466-9561
5209eaab,Robert Fleming,44,Male,finance,Master,2020-02-21,115000,mvaughan@coleman.com,182.327.3882x797
80e9b300,Jeffrey Vaughn,62,Other,Sales,Diploma,2019-07-01,99000,haleyyoder@smith-short.com,001-413-973-1770x6756
0df1172a,Samuel Rocha,32,Male,,,2023-07-25,58000,dmueller@neal.com,490-485-8452
73d12f3e,Paul Rich,55,Male,finance,PhD,2023-03-28,109000,qfranklin@paul.net,129-443-5400
d45e087f,Frank Fitzgerald,39,Female,finance,Diploma,2019-07-15,62000,xowens@hotmail.com,(217)488-1909x60760
882ae449,Stephanie Colon,36,Male,Sales,Diploma,2024-07-23,,hmendez@yahoo.com,001-456-501-6385x7319
e6426f0b,Aaron Pennington,23,Female,Admin,,2017-12-20,60000,alan00@rodriguez.com,+1-684-708-1450x8237
5e3ece60,Jack Krause,21,Other,finance,Bachelor,2024-02-26,44000,fdixon@davis.com,001-838-526-3532x565
b177116d,Mariah Wang,41,Female,IT,Master,2020-09-15,,dylanboone@cohen.biz,+1-993-173-0901
e214d458,Brooke Allison,44,Female,Finance,,2025-09-21,27000,monicaclark@adams.com,001-913-468-0036x915
e24c724b,Melissa Harvey,55,Male,Operations,Master,2016-07-25,119000,david76@yahoo.com,426-026-7615x18193
6403c4bc,Laura Roberts,42,Other,Sales,,2019-05-20,81000,blutz@gmail.com,104.347.4659
f5504c52,Kathy Robinson,37,Female,hr,Diploma,2019-06-13,,johnsonpaige@miller.biz,316-381-2886
2a2e1e6a,Thomas Rodgers,43,Male,finance,Master,2017-10-19,36000,victor39@garrett.com,498-092-4898
25e050f6,Rhonda Cervantes,39,Male,Marketing,Bachelor,2018-07-11,69000,brian69@leonard.com,457-499-8947x38802
344a21b7,Darryl Hernandez,30,Female,It,Bachelor,2018-08-25,70000,cynthia80@hotmail.com,(444)086-9919x775
05cf079e,Benjamin Alvarez,59,Male,IT,PhD,2018-12-20,104000,xwood@murray-garcia.com,(567)794-2049x090
aeb1fcd3,Robert Pierce,51,Female,hr,Master,2019-09-12,99000,jillarnold@henry.net,+1-594-444-0565x551
7951d52b,Earl Marquez,22,Female,,PhD,2021-04-08,30000,jonathan85@gmail.com,+1-717-182-3130x078
bcda835f,Michael Walls,60,Female,Operations,,2020-04-16,74000,crystalmiller@richardson.com,527-787-0226
3066478c,Crystal Pierce,25,Other,HR,High School,2025-04-09,26000,christinamartin@yahoo.com,+1-854-027-7234x8902
cd4f2875,Gabriel Wilkins,40,Female,finance,Bachelor,2016-06-30,73000,shawn17@yahoo.com,(218)198-9240x7786
8505d91d,Desiree Jimenez,51,Male,It,Diploma,2023-04-08,49000,maryfreeman@jones.com,386-364-5895x49671
9425fc3a,Wyatt Henry,35,Other,HR,Bachelor,2016-01-13,54000,swilliams@mckenzie.org,(089)064-7242x2131
c96d525e,Lauren Coleman,42,Male,Operations,High School,2020-09-23,85000,simsamanda@martin-wong.info,001-550-902-3075x049
aa757eeb,Erica Wright,52,Other,IT,Diploma,2023-06-19,49000,usweeney@hotmail.com,684-260-4089
8c68720e,Patrick Rocha,46,Other,IT,Master,2019-04-26,90000,tneal@wagner.biz,001-975-336-5989x6432
913767ab,Joshua Jones,61,Other,Operations,Master,2017-10-20,78000,patrick11@heath.com,(490)179-3635
4e7674e9,Johnathan Aguirre,59,Other,IT,Bachelor,2021-02-09,51000,bedwards@robinson-hart.com,001-470-408-0639x28238
3a0e618f,Kevin Hubbard,57,Male,It,Diploma,2024-09-26,67000,mmorris@bennett.com,(664)621-2999
49c3f48b,Mr. Jack Moore PhD,40,Female,finance,,2019-07-07,104000,blackrichard@hotmail.com,450-784-9029x6591
25f98046,Pamela Burnett,35,Male,Operations,Diploma,2022-07-17,61000,deborah86@gmail.com,612.143.0028x3066
f4ca6e70,Darren Reyes,52,Female,Sales,PhD,2025-04-02,53000,donna96@yahoo.com,+1-862-381-2775x8430
29298691,Richard Graham,24,Male,Marketing,High School,2023-09-06,89000,anthonylamb@macdonald.com,+1-882-414-1369x9879
2ea9ef6c,Wanda Ingram,64,Other,,Master,2021-01-25,31000,smithlauren@nichols-beck.net,4546437381
b546c5c0,Joel Thomas,24,Other,Finance,Bachelor,2023-08-16,37000,richard34@hotmail.com,(747)427-6855x1461
cb618d75,Jeremy Johnson,52,Female,It,Diploma,2023-10-28,85000,ballmichelle@hotmail.com,(446)580-8682
1dee4b6d,Ronald Marshall,,Female,Admin,Master,2024-03-30,98000,kellygrant@hotmail.com,613-526-4259
931414e8,Robert Fischer,28,Male,Marketing,Bachelor,2020-02-25,86000,englishmartha@alexander.info,543-397-4808
5ea2d56b,Dr. Paul Olson,39,Female,Finance,Master,2015-11-28,102000,keithcrawford@hotmail.com,001-770-069-1843x451
b506c24d,Cindy Tucker,23,Male,Admin,Bachelor,2023-08-11,89000,shelbyshaw@davis.info,929.687.7291x8844
fa5fafdb,Darren Smith,20,Female,HR,Master,2016-02-08,119000,wilsonjeremy@gmail.com,766.277.2864
72cc3fc5,Jeremy Nicholson,40,Female,Marketing,,2019-07-25,63000,brandttravis@kim.com,001-093-223-4926x8132
889cd33d,Kathy Nguyen,20,Female,hr,PhD,2022-08-26,36000,qsherman@gmail.com,(411)883-2452
06617f95,Christopher Williams,28,Other,Marketing,High School,2022-05-08,40000,shawdanielle@gmail.com,+1-656-284-0887x6474
c4bd9b59,Evelyn Townsend,52,Other,IT,Master,2022-10-17,38000,johnsonalexis@perez.com,+1-465-959-3006x985
ed850a6d,Joseph Zavala,34,Male,finance,High School,2021-10-23,56000,makayla90@sexton-miller.com,+1-871-381-1184
f85bc2d3,Charlene Black,57,Female,finance,Master,2022-08-23,39000,kellydaisy@hobbs.info,923-365-5081x534
81e58eee,Angel Butler,40,Male,Finance,Diploma,2016-01-05,36000,keith76@morris-jones.com,301-672-5073
4ba99d78,Adam Delgado,30,Female,IT,PhD,2015-11-12,109000,brookshaley@hotmail.com,+1-931-836-5156x2387
f83811c5,Daniel Mendoza,42,Other,HR,,2023-06-11,46000,rhondaraymond@wolf.org,7033692249
fe7b178d,Ruben Clark,58,Other,finance,PhD,2022-03-23,59000,zachary19@terry.com,001-472-865-0188x5053
ccb1063d,Nicholas Rasmussen,56,Female,,High School,2018-03-03,66000,sherrybarron@bennett.net,(452)553-6228x093
ec1b55dd,Jason Taylor,28,Female,HR,Diploma,2018-07-22,73000,taylorrichard@hotmail.com,514.105.8725x429
1cc0b764,Claudia Rice,53,Other,IT,Bachelor,2025-02-24,97000,kblair@brennan.info,7433892656
0a42be3f,Sara Lawson,50,Other,IT,PhD,2018-06-06,104000,yhorton@bryant-stein.com,(319)399-2015
1deb979d,Michael Johnson,25,Male,Finance,,2017-11-04,117000,mary77@hotmail.com,001-041-215-0684x9821
9e15ebcc,Thomas Mills,39,Other,Sales,Diploma,2018-11-17,36000,ehenry@gmail.com,951-294-2266x9198
5b7e24ca,Michael Thompson,38,Female,finance,Diploma,2024-12-18,53000,barreralouis@briggs.com,(264)059-2826x5509
9bafcc20,Penny Waters,44,Male,IT,High School,2017-12-17,80000,marywalker@gmail.com,488.271.8467
86c45e42,Gregory Johnson,22,Female,IT,,2017-11-09,53000,sbarton@gmail.com,7272974401
c4605896,Sandra Ingram,64,Male,,Diploma,2025-09-07,94000,gjimenez@cabrera-cole.info,(161)060-6558
15661feb,Kenneth Harmon,40,Female,Marketing,Diploma,2019-06-01,33000,jose60@paul.info,001-884-069-4221
ad5406bc,Erin Nash,33,Other,Marketing,Bachelor,2024-05-13,89000,carlrobinson@cook.org,+1-134-105-9708
f9d09e26,David Smith,58,Female,IT,High School,2022-11-12,117000,birdtonya@dunlap.com,123.624.5276x10650
7d8f2350,Matthew Morris,39,Male,It,High School,2024-12-08,106000,nmontgomery@gmail.com,+1-872-800-8839x93447
82f552c8,Norman Porter,33,Female,HR,,2018-08-10,62000,colsen@george-perkins.com,001-299-923-3536x4386
aab133ba,Kathryn Morgan,40,Male,,Diploma,2023-12-24,60000,randerson@banks.com,032-256-4836
b74966cb,Jeffrey Jones,46,Female,HR,Bachelor,2025-04-02,26000,harttravis@yahoo.com,437.164.0612x94510
62d846d0,Alyssa Guerra,32,Other,Admin,Master,2020-04-01,112000,amber67@rodriguez.com,(517)757-5251x565
584cb0f7,Bridget White,45,Other,Sales,PhD,2023-04-17,57000,maria63@yahoo.com,+1-618-222-8107x3367
72114575,James Hood,59,Female,Marketing,High School,2018-01-27,109000,ybrooks@garrison.biz,339.122.2462
3737cc38,Daniel Brown,58,Female,Marketing,Bachelor,2023-01-22,61000,lmaynard@smith-lawson.com,181.100.7179x1707
bdd4c1f2,Tony Thomas,46,Female,,,2020-03-31,37000,millerjennifer@gmail.com,+1-536-870-2889x777
7147f758,Philip Huff,44,Male,It,Bachelor,2019-06-20,87000,nancy66@brown-rhodes.org,+1-767-505-6753x952
ba5e4066,Marilyn Henry,20,Female,It,Diploma,2019-04-21,62000,hwilson@adams.org,450.363.5324x3845
ba85e403,Tracy Rodriguez,43,Female,Operations,PhD,2019-02-28,77000,alvarezchristian@delacruz.com,116.370.3954x832
d5e4157d,Richard Moore,21,Male,HR,High School,2015-12-27,25000,christiangarcia@aguilar.com,+1-492-367-9082x1127
24c58b47, jacqueline roberts  ,26,Other,finance,Master,2020-11-22,119000,orodriguez@gmail.com,(939)414-6276
fd06a179,Jennifer Tran,62,Female,,Diploma,2021-12-04,66000,kennethmays@yahoo.com,2804306638
55dddf38,Christopher Garcia,51,Female,Finance,High School,2025-10-09,76000,ramirezmary@yahoo.com,778-170-3145
9736bb4f,Kenneth Clark,60,Other,Operations,,2023-02-17,26000,mark23@gmail.com,001-189-168-6796x71325
01b1c626,Cassidy Johnson,53,Other,hr,High School,2025-06-30,64000,brenda64@hotmail.com,(292)892-3710x6039
45f8e14d,Jason Woodward,24,Male,HR,Bachelor,2018-08-17,31000,diana63@vaughn.com,+1-492-583-9180x7320
764d7e7c, krista davis  ,57,Female,Operations,PhD,2016-06-03,113000,gespinoza@cook-brown.com,+1-980-714-8846x606
ea350f17,Deborah Gregory,41,Female,,Master,2022-08-23,119000,marklam@yahoo.com,240-568-7609
d5108bc0,Ronald Brown,43,Male,finance,PhD,2022-08-15,98000,mcgrathchristopher@hall-green.com,742-306-5463x960
7d9704fe,Sheena Hayes,61,Other,Finance,Bachelor,2022-07-22,86000,zaustin@hotmail.com,+1-979-525-5214x27851
4d4f6814,Olivia Dorsey,37,Male,Sales,Master,2016-05-08,88000,ghunter@gmail.com,(590)071-0972
7e7d5e88,Angela Bradshaw,23,Other,Operations,Master,2020-06-12,102000,parkermatthew@yahoo.com,417.362.8053x24380
397a284f,Richard Beasley,29,Male,Sales,Diploma,2025-01-14,27000,lhill@gmail.com,4607571968
276e1d67,Teresa Carter,30,Other,IT,Master,2021-10-17,91000,michaeljohnson@gmail.com,(176)704-3913x24676
a3fb6d0b,Cody Conley,28,Male,Marketing,High School,2019-09-28,115000,tabithanavarro@gmail.com,817-994-8995x45487
1fca0f16,Thomas Bennett,26,Other,Admin,PhD,2017-05-29,33000,mezanicholas@gmail.com,001-925-314-1124x788
49a5fd0d,Brian Stokes,42,Other,Marketing,,2018-11-22,98000,dana65@chan.com,495.867.2378x114
e8239943,Donald Wallace,46,Other,hr,,2019-03-30,73000,williamskevin@hotmail.com,115-184-0635
07480379,Sydney Smith,59,Other,It,PhD,2020-02-04,46000,rubenmckay@krause-young.net,001-087-868-7868x95355
7e388a19,Justin Figueroa,54,Other,finance,Diploma,2020-04-20,84000,udawson@hotmail.com,705-933-9309x36760
9950f11a,Erika Brown,55,Female,Finance,Master,2019-04-19,70000,deborahcox@davis.org,836.829.4036x834
7b011fdd,Lisa Salazar,39,Other,Sales,Bachelor,2021-08-02,26000,lorettaowen@stewart.com,(916)273-0831x2096
42067d80,Mrs. Melissa Robinson,26,Female,,High School,2024-08-30,40000,tracy11@hotmail.com,145.273.2619x4112
f9690579,Bethany Haynes,27,Other,Sales,Diploma,2020-07-06,45000,tiffany12@hammond.com,634.834.5270
5f8a2e3c,Katherine Weaver MD,33,Female,finance,Master,2025-08-21,114000,monicachang@gmail.com,001-624-336-5333x9029
047dd583,Bailey Hughes,64,Female,,,2025-05-14,39000,josephwilson@duncan-snyder.biz,001-651-462-1393x62169
94e74f26,Anthony Proctor,58,Male,,Bachelor,2017-05-11,103000,nsmith@davis.org,(855)639-0334x826
7606fa34,Jessica Martinez,36,Other,hr,Master,2017-09-17,26000,jeremybird@cunningham-wright.com,524-005-7357x379
5b7d9d2d,Jason Foster,60,Male,finance,Diploma,2024-08-29,75000,christopherbrooks@yahoo.com,270-795-1527x09823
5c75352c,Christopher Roy,38,Male,Operations,Bachelor,2021-01-22,56000,jenniferdaniels@yahoo.com,077.358.4677x57601
f4852088,Elizabeth Rowland,24,Other,Marketing,Bachelor,2023-03-02,65000,tina04@noble.com,867.826.5150x58935
4aaa7f99,Deborah Curry,30,Male,It,Bachelor,2021-10-12,25000,laura71@pierce-schmidt.org,9397114776
13aae9c8,Allison Sharp,20,Other,IT,Bachelor,2017-06-20,62000,herreradavid@hughes-martin.com,+1-684-542-7722x1444
a0c69223,Kimberly Turner,25,Male,Sales,Master,2018-06-03,69000,nicholasharper@gmail.com,+1-387-475-1625x47129
99487f82,Paul Chaney,34,Other,Operations,Bachelor,2020-03-31,71000,scastaneda@delacruz.info,001-932-899-9814x95292
52965cf3,Sarah Smith,21,Other,IT,Master,2018-11-19,50000,tashamartin@rubio.com,719-604-1768x415
d85195ac,Adam Espinoza,63,Other,Finance,Bachelor,2017-10-24,38000,shawnharrell@hotmail.com,700-069-6268
457e55cb,Tyler Richard,21,Female,Admin,Bachelor,2016-04-17,30000,fhunt@peterson.com,508-441-0167x22216
5cce495d,Carol Ingram,45,Male,It,Diploma,2022-05-31,80000,sarahstrickland@hotmail.com,(548)786-4658x15966
5a0461c9,Paula Blackburn,61,Female,Sales,Master,2019-10-19,65000,areed@yahoo.com,+1-492-705-6225
230f1e69,Cynthia Johnson,58,Male,hr,,2023-10-04,32000,fcampbell@yahoo.com,707-598-3525x7890
c75ff368,Kenneth Johnson,56,Male,IT,Master,2025-04-13,29000,jason41@gmail.com,(625)958-2143x0866
ebc095f5,Steven Bailey,51,Male,,PhD,2017-04-20,80000,qwillis@hotmail.com,001-341-742-7979
37c6bc5d,Daniel Smith,46,Female,Operations,,2023-11-11,99000,lholt@robinson-riley.com,001-251-986-2786x291
d4e20134,Hunter Williams,,Male,Marketing,Diploma,2016-02-14,53000,mary83@yahoo.com,814-745-7374x42751
8f040721,Susan Trujillo,26,Female,hr,Master,2021-01-08,78000,raybrenda@yahoo.com,101.010.0716
f3d6b9f2,William Wilson,55,Other,Sales,Diploma,2025-04-24,107000,zwebb@snyder-love.com,131.135.6777
b6697d0a,Courtney Morgan,50,Male,finance,,2019-08-21,107000,bjohnson@yahoo.com,133-204-2870
cd75e6de,Mitchell Merritt,61,Male,Operations,Diploma,2022-03-15,77000,latoya01@patterson.com,966.332.6620
ea8104ad,Jared Gordon,55,Other,hr,Diploma,2020-02-04,50000,qzhang@hotmail.com,(256)229-6515x397
21986e3c,Kristina Neal,22,Other,Admin,High School,2024-10-19,107000,hmartin@yahoo.com,(806)159-1686
592448ee,Cory Parsons,48,Male,Sales,Master,2017-05-31,82000,lwilson@savage.com,(128)550-2940x62898
23966b83,Christopher Horn,24,Other,Finance,Diploma,2017-03-19,30000,udunn@gmail.com,(404)251-4974
fcd2280e,Christopher Simmons,64,Female,Marketing,High School,2022-10-15,63000,andrewwells@nash.com,(349)753-5374x95252
f859396d,Joshua Reed,37,Female,Finance,High School,2021-07-20,117000,carpenterdavid@sims.org,+1-560-884-7071x1763
4dffc9aa,Kimberly Brewer,50,Male,IT,Bachelor,2025-08-28,95000,jamesreed@yahoo.com,661.815.1594
1e5c5da8,Ronald Kramer,27,Female,finance,Bachelor,2021-09-30,25000,lewisjessica@yahoo.com,284.129.5855x3001
b1b9fd9d,Ann Hobbs,30,Female,IT,,2021-12-12,37000,jacksonchristopher@pope.com,001-836-376-0058
4eb39f63,Richard Potter,29,Male,Marketing,Master,2025-03-14,33000,meganmonroe@hotmail.com,+1-455-160-9117x949
fb29ff36,Terry Carr,64,Other,Operations,Bachelor,2022-02-18,73000,kristina43@reynolds.com,001-382-328-7159x5547
c355853e,Tiffany Wilson,34,Male,IT,,2025-07-17,41000,kevinpierce@mcdonald.info,758-470-1978
04d07f29,Jon Gonzalez,,Female,finance,Master,2020-03-10,41000,wrodriguez@kemp.com,+1-110-909-0433
6e663c0a,Mr. Jacob Moore,63,Male,HR,,2018-08-22,39000,patrick88@hogan.com,061.978.7282x1747
08651a6e,Janet Larson,39,Male,HR,High School,2017-01-17,75000,shahchristopher@gmail.com,933.676.1179x6167
97da64cb,Margaret Knight,48,Female,hr,High School,2019-12-31,92000,chendricks@stuart.org,(671)571-8718x20178
e8956041,Gloria Odom,31,Female,hr,Master,2024-04-19,75000,becky11@yahoo.com,375.875.4596x19022
4d38a8d0,Casey Foster,52,Male,Sales,,2025-07-24,54000,victoria03@phillips-morse.info,934.674.8851x8851
18b475b1,Daryl Olson,22,Female,hr,,2019-02-27,107000,wmartinez@nunez.com,636.213.7969
9a0f09e9,James Raymond,46,Female,It,Bachelor,2017-07-29,46000,carrie68@boyd-harris.com,117.735.5563
3334cd07,Denise Flores,56,Female,Admin,Bachelor,2019-05-08,119000,qweaver@fuller-jones.com,(934)794-4033x3670
077d8688,Katie Hardin,49,Female,hr,Master,2022-10-11,65000,emily95@miller-perkins.info,(613)761-0352
bf06d520,Brian Bullock,45,Female,Admin,PhD,2019-02-02,104000,williamstraci@hotmail.com,319.072.9701
946a95a6,Stefanie Simmons,23,Female,hr,Bachelor,2022-07-02,85000,halljacob@briggs-orr.org,3389480373
daea544a,Randall Johnson,43,Other,Finance,Diploma,2021-07-10,100000,garretttheodore@baker.com,(101)801-9622x6081
9ceab67b,Brooke Harmon,21,Male,It,Bachelor,2025-08-08,73000,amanda86@yahoo.com,001-959-851-8676x674
117e894e,Debra Baxter,51,Female,It,PhD,2024-03-31,100000,lucerodeborah@walker.com,001-513-498-5982
c363f61f,Corey Thornton,22,Male,,,2018-10-25,104000,dustin11@hotmail.com,323.776.8326x886
b73f6e64,Michael Dalton,43,Other,Admin,High School,2024-02-12,38000,carla19@gmail.com,(194)611-0650
2bf95861,Evan Nelson,38,Female,Operations,High School,2022-08-07,113000,emily51@yahoo.com,+1-825-726-9677x4565
011bb348,Brenda Perkins,52,Male,Sales,,2023-08-24,67000,phillipprice@dunn-ramirez.com,+1-899-603-3563x48379
ec9a799e,David Skinner,44,Female,Marketing,High School,2023-01-28,115000,bvalenzuela@smith.com,001-523-369-9717x4503
d9ee9678,Jessica Lowery,23,Female,Admin,Bachelor,2024-08-22,65000,princejohn@white.com,571.772.6691
b2b8d698,Charles Owens,53,Female,IT,High School,2024-03-05,68000,qreed@morrow.org,(462)205-6159x9803
ac6c2e1b,Jacqueline Figueroa,46,Female,,PhD,2023-11-26,117000,qmason@trevino-brown.info,523.039.3110x2643
d5b1a96a,Brittany Davis,47,Female,Finance,PhD,2024-02-08,58000,justin36@grant.com,795-825-2229
6c914882,Michelle King,27,Female,HR,Bachelor,2022-01-10,45000,carrie48@hotmail.com,001-118-400-2520
685707ac,Erica Huynh,56,Female,It,,2025-06-18,97000,villegasjustin@williams-williams.com,434.648.1868x4256
5074ac13,Leslie Fitzgerald,24,Other,Finance,Diploma,2019-05-14,98000,butlermark@weaver.com,799.738.8052
850cddfd,Elizabeth Daniels,37,Other,hr,Bachelor,2021-12-09,61000,sandersbrianna@price.com,+1-509-656-8651
5c7ae8ef,Jeffrey Walters PhD,62,Female,Sales,High School,2025-04-23,93000,jasminegriffin@rogers.org,+1-902-472-3238
b8ddf15d,Daniel Young,29,Female,It,Bachelor,2023-01-12,87000,hramirez@brown.com,+1-776-939-9806
7e63f654,Kevin Grant,20,Other,,PhD,2017-01-08,30000,alexandernicholas@smith.org,213.255.1709x15931
74fa65ce,Hunter Williamson,62,Other,IT,Bachelor,2019-05-08,67000,fernandezmark@porter.com,(493)780-8507x9008
afe2487f,Gerald Moran,62,Other,Admin,Bachelor,2021-01-18,99000,christopherdiaz@hamilton.org,+1-941-572-2196x9381
39d2d74a,Toni Hill,27,Female,Finance,Diploma,2017-04-26,30000,samantha81@mack.net,+1-021-025-1858x23791
fc267da6,Felicia Gordon,39,Male,,PhD,2024-01-22,89000,harrisonsandra@figueroa.com,+1-584-678-4272
db558642,Nancy Moreno,42,Male,Admin,Master,2020-03-02,83000,millersteven@ochoa.net,798-250-7532
cd6c78dd,Kimberly Kaufman,52,Male,Sales,Master,2017-01-15,,irodgers@hanna.com,8159373401
5e10a3a0,Jeffrey Leon,40,Male,It,PhD,2025-09-30,85000,millerjoy@hotmail.com,+1-335-746-5365x20539
ac95adb1,Richard Smith,21,Female,Marketing,Master,2021-09-08,110000,joanford@andrade.net,5045804709
65787d0c,Jennifer Martinez,30,Male,HR,High School,2019-07-18,112000,rbright@martinez-price.biz,(889)305-9975
ad3053ce,Carol Torres,46,Other,Sales,Master,2025-04-01,41000,kingdominique@ballard.org,951-212-8698x20254
65125d2e,Richard Golden,48,Other,hr,High School,2016-03-13,30000,fstewart@gmail.com,(003)150-7801
fa42156e,Angela Richards,44,Male,finance,PhD,2025-02-12,77000,kenneth58@yahoo.com,001-561-641-3184x80328
e476231a,Christopher White,39,Other,Marketing,Master,2025-01-22,90000,christopher61@yahoo.com,(142)778-1084
5d1c1906,Paul Ferguson,46,Female,hr,Master,2020-11-12,116000,downsdonna@johnson-johns.com,(842)516-8310x84656
334477eb,Robert Peck,44,Male,Finance,,2018-11-06,33000,sarah44@hotmail.com,+1-423-245-4541x91354
677f7c73,Peter Zhang,51,Male,Marketing,High School,2023-02-26,84000,debramclean@gmail.com,(422)726-1832x848
6cb96a2c,Juan Lopez,39,Female,hr,High School,2024-02-28,82000,jbailey@bryant.com,001-359-985-1017
c3cb0c28,Shirley Lucas,53,Other,Marketing,Bachelor,2018-01-06,82000,ylester@morales.com,114.672.6579x3721
97f971d5,Tracy Mcguire,52,Female,Sales,Diploma,2019-01-24,92000,alexisbridges@gmail.com,+1-773-595-0849
cd0d4d73,Donald Roberts,59,Female,It,Master,2019-03-18,86000,flawrence@gmail.com,646.696.0174
5b29317a,Linda French,36,Other,,,2016-01-08,31000,kristen11@gmail.com,9666223462
f33c4c36,Mary Foster,29,Female,HR,Diploma,2024-02-19,101000,katherine77@hotmail.com,001-791-514-3091
82ec0fc3,Jill Taylor,41,Other,HR,,2022-09-16,78000,cwalker@salinas.com,788.600.9391x6178
7462f144,Dennis Guerra,40,Other,hr,Diploma,2017-10-03,29000,stephengallagher@perry-clark.org,001-610-649-5441x69238
7d457a09,Ryan Mccarty,35,Female,hr,Master,2021-12-24,,henry60@murray.info,290-421-4080
f14152c7,Cory Jones,23,Other,Marketing,,2016-04-08,79000,gcooper@massey.com,748-383-6128
bce05a63,Maria Smith,62,Female,Finance,High School,2016-05-13,98000,leediana@yahoo.com,327-480-7304
7f85c4e7,Benjamin Mclaughlin,29,Other,hr,Bachelor,2017-05-25,111000,aknapp@powers.com,(374)753-4357x60540
2dd93719,Daniel Wood,48,Male,Marketing,,2017-01-28,33000,debbieabbott@burton.com,001-150-353-9433x84194
53b3618b,Manuel Taylor,33,Other,Operations,PhD,2017-03-12,46000,maria67@parker.com,001-563-780-7451
9f8c2c51,John Miller,45,Other,HR,Master,2019-08-11,39000,danieljones@phillips-hunter.com,(986)573-1799x851
a93c9413,Janet Smith,53,Female,hr,Master,2017-08-10,39000,stephaniemays@hotmail.com,762-122-8665x1616
7e000029,Vincent Huynh,51,Other,Sales,PhD,2021-06-27,79000,james18@yahoo.com,(019)306-3603x04821
4b26f0a3,John Johnson,38,Male,IT,Diploma,2021-01-14,118000,nicholashart@cooper.org,2368991892
813a3aa5,James Mclean,34,Male,Marketing,Bachelor,2024-09-28,29000,michael87@gmail.com,+1-775-790-6032x0991
cf3a2f8d,Sandra Brown,52,Other,HR,Diploma,2015-10-21,53000,nlee@gmail.com,215-956-4609x23855
04860bee,Sheila Myers,20,Other,hr,PhD,2021-01-13,86000,wandamartin@chang-arnold.net,282.286.4414
fd9f45f4,Joseph Ayers,53,Male,,PhD,2020-08-12,,gsmith@booth.com,839-466-9508
1e7f92ad,Kenneth Perez,58,Female,Marketing,Bachelor,2018-12-02,74000,zbaker@hotmail.com,184-360-6438x0932
da55f825,Devon Davis,46,Male,Finance,PhD,2019-03-08,112000,stacymolina@white.net,435.083.4003x083
09360f02,Mary Mathews,57,Male,hr,PhD,2022-10-27,69000,kellybond@harrison.com,0409895625
a8cf2936,Christine Dillon,24,Other,Marketing,,2020-01-27,44000,victoria55@yahoo.com,944.455.3190x55998
e27bb6c4,Jason Smith,27,Other,hr,Bachelor,2024-04-18,61000,wreilly@hotmail.com,885-344-4859
6e411e23,Lisa Campbell,38,Male,finance,Master,2018-06-17,92000,mauricejenkins@gmail.com,0727495916
639ac771,Jeffrey Taylor,,Female,IT,Diploma,2017-01-25,86000,imartinez@perez.info,001-608-411-1440
91a07ef2,Brett Bailey,26,Male,Admin,Master,2020-04-01,73000,chentammy@yahoo.com,+1-740-522-5725x91300
8dc4c81f,Donna Sexton,41,Male,Admin,Master,2025-10-02,35000,tiffany92@gmail.com,3752994558
78460474,Christopher Harrison,21,Female,finance,,2016-01-07,92000,donovanjackson@anderson.com,(753)262-3712
2803feb5,Kelly Woods,22,Male,Marketing,Diploma,2017-04-12,96000,ncollins@hotmail.com,519.993.6958x416
436d977b,Thomas Johnson,43,Male,Finance,Master,2015-11-04,67000,sabrina99@hayes.com,001-359-679-5615x10901
60b759a9,Christine King,56,Other,It,Bachelor,2024-09-21,75000,dennis92@walton-smith.org,2284879307
c4376d89,Marcus Williams,33,Female,hr,Diploma,2022-07-01,32000,fisherthomas@scott.com,837-768-1032x471
0fb97b5d,Jeffrey Jones,39,Other,Marketing,High School,2017-06-15,88000,smora@jones.com,356.586.0882x235
20d1968f,Gerald Hunt,53,Other,,,2022-05-05,33000,sosakatie@johnson-hoover.com,670-925-7734
cf3ee4aa,Zachary Huff,64,Female,Finance,Master,2020-01-21,69000,brenda66@cochran.com,589.161.9723x7183
c3e3c148,Luis Lopez V,32,Female,,PhD,2023-08-19,81000,thomaschen@gmail.com,528.098.7691
616d41c8,Stephen Mitchell,54,Male,It,Diploma,2016-02-12,60000,margaretbullock@hotmail.com,497.065.2796x124
fdf02450,Eric Ingram,30,Other,finance,High School,2021-02-07,75000,matthewlewis@adams-stephens.com,+1-220-392-1016x1481
0e737523,Jon Robinson,35,Female,Sales,PhD,2025-07-05,104000,ugeorge@hotmail.com,769-452-7630
3c10316d,Richard Flynn,57,Other,Admin,High School,2017-04-28,36000,steven65@yahoo.com,+1-650-040-1164x581
15bebdd0,Jasmine Scott,27,Other,Admin,Master,2021-08-18,29000,sydney28@garcia.com,978.229.4140x612
de72d970,Yolanda Martin,53,Female,hr,PhD,2023-12-27,81000,gabriela47@yahoo.com,001-314-241-3038x977
2b76a718,Patricia Wood,31,Male,IT,Master,2019-08-12,71000,sullivanjessica@shelton-owens.com,126.500.7540
0991946d,Ryan Taylor,33,Other,finance,PhD,2024-10-27,55000,frankday@shelton-walters.com,(312)255-5119x72631
6c27316b,Amanda Watts,36,Female,Marketing,Diploma,2016-04-03,34000,qmccormick@yahoo.com,272.065.5194x973
6bd1f826,Jose Gross,51,Male,finance,Bachelor,2022-04-16,104000,kristen69@hotmail.com,636.202.6138x67252
783e40ab,Matthew Krause,24,Other,Marketing,Bachelor,2023-07-12,28000,tara14@gmail.com,+1-831-870-4503x74034
51071545,Gerald Mason,45,Female,finance,High School,2025-07-15,29000,steven99@scott.com,633.475.9493x3316
528a34f3,Stephen Olson,41,Other,Sales,,2022-04-12,97000,robinsonkristina@gmail.com,+1-650-382-0527x000
7d05121c,Carrie Myers,45,Female,Operations,PhD,2023-08-28,117000,rebeccaanderson@yahoo.com,+1-676-436-9488
34b6685d,Frank Lawrence,52,Female,IT,Master,2019-09-25,44000,xwilson@gmail.com,(595)191-1068
cfbba84a,Robert Perkins,64,Other,Marketing,,2022-05-21,65000,marcus52@ramsey-osborne.com,+1-911-059-3078x3016
2aa814da,Joseph Green,56,Other,IT,Diploma,2023-06-29,104000,marysmith@yahoo.com,(988)577-4483
f82c6ad8,Eric Mathis,32,Female,Finance,Diploma,2018-11-20,50000,qlittle@gmail.com,7558485923
a2ac7896,Nancy Carter,54,Male,finance,Diploma,2016-06-03,26000,phoffman@carr.biz,387-042-5158
13483fb3,Tyler Mills,26,Other,hr,Bachelor,2025-09-26,83000,kleinmatthew@hart.com,097.872.2358x9140
36cdf42f,Jim Foster,53,Female,HR,Master,2022-07-05,116000,zacharysutton@hicks.com,+1-265-119-2045x315
4c1d2e43,Joshua Hayes,37,Female,Finance,Diploma,2017-10-23,89000,ramoscindy@yahoo.com,001-703-390-0464x567
cdfa76af,Savannah Johns,48,Male,,Diploma,2016-07-25,116000,alex06@hotmail.com,+1-975-464-0303
f53ba020,Jason Mcdonald,32,Male,Admin,High School,2018-11-19,72000,clifford14@anderson-costa.com,276.639.7599x843
94047909,Jasmine Hall,38,Male,HR,PhD,2019-02-04,57000,emartin@hotmail.com,(068)947-9084
45fb3e8a,Rhonda Oconnell,43,Other,Sales,PhD,2023-08-05,60000,emilyhutchinson@gmail.com,5877374591
87f3c9a4,Matthew Khan,58,Female,finance,PhD,2018-11-18,65000,lisaclayton@yahoo.com,(021)091-4916
58e9bbad,Jake Holmes,42,Female,Operations,,2023-02-26,88000,robert51@hotmail.com,001-875-749-2220x084
d2e08e57,Amanda Brown,32,Female,Sales,High School,2020-12-30,83000,pcooper@gmail.com,168-645-7466x729
4cc6d67e,Tim Jackson,44,Male,Marketing,Bachelor,2019-08-10,113000,jordan33@green.com,554-872-8924
5037e669,Alexandra Holmes,56,Female,HR,,2018-10-01,,dianataylor@mccann.net,+1-673-756-7984x75088
4052e3a5,Michael Santos,41,Other,Admin,High School,2016-10-09,82000,harrisdavid@gmail.com,(462)165-7008
abeb5f49,Janice Roberts,40,Male,hr,Diploma,2021-12-27,27000,brianberry@hotmail.com,118.327.2231
e182701b,Jason Khan,37,Male,Operations,Master,2024-06-16,37000,osbornjacqueline@nielsen.com,001-755-134-8276x769
84274378,Steven Perez,64,Male,IT,,2022-05-20,41000,ysimmons@gonzales.biz,+1-941-707-0963x9764
7fcbcf31,Derek Coleman,21,Male,finance,,2025-06-16,57000,angelagray@west-brown.com,7829936671
d2eba277,Christine Sanders,60,Other,Marketing,Diploma,2025-06-05,,ufreeman@phelps.com,409.502.6418
4497734d,Mary Johnson,37,Female,finance,Diploma,2023-04-07,76000,crossdonald@gmail.com,238.969.6861x592
cf1643a0,Michael Clay,27,Other,Sales,Master,2018-06-29,45000,sabrina01@gmail.com,6423218081
e8266484,Timothy White,46,Female,HR,PhD,2020-05-04,103000,johnnyforbes@yahoo.com,+1-166-809-6486x0393
ba0371f9,Jason Mathews,38,Other,Sales,,2021-12-23,84000,ojordan@yahoo.com,(234)972-7908
335dab46,Maria Parsons,63,Male,HR,High School,2023-10-12,45000,valvarez@evans-johnson.com,001-347-080-4298x60203
3d8925a9,Patricia Hayes,25,Male,hr,Bachelor,2017-07-24,73000,isaiahjones@hotmail.com,934-233-0568x211
c3f9c78c,Jessica Robinson,32,Other,Admin,Diploma,2021-12-29,39000,stephanie72@gmail.com,2310380869
6906d118,Megan Stokes,27,Other,IT,Diploma,2021-12-15,51000,luke32@gmail.com,936-491-3364
e94053af,John Harris,37,Female,hr,Bachelor,2023-05-09,115000,natasha55@gmail.com,2208257910
d8914adf,Eric Li,32,Other,Finance,High School,2019-02-15,109000,mcolon@lindsey-smith.net,2623126753
497bc13b,Melissa Oneill,56,Other,Admin,Diploma,2018-06-21,93000,kbrown@galloway.com,(248)784-8561x2874
afd5b90b, karen ross  ,54,Female,hr,Bachelor,2024-02-12,112000,lauramckenzie@faulkner.biz,001-917-606-6355
3d0d3ffd,Emily Gamble,58,Female,Operations,Diploma,2023-09-29,65000,johnsoncynthia@shepard-small.com,201-173-8992x146
07179ef3,Alex Lambert,35,Female,finance,PhD,2015-12-03,89000,stephanie30@yahoo.com,191-983-9134
4f7f963e,Charles Poole,48,Other,Sales,PhD,2017-10-25,94000,juliecoleman@parrish-cannon.biz,(315)306-1084
fdc56285,Amy Wong,27,Female,Admin,Diploma,2017-10-07,104000,osmith@crawford.com,+1-323-120-1487x3544
e7d90c1b,Pamela Hubbard,51,Male,Operations,Diploma,2021-07-05,58000,goldendonna@dickerson.com,(259)740-1517x1435
45d07382,Jennifer Cummings,43,Male,Sales,PhD,2021-01-16,43000,ohudson@browning.com,(282)515-4083x5630
ca27cd69,James Lopez,32,Male,Finance,Diploma,2017-06-06,25000,william91@barton-johnson.com,001-145-164-9876x7468
8cfb137c,Benjamin Hines,29,Other,,High School,2023-09-27,30000,nicolephillips@yahoo.com,799-062-5145x930
0acfbd89,Tonya Kemp,53,Male,Admin,High School,2024-04-16,119000,parkerkatrina@yahoo.com,+1-184-882-4211x070
c840789b,Corey Pacheco,59,Other,Operations,Master,2019-04-19,72000,adam88@freeman-ray.com,(883)619-5633
e581620f,Pamela Hicks,32,Other,Sales,High School,2018-11-29,106000,helen69@greer.com,001-645-495-0924x314
4c485cfc,Megan Knight,48,Male,Sales,,2022-11-02,99000,fullerraymond@hotmail.com,001-818-645-1625x10412
f480ada5,Caitlin Wilson,59,Female,hr,,2015-11-17,32000,parkertim@yahoo.com,(774)144-0221
abf2b369,Michael Church,22,Other,HR,,2025-10-09,50000,alexanderdean@collins.com,081-119-2152
659ae9f2,Patricia Hall,22,Male,hr,Diploma,2023-01-05,101000,destiny92@turner.biz,0091965685
d7be7b4f,Omar Weeks,46,Other,Operations,Diploma,2024-06-10,25000,bramirez@yahoo.com,683-447-8971x277
922b4fb2,Samantha Parker,26,Female,Marketing,Bachelor,2021-08-03,108000,aramirez@brooks.biz,+1-672-710-6788x5376
1ee26f39,Jared Carter,20,Female,finance,,2022-09-17,91000,sgarcia@sanders.com,+1-361-688-4622
9496634f,Mitchell Garza,59,Male,Admin,,2024-06-13,83000,xtrujillo@cochran.com,7693774542
867772d3,Mary Compton,64,Other,hr,High School,2025-03-09,108000,jordantroy@yahoo.com,001-099-723-6587x8467
171a8b65,Ray Rosario,40,Other,Sales,PhD,2024-12-01,109000,richard34@singh.com,+1-691-340-8224
c5efd670,William Guzman,59,Other,Sales,PhD,2025-02-28,72000,martinsandra@mills.org,090-211-3600
d513da02,Douglas Hampton,34,Other,,Master,2022-12-12,25000,chase11@anderson.com,788-385-0274x09408
ce4ba2bb,Jennifer Johnson,47,Male,Admin,Bachelor,2016-11-13,40000,isabella15@hotmail.com,204.765.9088x8250
ef7cef26,Christopher Jensen,48,Female,,PhD,2016-05-24,106000,ldavis@yahoo.com,(609)646-7826x80379
1b5829c9,Jessica Smith,30,Male,It,Master,2024-09-16,111000,kimberlybrown@jones.net,174-553-9345x891
4648bbe8,Lawrence Martin,53,Other,finance,High School,2021-08-20,43000,melissa70@schmitt.com,337-415-7281x2264
dce70289,Mrs. Susan Newton MD,29,Other,Finance,Bachelor,2023-11-14,99000,shane36@hotmail.com,874.876.3294x247
88917cf5,Robin Terry,64,Female,hr,Bachelor,2019-03-18,112000,markwhite@yahoo.com,938-827-9631x0123
1ceb08fe,Melissa Short,39,Other,IT,,2021-09-12,110000,valentinepaul@gmail.com,354-249-5592x6946
79900a27,Nathaniel Rodriguez,39,Male,Operations,Diploma,2024-04-27,55000,raymond69@hotmail.com,001-468-339-7131
47198f5c,Scott Smith,23,Male,Operations,,2022-03-28,74000,webbholly@stevens.com,691-358-8166
2518ec09,Tiffany Nelson,38,Female,Finance,High School,2023-12-12,111000,gbray@mcmahon-allen.com,(981)847-0710x855
5e24296e,Brian Ware,55,Male,Admin,,2020-10-15,65000,jerry75@gmail.com,(407)434-8679x183
a538c6a7, sharon blake  ,21,Male,hr,Bachelor,2019-06-01,86000,wattsstephanie@osborn.net,+1-634-162-7622x679
08e94548,Ashley Santos,62,Male,finance,,2019-02-09,112000,angelaramirez@hayes.biz,+1-116-618-9831x174
cc876b1c,Raymond Mccall,51,Male,It,Master,2022-10-15,84000,tarnold@williamson-phillips.com,043-392-6086
eade7b17,Stephanie Valdez,27,Other,HR,,2020-06-16,85000,bakerstanley@gmail.com,(267)887-0901
40c37cbc,Aaron Ayers,27,Male,,PhD,2020-06-02,26000,paulaschultz@gmail.com,001-081-636-0052x493
a3922a4e,Ashley Brown,22,Female,Finance,High School,2024-03-29,112000,copelandryan@hotmail.com,+1-350-903-8215
e7354db2,Brittney Mccoy,53,Female,HR,High School,2016-09-01,115000,francesthomas@smith.info,625.101.3215x57327
88efe82b,Shawn Harris,35,Male,,Bachelor,2018-08-30,99000,ulittle@taylor.com,+1-070-714-5822x337
71414f58,Kimberly Holmes,52,Female,Finance,,2022-04-23,49000,lynchedward@martinez.net,3909508071
f5f3943a,Tonya Jones,42,Male,Operations,Bachelor,2019-03-20,71000,nhanson@weiss-fuentes.com,+1-015-955-9198x59703
eafd3e7b,Chris Martin,50,Female,Operations,Bachelor,2018-05-11,31000,garrettthomas@green-adams.biz,214.082.9594x606
efb2d33c, krista curtis  ,,Female,Sales,Master,2024-02-19,28000,angelavilla@miller.org,001-419-337-5521x55027
4c23e844,Sandra Kirby,26,Male,,Diploma,2022-07-13,34000,vickimartin@hotmail.com,136.971.9849x513
2904a6d6, travis guerrero  ,63,Male,IT,Bachelor,2024-03-08,65000,gregoryayers@coleman-hodge.biz,130-633-6883x939
5132fe68,Charles Romero,41,Other,finance,Diploma,2023-01-07,114000,gmiller@davis.com,001-630-446-1556x370
a4f954fc,Gina Cunningham,58,Male,Marketing,Diploma,2021-10-06,64000,seanmullins@baldwin-becker.com,(770)253-8152
462741ec,Julie Hill,30,Male,Admin,High School,2022-07-01,42000,melvin54@griffin-moore.com,+1-976-184-7461
c78a7900, joshua henderson  ,30,Other,Admin,PhD,2020-04-15,71000,veronica99@pham-barton.com,001-275-050-3609x3612
bca83a82,Ashley Greene,64,Male,,PhD,2021-06-30,76000,christina73@robinson.net,017.650.1280
552d4865,Shannon Jackson,33,Male,Finance,,2024-08-13,78000,warrenkrista@yahoo.com,+1-772-121-2276x4251
eb25d7e7,James Smith,59,Other,It,Master,2023-05-12,84000,dustinwilliams@gmail.com,(426)739-0413
290c42f8,Casey Smith,37,Male,Finance,Master,2022-05-22,55000,rivaskimberly@gmail.com,+1-122-461-7469x6716
10fd7164,Joy Reid,44,Male,Marketing,PhD,2022-05-08,69000,bfreeman@beck.net,3569661546
baaeebf8,Wendy Fisher,47,Other,finance,,2020-03-18,115000,fconway@hotmail.com,(288)514-1292
53a71719,Sonya Ramirez,40,Other,hr,PhD,2025-09-21,59000,opittman@gmail.com,565.711.9958x790
c310d2a2, robert james  ,58,Female,finance,,2020-04-23,41000,walterporter@hotmail.com,335-067-8642
2f098f4d,Maria Cook,39,Male,hr,,2023-05-01,97000,johncummings@vargas.com,591.356.7877
a41f0d38,Samantha Washington,56,Female,Marketing,,2017-02-17,119000,swheeler@hotmail.com,427-973-0715
333822d1,Christopher Fitzgerald,38,Female,hr,,2021-09-25,41000,ngill@gmail.com,426.969.3445x3610
93683dd6,Matthew Barrett,47,Other,IT,High School,2021-10-25,35000,hernandezerica@gmail.com,138-101-5516x34155
3fe604f4,Matthew Brooks,22,Male,Sales,High School,2019-11-10,95000,imoore@gmail.com,123-422-9642x89216
c481ea69,Albert Davis,25,Male,finance,PhD,2020-06-24,69000,ernestsandoval@yahoo.com,160-507-4150x72389
214dc588,Tina Ellis,46,Other,hr,,2023-05-05,78000,cwilson@hotmail.com,428-758-2930x42071
690a7b80,Clayton Blankenship,46,Female,Operations,Bachelor,2020-02-06,61000,fhernandez@rosales-steele.com,3142106539
7394d796,Jennifer Velasquez,22,Other,IT,,2021-03-28,101000,griffindanielle@steele-gibson.com,3915959603
222db2cf,Danielle Bennett,40,Male,finance,Bachelor,2016-05-31,25000,michealwilliams@yahoo.com,001-844-570-5589x35167
97d02f8f,April Hull,30,Other,hr,High School,2018-01-02,32000,michelle49@hotmail.com,004-561-6648x73432
4823debe,James Anderson,63,Male,Operations,,2020-02-09,28000,savery@freeman-vasquez.net,+1-492-388-9250x00046
5e1b015f,Melissa Williams,21,Female,Marketing,Diploma,2016-03-14,42000,andrewmartin@joyce-johnston.com,671.457.8963
60980b94,Michael Coleman,40,Male,Marketing,PhD,2022-01-01,94000,goodalec@walker.net,(067)715-0416
92051da0,Angela Patel,62,Female,,,2019-11-27,62000,chanjasmine@hotmail.com,001-269-222-5539x831
05e15e2f,Jacob David,20,Female,Admin,Master,2023-05-01,65000,christinalee@hicks.com,+1-500-776-3120x42628
9cac3d21,Tricia Russo,42,Male,HR,Bachelor,2024-03-22,40000,jamie37@hotmail.com,(737)568-4696x251
16c72b1a,Denise Wiley,52,Male,Operations,,2018-09-08,86000,hernandezjennifer@flynn-johnson.com,001-218-024-0516x243
430438b5,Bridget Bell,45,Female,,Diploma,2015-11-23,113000,kmiles@ford.org,(719)593-2819
0cbe938d,Jodi Jimenez,59,Other,IT,Bachelor,2025-04-24,69000,nfox@thomas.org,4660287902
99b3568d,Destiny Joseph,,Male,hr,Diploma,2020-06-10,114000,morgandavis@gmail.com,149.951.7756
f541a44e,Zachary Yu,26,Female,finance,PhD,2024-09-19,115000,anthonybean@yahoo.com,(702)316-2832x983
9136d4ad,Andrew Powell,41,Female,Finance,PhD,2022-07-30,43000,rebeccatate@hotmail.com,235-852-0811
869d4cb7,Reginald Cordova,56,Other,Operations,PhD,2021-02-26,93000,kriley@gardner-castillo.info,001-797-507-5808
eda413c6,Kevin Anderson,24,Male,HR,High School,2019-08-30,31000,qbradford@yahoo.com,(997)358-8244x167
7e808d05,Latasha Washington,40,Female,It,Diploma,2020-03-14,119000,wilsonmichael@gmail.com,001-298-139-4053x5722
340155bd,Stacy Stein,43,Other,Finance,,2021-06-17,42000,jose27@morris.com,742-367-5805x52041
d03bcbfc,Anthony Scott,36,Female,Sales,Master,2016-04-04,55000,braunjulie@snyder.com,001-797-576-0110
bf16e3e9,Jasmine Martin,35,Male,HR,Master,2019-10-31,42000,evandennis@washington.com,528.194.6594x02161
6e6a3d5b,Manuel Smith,30,Other,,PhD,2023-04-20,47000,megan27@maddox.com,370-912-5695x259
372f5f47,Benjamin Chavez,24,Female,HR,Master,2021-09-29,47000,jeffrey16@rubio-hall.com,(317)616-7414x83157
ba098a27,Lauren Thompson,44,Other,hr,Bachelor,2020-07-22,79000,xgonzales@hotmail.com,152.606.4490x03891
2e2cb850,Jamie Galloway,45,Male,finance,Diploma,2025-03-23,104000,stevenowens@hotmail.com,7944679596
075dacd4,Theresa Sandoval,26,Other,It,Diploma,2016-05-09,41000,mjohnson@hotmail.com,477-814-6902
3c48c936,Thomas Morrison,37,Male,IT,Diploma,2024-01-01,35000,vsellers@hotmail.com,305.217.9583
3f91c419,Kimberly Lewis,60,Female,Finance,Bachelor,2024-09-24,64000,peggy09@yahoo.com,001-220-777-4821x2570
a5b13afd,Morgan Grimes,,Male,HR,,2015-12-04,110000,hannah86@larson.com,(658)017-4863
7808a004,Jose Mckinney,47,Female,hr,High School,2022-03-04,71000,christinacunningham@yahoo.com,785.398.0679x24819
f9723977,Cody Hendricks,63,Female,Marketing,Bachelor,2019-09-15,105000,perrysmith@gmail.com,(684)292-3912x23563
3653e588,Eric Wright,53,Male,HR,Diploma,2024-11-07,87000,milleralexander@olson.info,9755979063
6c5ccba7,Amber Meza,58,Female,HR,Diploma,2019-06-22,39000,braunapril@oconnor.info,061.733.9119x83324
12b3c5eb,Stephanie Li,32,Other,Admin,Diploma,2019-03-07,103000,matthewstodd@hotmail.com,001-823-688-3128x8298
0d574085,Curtis Rice,53,Female,Finance,,2024-11-17,46000,rhondalopez@quinn.org,204.408.3447
788f06ed,Phillip Miller,63,Male,Admin,Master,2022-02-15,109000,colleenhernandez@kaufman-scott.com,486-896-8392x9267
9b3b5b4c,Jennifer Johnson DVM,38,Other,Admin,High School,2022-08-27,62000,donna54@yahoo.com,348-814-8442
cd602879,Anthony Werner,31,Other,finance,Bachelor,2025-09-03,56000,scottmcintyre@hotmail.com,422.389.3670
cf5285f7,Tara Thomas,56,Female,hr,Diploma,2019-01-03,47000,justin77@bryant.biz,3690426050
8129aa0c,Nicole Jones,64,Female,Admin,PhD,2018-12-22,84000,xcole@hotmail.com,(725)168-4473x146
fa3f012e,Natalie Stanley,26,Male,HR,High School,2017-11-09,78000,michellebecker@yahoo.com,+1-257-065-6320
21da5db1,Shelby Simon,61,Other,,PhD,2020-01-05,84000,thomaslynch@oneill.net,3745209147
0a872ac2,Claudia Wilson,38,Male,,High School,2022-09-22,107000,tiffany93@stephens.info,001-081-589-3920
2b7c5ee3,Robert Simpson,51,Female,Marketing,Diploma,2022-04-05,118000,thompsontonya@potts.biz,+1-227-172-4422x323
56d44952,Mark Stephens,44,Other,,High School,2020-12-14,63000,lauren81@hamilton-jones.com,(927)916-0053x300
16f32b93,Kevin Fernandez,57,Male,Marketing,High School,2024-09-23,81000,georgenguyen@hotmail.com,(563)023-8509x929
6ed47a6d,Sandra Reyes,39,Male,,Diploma,2016-07-12,95000,jamesbarnes@grimes.com,1059678806
50326fe6,Richard Case,60,Male,Sales,,2020-07-04,97000,anthony12@blackwell-anderson.com,(529)187-7342
7fcc4456,Terry Rivera,61,Male,Marketing,PhD,2016-04-18,,jacobhart@gmail.com,(037)703-2951
47efa886,Mariah Brown,59,Male,Operations,,2023-11-16,108000,hernandeztimothy@sanders.info,076.775.9577x0483
6e1a1e1b,George Hall,27,Other,Finance,PhD,2019-07-26,48000,leeconnor@carlson.com,(156)323-7391
4362262d,Kari Simmons,42,Male,Finance,Master,2023-08-08,119000,nbell@perry-zamora.net,(662)690-7263
ed3d5159,Rebecca Dean,55,Other,Finance,PhD,2019-05-10,76000,turnerdenise@hotmail.com,068-154-4444
6f8ef978,Taylor Morales,59,Male,hr,PhD,2016-09-28,84000,gelliott@hotmail.com,+1-523-764-6831x89712
bca37653,Laura Davila,35,Female,finance,High School,2020-06-22,69000,carlos20@hotmail.com,(165)653-4440x923
f33685da, tammy werner  ,42,Female,IT,Master,2017-04-14,97000,ybell@hotmail.com,1327089300
ec4014c6,William Wood,39,Male,finance,Diploma,2021-10-13,83000,knoxjose@yahoo.com,142.447.6177x045
70a32883,Sherry Miller,57,Female,Marketing,Diploma,2015-10-28,74000,karen59@gmail.com,+1-659-244-6026
0df81d2b,Danielle Mcconnell,59,Other,finance,Bachelor,2022-05-16,96000,boylecory@yahoo.com,9304821334
7862246c,Jason Garcia,57,Male,,Master,2019-07-08,107000,anazimmerman@hotmail.com,084.748.3491x8874
7796048f,Laura Spence,31,Other,Marketing,High School,2018-10-21,71000,donaldsheppard@yahoo.com,001-747-492-6713x2908
e52a33e6,Phillip Herman,29,Male,It,Bachelor,2020-03-07,107000,brandon25@hotmail.com,001-841-571-8342
71076f2e,Patricia Atkinson,64,Female,finance,Bachelor,2016-04-19,63000,batesolivia@benjamin.com,110-588-8828x8724
8f942977,David Ayers,37,Other,finance,Diploma,2021-02-22,30000,erica95@yahoo.com,+1-065-667-6840
1ccc33c1,Bryan Martin II,29,Female,Admin,PhD,2017-07-23,98000,erinchavez@gardner-rivera.biz,001-380-126-6018
25e6d919,Cory Guerrero,31,Female,Sales,High School,2016-07-31,108000,nhernandez@yahoo.com,440.932.5145
3427e466,Jared Smith,64,Male,hr,Master,2018-03-15,42000,kmeyer@gmail.com,+1-020-905-4243x1070
d5bf85f3,Jon Day Jr.,63,Other,Marketing,Bachelor,2022-09-25,38000,patricia63@hotmail.com,412-780-9728
d294100f,Hannah Perez MD,,Female,IT,High School,2021-12-09,93000,zsimmons@howell-evans.org,090-620-3273
a9c3640d,Mary Church,58,Male,Finance,Diploma,2024-08-02,84000,uclark@jackson.com,6344362990
ff7d39f7,Gavin Howell,62,Male,HR,Bachelor,2019-09-21,79000,ahill@gmail.com,948.111.2976
c4502052,Linda Jones,37,Male,It,Bachelor,2024-11-12,33000,mitchellelizabeth@yahoo.com,072-051-5853x315
eba0330c,John Clark,30,Female,Operations,,2023-06-28,69000,anthony29@gmail.com,194-468-8130x1008
7f843004,Edward White,26,Male,finance,Diploma,2025-09-09,103000,qcook@yahoo.com,086.899.0363
5422ea97,Zachary Hill,26,Other,Finance,,2023-02-23,98000,chad49@gmail.com,+1-703-616-2235x9366
fb38bc6c,Joshua Smith,63,Other,,Diploma,2019-04-21,80000,marymarquez@fletcher.org,(939)987-4080
5fa18468,Jeffrey Wallace,30,Female,Operations,Diploma,2019-03-28,58000,raven17@humphrey-braun.biz,(085)254-5684
1b2765f6,Jennifer Anderson,51,Other,Sales,,2020-10-03,95000,ihowell@williams.com,991.727.8027x241
076451d3,William Leblanc,63,Male,Finance,High School,2022-07-06,115000,guerrerolaura@yahoo.com,001-987-562-2567x34214
b52c4358,Melissa Ruiz,44,Female,Admin,High School,2023-10-01,26000,ellen17@obrien-miller.com,(677)487-1105
a0dbfca2,Richard Franklin,57,Male,Finance,High School,2020-07-31,89000,beardarthur@hotmail.com,730.858.2430x5581
a87319fe,Lori Madden,46,Female,Sales,PhD,2023-01-24,76000,randy14@yahoo.com,638.254.3659x75107
0b398e89,Sarah Proctor,23,Female,Finance,Bachelor,2020-05-01,101000,mirandarobert@gmail.com,(626)922-6842x092
73fe7e1d,Michael Woodward,26,Male,It,High School,2022-07-03,75000,wendy85@gmail.com,(136)057-9792
fff446b9,Joshua Reed,43,Other,finance,PhD,2023-02-23,116000,ggamble@gmail.com,023.729.5343x2204
cc0a628b,James Bonilla,45,Other,It,Bachelor,2016-06-08,76000,crobertson@hotmail.com,639.445.7282x618
dcffd7b6,Robert Grant,64,Female,It,High School,2020-01-05,77000,christian98@hotmail.com,(796)792-7259x98498
486fac8f,Aaron Reed,41,Male,Finance,Diploma,2019-07-08,70000,dawn73@gmail.com,(017)755-6221x7146
be69ad39,Monica Morton,48,Male,Admin,Master,2018-02-14,26000,gbowman@carter-murray.info,418.805.0583x8914
9a2fc701,Russell Green,63,Female,hr,High School,2024-01-23,88000,sandersabigail@hotmail.com,(218)941-7957x5811
41526bff,Lisa Caldwell,41,Other,Sales,Master,2019-02-22,38000,andrea83@yahoo.com,+1-636-907-6699
c5583a17,Melvin Weeks,38,Male,Admin,High School,2025-07-03,107000,ucampbell@gmail.com,617.327.1458
054046cc,John Kennedy,36,Other,Marketing,Diploma,2023-11-15,109000,tmccarthy@mccann.com,001-391-873-2514x546
6374ed14,Adam Sanchez,36,Other,Finance,Master,2020-04-19,57000,edward70@gmail.com,6076490379
a5accd5a,Alexandria Collins,20,Female,IT,PhD,2017-09-11,73000,zmartin@hotmail.com,894-499-7070
27755e9d,Autumn Hill,22,Female,Finance,Diploma,2021-07-05,56000,shortdavid@hernandez.biz,548-213-5497x5993
cd14eacb,Philip Munoz,48,Other,Sales,Master,2018-04-18,96000,hendersonkathleen@randolph-howe.com,(384)961-2555x922
ebf484d0,Kimberly Thompson,51,Male,Operations,Master,2016-09-17,26000,kwalters@gmail.com,463-287-8116
9a7fde23,Allison Clark,54,Male,Admin,,2025-08-04,25000,toddmurphy@clark.com,(598)391-3508
189ac35d,Randy Wang,36,Female,IT,,2020-08-16,27000,bakerjohn@howard.net,232.359.1661
332ac35a,Amanda Palmer,55,Other,Marketing,Diploma,2016-12-26,39000,walterboyle@hotmail.com,7464439920
6359d5ce,Kimberly Ross,37,Male,,Diploma,2016-09-15,77000,everettlindsay@graham-clark.info,(110)486-5782x95787
99afee64,Lori Steele,46,Male,Marketing,Diploma,2017-04-23,56000,johnsonandrew@gmail.com,550.718.1025x5084
6c2b5781,Jeremy Fernandez,58,Female,Admin,Bachelor,2016-02-28,32000,williamsjamie@adkins.biz,001-323-449-7275x55670
2fb50401,Frank Franklin,38,Other,Operations,PhD,2018-11-05,80000,gcastro@dixon.org,091.617.0846x0945
17cb67b8,Wesley Reyes,51,Male,Admin,High School,2024-02-14,63000,jdudley@neal-osborne.com,(758)094-8301x3395
f9285706, michelle clark  ,30,Female,HR,,2023-03-22,75000,michellelynch@peck-martin.com,001-075-411-8324
a5c9cf20,David Le,33,Male,IT,Master,2016-07-25,105000,deanmcdowell@ward.com,024-640-6349
ee403b9f,Anthony Lee,59,Male,Operations,,2024-01-06,39000,lmurphy@cherry.org,904.190.2511x90244
a5b09024,Mrs. Sarah Gordon,57,Male,IT,High School,2024-11-14,31000,hmcgee@yahoo.com,361-672-6877
77dd362b,Amy Mack,20,Female,Admin,Diploma,2017-09-03,110000,derek33@johnson.info,(078)324-8356
cd320878,Andrew Cortez,47,Other,hr,,2021-05-18,83000,gonzaleskaren@parker-smith.com,161-733-8719
fbf3a106,Karen Novak,59,Female,IT,PhD,2017-10-03,59000,hbaker@yahoo.com,838-783-3268
4ce794d7,Amanda Shelton,28,Other,HR,PhD,2022-06-19,26000,bryantkatherine@gmail.com,637.730.6036x1792
6d7fd4e2,Michael Davis,20,Male,finance,Bachelor,2020-11-20,38000,susanwalker@nash-perez.org,604.773.2752x88209
8d0df6f6,Samantha Soto,29,Other,Operations,,2024-08-10,105000,fthompson@yahoo.com,(097)499-0580x987
836f224b,Sharon Miller,31,Male,HR,Diploma,2020-04-06,46000,francotammy@chavez.com,7919158834
69bba3c4,Scott Thomas,28,Male,HR,Master,2023-08-26,26000,uramirez@ortiz.net,(245)467-7521x082
b8663c7c,Brett Rogers,32,Female,,Bachelor,2023-11-23,53000,chelseagibson@ashley.info,914-380-2089
5aff4594,George Williams,36,Male,hr,Diploma,2025-06-04,68000,moorealicia@hotmail.com,001-671-919-1609x12689
c4c608eb,James Lopez,27,Female,Finance,Bachelor,2023-10-14,40000,paigerichardson@yahoo.com,539.532.2708x658
bd9277a4,Kirk Powell,57,Other,hr,,2019-03-29,81000,thomasdiane@lang.org,(713)367-6951
c942e6e8,Jesse Sutton,46,Other,Sales,High School,2024-08-14,81000,marcdyer@yahoo.com,001-491-999-6481
0b961346,Bridget Edwards DDS,21,Male,,,2019-02-20,119000,sherrymiller@hotmail.com,001-915-977-8146x58973
b4522738,Adam Woods,38,Female,Admin,Diploma,2019-10-25,80000,joseph70@yahoo.com,507.007.8281x975
b95e44e3,Michael Phillips,24,Male,Admin,Master,2016-03-03,30000,michael99@gmail.com,+1-923-046-5886x393
732fc932,Tina Brown,45,Female,Marketing,Master,2023-01-25,62000,dylan10@gmail.com,248-709-7206
5761b099,Stephanie Barton,20,Female,Finance,Diploma,2017-04-13,101000,williamwade@welch.com,814.798.4312x64738
cf5c8dd3,Stephanie Miller,47,Female,Sales,Bachelor,2020-04-13,81000,abbottsherri@gmail.com,+1-688-081-2618x07900
140642a8, donna reese  ,56,Other,It,PhD,2020-01-30,79000,ballardadam@russell-washington.info,748.510.1751x676
4262a48c,Laura Daniel,21,Female,It,Diploma,2019-06-16,38000,christopherhurst@hotmail.com,+1-834-269-0359x11014
6f0d7229,Jennifer Sparks,34,Other,IT,,2021-04-08,67000,ledwards@yahoo.com,520-388-2926
651a6277,Yolanda Anderson,48,Female,hr,Master,2023-05-29,35000,heverett@yahoo.com,716-213-0440x48874
a7e29299,David Warner,58,Other,Operations,High School,2022-02-11,31000,gabrielbrown@schneider.com,(961)059-9123x7677
67b41520,Tammy Cox,20,Other,HR,Master,2020-05-21,103000,smithtabitha@yahoo.com,(705)786-5520
be86f5d0, brenda cruz  ,35,Other,IT,PhD,2023-11-06,64000,carolinethomas@gmail.com,483-746-9064x76405
4d844cb6,Elizabeth Anderson,59,Male,Marketing,Master,2024-10-13,57000,owensalbert@yahoo.com,+1-044-083-3692x152
9de2fd3f,Mr. Jerry Robinson,30,Female,hr,PhD,2019-05-19,69000,pthomas@yahoo.com,(064)416-2203x46843
f69072cf,James Rivera,53,Male,It,Diploma,2021-08-10,111000,christopher52@torres.com,954.771.6048x05735
cdfcef75,Jennifer Williams,61,Female,Operations,Master,2016-03-10,52000,adriana07@anderson-hutchinson.com,+1-844-548-1246
2296d3f6,Jeffrey Smith,,Female,Marketing,Bachelor,2021-08-26,39000,jason27@hotmail.com,570-982-7290
d0e34b2b,Nicholas Eaton,63,Male,HR,,2018-12-02,28000,angelamoore@yahoo.com,929.031.8813x55810
302f420e,Mark Adams,33,Other,,Bachelor,2022-10-09,28000,matthewcoleman@torres.info,+1-390-988-0325x42864
7b2a7f10,Joshua Martinez,44,Female,It,,2016-05-04,53000,paulahall@jones.com,+1-449-476-6142x5857
3de54ee2,Laurie Vargas,55,Other,Finance,Master,2018-12-17,73000,xcox@gmail.com,+1-347-097-5124x179
dbb24c33,Amy Yang DDS,39,Male,It,Master,2023-10-01,28000,bauertiffany@phillips.com,245-092-0301x9522
160a3a13,Chad Franklin,49,Other,It,,2016-04-17,36000,brendagarcia@cervantes.com,+1-502-471-5276
25ee2f0f,Michael Saunders,43,Female,,High School,2022-08-31,72000,javier05@gmail.com,668.709.8904
1dd03ecd,Jacob Mcdonald,41,Female,Operations,Master,2024-10-11,112000,loriwilliams@roberson.net,(083)947-2076x953
bd20c36a,Crystal Rodriguez,42,Female,,High School,2023-10-20,73000,qgordon@hotmail.com,(892)228-9878x3269
7c2c0791,Chelsea Long,56,Male,Operations,High School,2021-06-26,37000,mark42@gmail.com,036.758.8135x2859
73137fa5,Mitchell Jordan,46,Female,Sales,,2023-02-28,69000,melissagonzales@hotmail.com,7659559009
4b7a123e,Walter Bailey,39,Male,Sales,High School,2023-10-21,113000,srogers@yahoo.com,(398)497-0470x340
6448a3d5,Katherine Phillips,61,Other,finance,High School,2016-10-29,105000,tanya92@yahoo.com,294-191-4589x29708
1a482803,Robert Jarvis,36,Female,finance,Diploma,2023-12-25,107000,andrew93@gmail.com,(068)086-3662
6e89a7a8,Breanna Flores,54,Female,It,Bachelor,2017-04-01,57000,jeansummers@yahoo.com,001-131-307-1695x215
7ee667de,Tonya Campbell,53,Female,,High School,2025-01-06,94000,michelehines@gmail.com,(056)987-3526x9090
bb27f6bc, gary palmer  ,63,Other,Admin,Bachelor,2017-11-02,70000,ncruz@thompson-hicks.com,489-754-8411
0979f5d3,Alan Hoffman,27,Female,,High School,2018-07-09,83000,sjones@gmail.com,001-947-563-3879
836b47c3,Linda Bailey,56,Male,,Bachelor,2018-11-25,97000,elizabethbryant@cole-robinson.com,323.569.9107
ef6e9295,Daniel Mercado,48,Other,Admin,Master,2019-11-14,102000,robertsjohn@yahoo.com,072-645-6292
de1d4653,Pamela Sanders,62,Other,Finance,Master,2022-08-04,104000,othomas@gillespie.com,001-122-106-9437x96270
0f8a579c,Sean Harper,52,Other,It,Bachelor,2017-05-31,34000,jessicagonzalez@durham-mcgrath.biz,648-782-7873x586
938f2b90,Brittany Snyder,50,Other,hr,High School,2019-07-08,114000,marksjennifer@flores-herrera.net,(823)630-6277x789
4491be40,Ethan Russell Jr.,21,Other,Admin,Diploma,2025-06-30,108000,bkhan@evans-cochran.biz,(838)812-9856
e39eb7c2,Jennifer Cochran,21,Male,It,Bachelor,2017-09-01,118000,erica89@robinson-johnson.com,(311)656-9502
9f690cde,Emily Henderson,46,Other,Operations,PhD,2017-12-19,73000,yvonne14@hotmail.com,(679)699-1791
72c573e9,Edward Shields,62,Female,hr,Diploma,2018-12-28,27000,sherylwarren@hotmail.com,001-646-948-7112x56738
294d25fc,Javier Dorsey,33,Other,HR,PhD,2024-03-03,64000,apatel@hanson.com,(277)435-7659x3962
78202426,Craig Marsh,59,Other,It,Bachelor,2023-08-28,82000,randy15@cox-davis.info,835-924-9161
81f46dfd,Jonathan Johnson,41,Other,Finance,High School,2020-02-11,83000,hartrichard@hotmail.com,(126)681-8239x2457
af5a7636,Cristian Smith,58,Other,HR,PhD,2021-12-28,104000,millerangela@hotmail.com,(492)292-0679x3857
da7bf28b,Michael Walters,29,Other,finance,Bachelor,2024-08-29,85000,freemanjessica@bass-watkins.com,594.053.9865
77ed78d9,Jonathan Davis,50,Male,IT,Diploma,2020-11-11,107000,nicolehunter@wilson.com,(510)611-6389x449
b9163357,Gregory Alexander,54,Male,It,High School,2017-07-17,48000,myersnicholas@strickland.org,001-413-024-9372x61288
6ab76840,Carl Scott,51,Other,Sales,PhD,2019-04-28,110000,vbishop@yahoo.com,(275)326-2612
a70a409d,David Nguyen,42,Male,HR,Bachelor,2020-01-10,102000,kathryn68@navarro.org,5690764767
78ea47e2,Derek Mckinney,57,Female,Marketing,High School,2024-04-10,56000,umiller@gmail.com,(245)484-6630
297a8503,Monique Diaz,52,Other,,High School,2022-10-18,42000,gilbertmccarthy@shepard.info,+1-483-013-2142
b0d18df1,Robert Benson,46,Female,Operations,Master,2024-04-25,80000,matthewhayes@decker.com,+1-334-537-5021x90324
7b9ea9eb,Mrs. Amy Sharp,55,Female,HR,High School,2023-05-21,38000,william90@ortiz-king.com,133-224-5778x337
2804335a,Timothy Miller,25,Other,HR,Bachelor,2015-12-14,64000,ftaylor@brown.biz,001-370-863-8298
cb21aa80,Kelly Johnston,22,Female,IT,Diploma,2021-06-28,92000,tyleralicia@gill-cross.com,+1-524-967-2111
7e64c44f,Vincent Zuniga,55,Female,finance,,2024-05-23,103000,nnichols@smith-flores.com,208.154.2695
8e8c71d8,Jennifer Lewis,,Female,,Master,2015-12-31,83000,danielrodriguez@gmail.com,0196846873
5bd972c7,Stephen Spencer,,Other,It,Bachelor,2024-02-15,119000,kelly70@carpenter.com,561.681.4375x474
ad4b24ec,Frank Lawson,38,Other,It,Bachelor,2025-08-24,45000,randolphjoshua@gmail.com,1405254326
dc05ae03,Michael Stevens,37,Female,,Bachelor,2016-12-03,66000,eking@gmail.com,509.263.6903
ce8b76a2,Adriana Parks,47,Other,IT,PhD,2016-07-24,55000,crystalnelson@yahoo.com,(807)763-0327x1843
1d2d1771,Cody Sanchez,28,Other,Admin,PhD,2022-09-06,36000,christopherrich@molina.net,+1-327-507-0860
8fde042a,Karen Wells,36,Female,IT,Diploma,2021-12-24,61000,xrivas@cardenas.net,429-760-3461x1738
fe60afde,Kimberly Sanchez,46,Other,Marketing,Bachelor,2017-10-29,49000,elizabeth84@yahoo.com,(355)631-5593x0418
c4f5b03e,Martin Elliott,53,Male,hr,PhD,2016-04-23,104000,thompsonevan@hotmail.com,(107)672-8095x0483
8e990457,Larry Reynolds,61,Other,Marketing,PhD,2023-01-26,28000,iparks@gmail.com,112.906.3147x914
da78f4c5,Colton Roth,49,Male,IT,PhD,2020-05-07,72000,ftodd@rogers.org,942.577.5138
9ab2b735,Lindsey Mendoza,45,Female,Sales,Diploma,2016-06-29,114000,jonathan45@joseph.com,+1-244-429-3454x6266
0ce87570,Brandi Cunningham,29,Other,Admin,Diploma,2024-03-27,28000,pburns@gmail.com,(754)017-2094x403
cc8a6796,Donna Williams,56,Female,Sales,Bachelor,2016-05-29,94000,rosalestammy@smith.com,2055942141
c179c596,Tammy Morris,23,Female,Marketing,Master,2023-07-17,71000,maryburns@gmail.com,6794332031
c81a5f0f,Robin Donovan,26,Female,,Bachelor,2024-10-11,41000,martinhutchinson@yahoo.com,+1-006-523-2113x2304
dbbf46ed,Julia Williamson,52,Female,Marketing,PhD,2019-04-15,118000,lisastevens@gmail.com,001-244-149-1717x9233
8ffe38c9,Chelsea Martin,30,Female,Finance,,2024-12-13,29000,haleycunningham@yahoo.com,+1-939-925-3581x6192
2ac38bd3,David Fitzpatrick,56,Other,finance,PhD,2020-12-04,89000,valerie68@burch.com,3658410752
34943114,Nathan Dillon,,Male,Operations,High School,2023-04-23,100000,rachaelallison@rogers.com,911.626.1171x32233
ba751921,Amber Allen,49,Other,Finance,,2024-10-30,65000,zgreen@hotmail.com,001-168-885-1163x271
c3101e2e,Kenneth King,22,Other,IT,,2020-05-16,75000,jerryscott@robinson.com,(492)765-1603x500
ded89c47,Ana Jensen MD,63,Other,HR,Bachelor,2024-07-07,34000,thobbs@yahoo.com,697.446.2565x32038
5d1ddcb7,Kelli Carter,23,Other,Sales,PhD,2019-02-20,49000,franciscokramer@hotmail.com,354-097-4344x178
1f7bd82f,Edward Keller,48,Male,hr,PhD,2015-12-25,44000,johnsonkevin@hernandez.com,007.192.1071x49182
f83a1bce,Kelly Preston,42,Other,Finance,Master,2019-09-05,89000,ericagardner@clark.com,001-386-042-0190x0695
01afb939,Michael Rivera,21,Female,Admin,High School,2020-02-16,63000,leondavid@yahoo.com,001-473-940-6164x8188
7942000a,Bradley Cameron,29,Other,Sales,Bachelor,2024-08-08,79000,amypowell@yahoo.com,001-874-315-7723
2bd7d038,Beth Price,63,Other,Finance,Diploma,2021-10-10,74000,richardmorgan@yahoo.com,+1-521-329-1066
b717548d,Jessica Graham,22,Male,,Bachelor,2023-09-01,43000,obrientimothy@hotmail.com,+1-947-593-7775x730
a1230193,Lisa Harris,44,Male,It,,2019-06-04,104000,francojenna@yahoo.com,(962)104-7716x726
c0d2201b,Becky Smith,45,Female,Operations,Bachelor,2023-03-01,103000,jessica32@hotmail.com,001-332-482-7210x5868
c986f893,Rachel Rollins,64,Other,Marketing,Master,2021-05-22,80000,fcrawford@yahoo.com,082.601.5550
6dc75587,Christopher Ayala,61,Other,Marketing,Bachelor,2020-08-23,28000,amberdavis@hotmail.com,553-853-1934
e5e79add,Mario Maxwell,45,Other,Finance,Master,2015-12-03,37000,sandersrobert@gmail.com,647.696.3417x21915
8422c0cf,Katherine Mcdonald,60,Female,IT,,2020-10-01,47000,jack80@miller.biz,001-879-200-8687x26419
f198f62e,Todd Perry,24,Male,Admin,Master,2020-04-06,91000,catherine77@avila.com,001-419-743-6271x2137
c528ac36,Melissa Johnson,33,Female,IT,PhD,2017-12-31,75000,glasssarah@stephenson-acevedo.biz,459-193-2279
8470f6c8,Timothy Blair,48,Other,Sales,Diploma,2023-12-14,71000,vanessa65@gmail.com,594.166.1215x69108
569b111f,Robert Smith,60,Male,finance,,2018-12-10,111000,oolson@ball.info,119-766-4967x11961
c5ba36af,Amy Gray,55,Male,Operations,Master,2024-07-18,70000,michaelgonzalez@gmail.com,004-568-1574x3671
64ad1905,Lucas Jackson,55,Female,Operations,High School,2016-10-12,83000,robert93@gmail.com,283-264-2692x26640
ec2a322b,Elizabeth Mccoy,60,Male,Marketing,,2015-12-20,96000,robert51@yahoo.com,9141762563
93162f53,Roger Bowman,55,Male,Operations,High School,2019-01-07,26000,janetmcclure@wheeler.info,(019)019-0945
fae45d7c,Elizabeth Brown,53,Other,IT,Diploma,2017-10-20,32000,petersonronald@yahoo.com,+1-676-592-9667x149
e0354d75,Debra Leonard,41,Other,Admin,Master,2023-06-26,105000,rmiller@hotmail.com,001-639-768-4574x9412
6b579789,Kara Blake,24,Male,Admin,,2025-03-23,106000,kimevans@collins.org,001-517-307-1785x356
b366ffd1,Jessica Fisher,22,Male,Marketing,,2024-05-29,47000,williamhernandez@hotmail.com,309.800.2650
b8b791b0,Timothy Wilkinson,36,Female,Finance,Diploma,2019-12-19,27000,aguirredawn@frost.com,809-905-5895
581ab26c,Christopher Cameron,27,Female,It,PhD,2022-06-08,32000,stonejeffrey@miller.biz,+1-635-538-7214x770
e67410de,Jared Ballard,47,Male,Admin,High School,2020-02-28,,nina47@hotmail.com,8286390003
2598bc54,Heather Bradford,31,Other,IT,,2019-12-24,58000,agonzalez@yahoo.com,(647)468-2122x79765
a4d546e1,Jennifer Moses,35,Male,HR,Bachelor,2017-03-16,97000,cantrellrichard@king-wilson.net,001-301-770-0934x57465
9fd60922,Jason Jones,63,Male,Finance,High School,2023-01-30,35000,fmullins@miller.com,(320)802-5613
71305648,Debra Larson,50,Other,finance,Master,2024-03-05,41000,jeremy98@ford.com,336.576.1040
cfd42949,Christine Mills,40,Other,hr,Diploma,2024-08-19,101000,aguilarmelissa@aguilar.net,+1-587-151-3923x41868
c680a2e5,Kevin Carrillo,22,Female,,High School,2021-05-04,33000,bradfordrose@yahoo.com,(742)459-0564x16505
15936f42,Nicole Roberson,23,Female,Operations,Bachelor,2024-05-07,97000,imiller@shannon.com,143.748.3225x453
63d69dd8,Sarah George,55,Female,Operations,Bachelor,2020-05-04,41000,christopher22@hotmail.com,006.946.6670x40571
e13f8740,Kyle Mccarthy,59,Female,HR,Diploma,2020-03-29,47000,debrajohnson@gmail.com,001-886-689-2658x95172
8a713a73,Kevin Oliver,31,Other,Finance,Diploma,2020-05-06,,michaelvega@kerr.org,001-520-236-6191x22866
82fce908,Erik Delacruz,52,Male,Marketing,High School,2016-07-04,117000,johnsondebbie@mcfarland.com,+1-882-643-0237x217
5738b277,Rebecca Clark,63,Female,IT,Master,2025-03-03,102000,jordan99@robles.biz,+1-127-336-4722x35339
05fef7bc,Patricia Kim,40,Female,HR,PhD,2025-05-11,95000,pearsonbrian@smith.biz,(828)834-9538
8a39068b,Carlos Walker,41,Other,,Bachelor,2025-07-16,105000,adamserica@gmail.com,603.299.1489x0242
d50cf57e,Stephanie Garcia,21,Other,Admin,Diploma,2021-03-02,39000,ngeorge@yahoo.com,001-395-289-6699x9558
6c3912ef,Nathan Willis,60,Male,Marketing,PhD,2025-10-18,108000,greerpaul@gmail.com,001-132-433-6571x673
bb63721d,Kimberly Curtis,52,Male,hr,PhD,2019-06-20,38000,melissacarroll@ramirez.biz,3273317841
427f6635,Susan Rivera,50,Other,It,PhD,2016-03-16,85000,wcampbell@benson.com,001-826-048-5913x13038
1fb235c4, timothy perez  ,63,Female,Marketing,Master,2019-03-15,28000,juangray@guzman-day.info,+1-996-559-9767
f0fbdb65,Michael White,39,Female,HR,Diploma,2018-12-19,68000,jthomas@cook.com,+1-106-203-6460x098
928b1e4b,Patrick Huerta,64,Female,finance,Bachelor,2016-05-16,75000,pdavis@pope.com,773.564.4848x789
56c76990,Brenda Lee,62,Male,HR,Diploma,2023-08-24,94000,woodardryan@hotmail.com,001-958-860-3979
beea002a,Kiara Sexton,39,Female,HR,High School,2022-02-14,30000,toconnor@hotmail.com,6454660964
b6f31d02,Elizabeth Serrano,62,Female,HR,Bachelor,2023-03-19,50000,rodgersbrian@yahoo.com,474.515.6600x97753
aa5f8dfc,Candice Sanders,29,Other,Marketing,Diploma,2015-11-20,112000,ywilson@hotmail.com,389.350.5786x481
3bdccce0,Jonathan Vasquez,57,Female,HR,Bachelor,2021-08-15,109000,traceyconner@hotmail.com,7378638691
aabb6cac,Patricia Fox,22,Other,Finance,High School,2018-06-06,36000,hsharp@yahoo.com,0579648344
92a0c677,Betty Cole,,Female,Marketing,,2023-01-01,40000,angela67@yahoo.com,143-376-6699
60aeb372,Mariah Brown,46,Male,Admin,Bachelor,2016-09-20,67000,jessicaparker@yahoo.com,672-243-9762
1af026df,Valerie Roberts,42,Female,Finance,,2017-11-29,36000,christiewilliams@hotmail.com,+1-397-831-1150x23818
314b4d36,Anthony Terry,53,Female,,PhD,2021-12-13,113000,baxterashley@gmail.com,467-533-4044x0112
744da236,Mrs. Miranda Johnston,31,Other,Admin,Master,2018-07-03,96000,pdennis@schaefer.com,+1-850-796-9147x60492
6cfa28cf,Eric Adkins,52,Other,hr,High School,2019-04-26,28000,ykoch@yahoo.com,+1-846-178-8041x33780
179d9ae3,Kimberly Kane,29,Other,Operations,Bachelor,2016-06-10,56000,michellenichols@doyle-smith.com,435-550-9544
214bd473,Alexander Shelton,54,Female,Marketing,High School,2018-01-06,27000,mcdonaldandrea@yahoo.com,499-525-9864x92449
13fc927f,Melissa Hanson,35,Female,Operations,PhD,2022-08-23,115000,zmitchell@vaughn.com,+1-392-293-7466
671adde5,Rebecca Lee,53,Male,Marketing,,2022-04-14,49000,kevin65@yahoo.com,875-032-5941x405
c7610e83,Dana Smith,36,Female,Admin,Master,2019-02-17,91000,hannahcurry@gmail.com,599.559.6513x1280
9594eea8,Tamara Moore,58,Male,hr,High School,2019-07-11,39000,theresaarnold@gmail.com,511-538-5360
ff1b654d,Bryan Franco,40,Other,IT,,2016-02-29,45000,lauracochran@clark.com,846.757.4192
f2a45575,Spencer Butler,42,Other,IT,PhD,2018-08-11,59000,browntravis@bonilla.com,659-415-1812x222
6abb6c41,Casey Garcia,37,Other,Finance,PhD,2019-12-25,81000,thart@hotmail.com,001-909-575-0227x197
817b2f21,Steven Oconnor,55,Male,HR,PhD,2021-11-22,78000,wsharp@thompson.com,001-560-933-7732x86478
752caa97,Jennifer Ramirez,57,Female,HR,,2022-08-06,58000,jodysoto@hotmail.com,+1-629-712-8405x5542
83601fb5,Dr. Travis Morris DDS,39,Other,IT,Bachelor,2021-10-19,48000,millercaroline@hotmail.com,272.970.2786
b1c8d50a,Johnny Garcia,26,Female,Admin,Diploma,2020-04-21,95000,pamelajones@wallace.com,913-316-1453x874
0858f527,Dawn Jordan,46,Female,It,High School,2015-11-08,104000,tkhan@gmail.com,155.899.2540x2642
8f1c5f8c,Anthony Mills,23,Other,hr,Diploma,2019-12-19,84000,bradshawsharon@hotmail.com,186.414.5373x368
1e6773d7,Richard Perry,35,Male,Finance,PhD,2016-04-19,41000,schaeferchristopher@gmail.com,(020)402-5134x5796
1c3efda4,Brandi Vega,55,Female,Admin,Diploma,2023-04-16,81000,jamesbird@henderson.com,888-719-9194x110
4a229ba5, jason gomez  ,54,Other,HR,,2017-10-18,99000,christopherdunn@hotmail.com,001-145-061-6150x7291
1e245a97,Christian Snow,37,Female,Finance,PhD,2021-10-22,80000,sheilahart@hardin.info,+1-606-144-9482x202
5fdc9844,Debbie Carrillo,45,Female,Operations,PhD,2020-06-24,110000,ujones@campbell.biz,754.410.9935x8522
07298d47,Kaitlyn Phillips,52,Female,It,Master,2016-10-27,86000,nicole61@cortez.com,416.471.9921x281
c8a6a005,Ryan Harris,29,Female,Sales,Master,2018-11-11,35000,nlyons@roberts.org,+1-857-163-1030x1033
efd37a6d,Susan Bolton,63,Female,,,2023-09-04,34000,sarahbrown@henry.com,+1-997-035-1557x9536
48924bd6,Reginald Copeland,30,Male,It,,2019-05-07,36000,bobbyknox@forbes.org,213-791-1569x971
bd5a6112,Sharon Cross,39,Male,Finance,Diploma,2018-07-31,58000,castillojerry@salinas.info,(084)076-6979x178
8c2b678e,Tyler Russell,29,Other,HR,High School,2016-03-28,50000,zstone@gmail.com,746.438.0367
0b704f97,Marcus Patrick,57,Male,Admin,Diploma,2017-10-18,112000,joseph08@harris.com,+1-230-079-1546x0601
4f489f45,Thomas Hunt,46,Male,Operations,,2018-04-14,90000,toddtaylor@hotmail.com,482-722-0069x78784
567b9583,Christopher Salinas,23,Male,,High School,2021-11-17,112000,aguirrewalter@hotmail.com,+1-990-086-4675
d59f2b69,Anthony Carr,35,Female,It,Diploma,2019-06-16,68000,cgoodman@gmail.com,(807)542-0142
21ffcf72,Amanda Franklin,38,Female,,Bachelor,2017-05-22,97000,williambowman@brown.com,001-699-885-7938
a2ef0f53,Nicole Lewis,59,Other,Finance,Bachelor,2025-04-19,104000,harperclayton@yahoo.com,+1-341-381-3914x05456
aacefa98, alexandria carrillo  ,64,Other,,High School,2021-05-08,90000,thammond@mcfarland.com,+1-125-940-1898
ba554e35,Samantha Alvarez,30,Other,Operations,Master,2015-11-16,45000,caldwellmichelle@thomas-williams.org,5388297236
9ff0f466,Dr. Roberto Johnston,24,Female,hr,High School,2016-03-04,101000,danielstark@gmail.com,185-777-9512
6321d753,Dr. George Hernandez,35,Male,Admin,Diploma,2020-10-08,114000,juan18@yahoo.com,+1-417-984-3398x21041
56c890a5,Daniel Price,37,Male,Finance,PhD,2017-12-23,65000,iflowers@hotmail.com,001-224-506-4423
aba23511,Adam Stewart,44,Female,,Bachelor,2019-03-18,43000,norrissara@hotmail.com,+1-416-870-2811x6750
47020de0,Daniel Molina,62,Other,hr,PhD,2017-02-18,71000,annabutler@hotmail.com,(209)924-6076
2a65bae3,Michael Evans,62,Other,Admin,Bachelor,2024-11-04,41000,george97@mcguire-payne.com,(632)749-2561
a14ed649,Victoria Berry,50,Other,Marketing,Diploma,2018-03-08,100000,barkerpamela@williams.net,(853)933-1132
4f10aae3,Mr. Daniel King Jr.,24,Female,hr,Bachelor,2016-06-18,93000,samantha23@hughes.com,0820581076
a4d78f64,Ronald Juarez,54,Other,Marketing,High School,2022-05-05,97000,ugrant@gmail.com,+1-381-360-2919x616
f485e944,Matthew Reynolds,56,Other,Marketing,PhD,2024-08-06,116000,patriciaguerra@hotmail.com,857-624-7275
c1f31143,Luis Nelson,29,Female,hr,,2017-12-12,29000,collinsregina@holloway.biz,+1-819-081-5485x00310
8591a818,Rhonda Williams,51,Male,,PhD,2016-09-28,62000,megan84@schneider.com,+1-277-316-4097
80acefb5,Brandon Pruitt,42,Female,Marketing,Diploma,2020-12-02,34000,rochadavid@gmail.com,563-400-0340x94884
a8835c66,Pamela Cook,41,Female,,,2024-10-15,48000,bclark@hotmail.com,894-731-9788x7853
f65e52fd,Ryan Smith,33,Female,,PhD,2017-12-01,117000,irivera@yahoo.com,956.823.7117
34afa2e1,Erik Williams,45,Female,Admin,Diploma,2016-05-09,78000,gabrielgoodman@phillips-hall.com,(763)953-2115x130
d6c34b19,Patrick Ortega,29,Male,finance,Master,2025-06-09,107000,hensleyfrances@gmail.com,001-274-664-9989x59562
15ab7cd2,Joseph Stevens,35,Other,Operations,High School,2019-11-03,81000,timothywoods@thomas.com,751.434.2866x19210
5207c6cc,Tina Wilson,32,Female,,Bachelor,2016-10-01,60000,marktrevino@kim.com,(995)722-9355
7dd12d57,Jose Coleman,45,Male,Admin,Bachelor,2021-09-11,39000,thomas08@harris.com,360.536.9857
57076494,Terry Mills,36,Other,Sales,Bachelor,2020-11-09,118000,jameslarry@yahoo.com,4302385451
06289878,Aaron Boyd,46,Other,Marketing,Master,2024-10-29,116000,lindseytorres@gmail.com,818-147-9221x6009
61cb78c3,Sara Flores,22,Other,Finance,High School,2020-09-11,93000,makayla57@mitchell.com,0037730871
fad34352,Shelly Horton,25,Female,It,PhD,2023-06-05,116000,brianvelasquez@mccullough.com,412-538-3974
490ccf97,Destiny Duncan,63,Female,,PhD,2019-07-02,119000,wardwilliam@young-smith.biz,(959)623-7558x22043
c4af9dc9,Matthew Robinson,53,Other,hr,High School,2024-07-31,96000,michaelmassey@johnson.com,364-830-2439x0930
f3c1114d,Jessica Doyle,27,Other,Marketing,,2021-11-27,60000,kim73@lewis.org,(273)479-1890x224
0f14f86c,Joshua Moran,26,Other,Marketing,High School,2023-05-06,76000,wfigueroa@powell-arnold.com,001-849-370-7744x2084
2e740569,Carol Fisher,63,Other,Sales,Bachelor,2024-01-22,110000,alecschmidt@lee-mann.info,440-371-0379x571
4c4b52aa,Dr. Daniel Sweeney,35,Other,Finance,PhD,2023-05-29,39000,ewheeler@garrison.com,+1-282-173-5345x81166
24784b7d,Michael Cruz,35,Other,Admin,High School,2019-04-13,41000,charles35@hotmail.com,001-579-270-8106x43959
4207fb51,Kevin Sandoval,51,Male,Sales,PhD,2025-10-13,42000,ryan20@cross.info,123-662-3740x40694
e645bb00,Melanie Watson,50,Other,Operations,High School,2024-09-26,67000,andrew77@solis.biz,757-158-7700x69351
3d57ee27,Ms. Stephanie Duran,26,Female,Marketing,Diploma,2018-05-11,25000,fitzgeraldanna@robinson.com,412.683.1822x399
3c8aae87,Jonathan Phillips,37,Female,,Bachelor,2020-05-29,81000,gharris@yahoo.com,128-353-1855x77515
8121c051,James Cox,56,Female,,High School,2021-05-28,33000,debraallen@hotmail.com,738-248-4358x0723
44f00717,Erik Dean,21,Other,Sales,Master,2021-05-15,99000,james75@gmail.com,001-175-040-1280x94793
8d9957fa,Allison Fisher,23,Female,Operations,High School,2019-10-29,69000,flynnsavannah@gmail.com,+1-420-517-7852x63730
0766699f, casey hardy  ,31,Male,IT,Diploma,2024-10-02,105000,hurstdanielle@gmail.com,(355)337-2315
e9ea8b10,John Cole,64,Other,HR,Master,2017-08-02,42000,lawrencegonzalez@cook.com,029.841.5091x2611
8dd7e052,Lauren Hooper,49,Female,hr,Master,2022-03-05,61000,lopezann@adams.info,373.992.0160
19fc8579,Crystal Shelton,34,Male,hr,High School,2017-03-28,60000,hmcgrath@hotmail.com,404-304-4576
a6cc0a57,Amanda Hess,50,Male,IT,Diploma,2024-11-30,114000,rosereed@hotmail.com,+1-232-326-0917x31080
91788bdd,Jessica Holloway,40,Female,Marketing,Master,2018-06-20,101000,lindacollins@fields.com,001-450-254-8297
d8a5aa52,Michelle Burton,47,Male,Admin,Bachelor,2024-01-26,68000,hughesjesse@hotmail.com,+1-461-553-7410x3011
c86aed73,Michael Arnold,40,Female,Finance,,2018-04-10,57000,travis92@yahoo.com,+1-359-922-7159x57696
8a5a4272,Victoria Carpenter,61,Male,IT,Bachelor,2018-12-29,25000,christinegarrison@gmail.com,540.362.4089
3ec2e72a,Andrea Moody,21,Other,Operations,PhD,2024-07-25,67000,miguel15@santos.com,(230)271-4310x08224
f61b2bfd,Erik Harris,28,Other,It,PhD,2018-02-24,106000,alexrobinson@nelson.net,(025)912-9873x844
0ab2e2ca,Virginia Johns,60,Other,,Diploma,2023-03-24,50000,sblack@robinson-nunez.com,149-318-8561x69712
f60b9881,Lori Williams,39,Other,HR,Master,2020-06-20,71000,crystal02@smith.com,443-382-8545x8262
a72edd5f,Daniel Palmer,34,Other,Marketing,Bachelor,2018-01-14,117000,catherinejones@evans.org,158.829.6118x502
0f67a174,Austin Snyder,30,Female,HR,Bachelor,2025-10-13,30000,ajackson@gmail.com,770-305-4459
45f72e6c,Kevin Wood,20,Other,Finance,,2021-11-03,50000,jodi43@gmail.com,064-512-5814x4542
ae1455f4,Dr. Lori Jackson,59,Other,,Diploma,2017-06-22,108000,kevingreen@hotmail.com,(034)040-1134
d7aa0f83,Christine Baker,42,Other,Operations,Master,2024-05-19,94000,patricia08@gmail.com,+1-976-224-5687x810
d7371450,Jennifer Warren,53,Other,hr,Diploma,2021-08-22,112000,allisonferguson@glass.com,404-789-4392x83928
29529420,Tina Jennings,48,Male,Finance,High School,2018-12-10,41000,perkinsmark@hotmail.com,387-037-5077x27990
11e74656,Chris Wheeler,48,Other,IT,Bachelor,2021-12-18,56000,jperez@martinez-james.com,+1-810-911-7626
b2cc4372,Catherine Walls,53,Other,hr,Diploma,2022-01-04,56000,douglas46@hotmail.com,+1-378-920-0109x1940
b99e6f7b,Lindsey Chen,37,Female,hr,Diploma,2023-09-30,119000,kathleenwelch@hotmail.com,001-368-513-4982
e0d6e969,Brandon Johns,26,Male,Operations,,2022-12-04,48000,brianbernard@gmail.com,349.294.4643x9944
813be64b,Brittney Bradley,44,Female,IT,High School,2024-10-12,37000,kathygoodwin@brown-lynch.com,+1-978-048-1090x565
e2495790,Kelly Hughes,58,Other,Sales,PhD,2024-09-30,61000,srasmussen@moore.com,636-419-9664x5543
a29a7e5f,Pamela Dixon,25,Female,Finance,Bachelor,2017-02-23,61000,josecastro@gmail.com,(710)770-1770x18123
b52f5f46,Robert Banks,48,Female,Admin,,2021-07-11,27000,jenniferwright@romero.com,466-589-1238x719
a98afcb0,Thomas Hughes DDS,25,Other,finance,Diploma,2021-07-23,85000,meyersjulie@gmail.com,276.976.7841x231
35eb728f,Amanda Wilson,21,Male,It,Bachelor,2016-06-30,105000,donnaboyd@gmail.com,611-933-4846x37004
5415c636,Carlos Castillo,,Male,,PhD,2019-12-12,33000,tonyschroeder@yahoo.com,001-464-198-0815x643
223bd9be,Justin Hughes,54,Female,Operations,Diploma,2016-09-17,58000,diane71@dillon.com,001-211-921-3309
9bd972ca,Crystal Hill,43,Other,,High School,2024-07-13,46000,kennethjohnson@stephenson.com,906-774-6803
0273be68,Mary Atkinson,55,Female,Finance,Bachelor,2017-11-28,112000,hallmichael@yahoo.com,+1-075-611-3890x406
8e484bc0,Lisa Gibson,,Female,IT,,2025-08-02,88000,thomasjackson@morris-fischer.biz,(674)917-4554
7d2d93e8,Miguel Williams,33,Female,Admin,High School,2022-12-31,105000,crystal14@bond.com,(815)957-6962x58666
14c62aba,Joe Mendez PhD,55,Other,finance,PhD,2021-05-21,102000,jbeck@gmail.com,049.661.8032
a6b96653,Sharon Barajas,31,Other,HR,PhD,2020-12-16,48000,anne23@hotmail.com,5306490858
e47f9c7e,Hector Griffin,58,Male,Admin,Bachelor,2020-04-02,119000,iward@hotmail.com,001-794-148-0083x024
71f71add,Jessica Singh,26,Other,Operations,PhD,2024-05-03,76000,fowlerdaniel@gmail.com,+1-876-461-1329
f8d78cbc,Sara Barrett,23,Female,,Master,2023-07-07,107000,qramirez@hill-jenkins.org,833.361.6790x07117
99ef827f,Ariel Murphy,27,Female,Admin,,2022-05-24,40000,andrew63@alvarez.com,580.218.8342x903
d6d24227, melanie saunders  ,,Male,Marketing,Bachelor,2017-07-22,80000,melanie35@gmail.com,+1-069-513-1911
fbda05ae,Taylor Howard,54,Other,IT,Master,2021-07-23,98000,whitekelly@gmail.com,693.110.3100x2679
5ed7d1a6,Kelly Williamson,53,Female,IT,PhD,2016-01-20,100000,dbrown@archer.com,001-357-017-6319
0265a223,Nancy Black,20,Male,Marketing,Bachelor,2020-10-20,112000,probinson@williams.com,613.869.0601x7429
c227e0f2,Diana Williams,58,Male,hr,Master,2024-07-08,43000,qcampbell@hotmail.com,6298145105
b58dfc59,Jordan Clark,41,Female,hr,PhD,2025-03-25,48000,randyhenry@yahoo.com,001-625-449-0878
d0f7c7b0,Emily Parker,27,Female,Finance,Diploma,2020-08-04,65000,rossabigail@williams-buck.net,1588480140
cef44098,Mr. Thomas Garcia,52,Other,Sales,Diploma,2025-10-03,68000,kimberly93@hotmail.com,099.125.0375x45058
fae91634,Darrell Wong,64,Male,HR,High School,2017-10-04,54000,renee96@alvarez-mccormick.com,8015555149
096b7724,Anthony Morales,32,Female,Marketing,Diploma,2021-05-02,88000,christinestokes@yahoo.com,3479477646
b43c7851,Ashley Burton MD,22,Male,Finance,Master,2016-04-26,75000,laurenharmon@yahoo.com,772.274.5177
01d3a033, kimberly jones  ,48,Other,,,2024-06-25,103000,aanderson@bruce-blevins.net,(304)931-5311x4123
a3708c7f,Mark Johns,49,Female,Marketing,Diploma,2025-07-13,115000,dnavarro@clark.org,173.836.4285
47003fcf,Jeremy Brown,56,Other,Sales,Bachelor,2018-02-12,44000,ohughes@conner.info,153-063-3773x18093
2ba46308,Crystal Beltran,29,Male,It,Bachelor,2020-02-22,53000,brittany14@yahoo.com,+1-328-138-4038x36425
bd22f7fc,Lori Howard,53,Other,Marketing,Bachelor,2020-09-13,26000,bmclaughlin@yahoo.com,+1-117-908-7577x77446
9a5c68ad,Deborah Cherry,26,Other,Sales,Diploma,2022-09-23,93000,patriciamccann@yahoo.com,(060)901-0099
9691f45d,Elaine Herman,21,Male,Sales,Diploma,2020-09-27,66000,sgeorge@yahoo.com,(850)911-5322x760
209f4ff2,Sabrina Henderson DVM,32,Other,Sales,High School,2016-07-01,52000,yross@sanchez-ortiz.com,484.788.0047
db00ab4c,Robin Jones,31,Male,It,,2019-11-02,26000,benjaminarcher@hotmail.com,(457)126-7728
ba991da0,Chad Flores,63,Female,IT,,2021-06-15,81000,jeannebowman@peters.info,7200901546
d900b745,Jonathan Stanley,50,Male,Admin,PhD,2016-04-03,56000,michelle39@jones.info,(807)978-4255x3961
f845846e,Heather Duffy,52,Male,IT,High School,2023-05-07,98000,pthomas@fox.com,684-780-4057
9d4d0658,Michael Moore,63,Female,Finance,Master,2022-10-29,68000,megan97@evans.net,(458)974-1964
e212f7e1,Maureen Bates,37,Male,IT,Bachelor,2021-12-10,92000,johnsonkelly@hotmail.com,375-739-4266x10995
6d575fd1,Jordan Nixon,56,Female,It,Diploma,2021-09-12,55000,wtodd@hotmail.com,+1-330-539-8193
a6685e80,Christine Johnson,34,Female,IT,PhD,2021-10-17,105000,melissaross@garcia.org,175.992.7114x793
52b0147b,Ann Hansen,20,Male,,PhD,2019-05-18,107000,iberry@long.biz,423-665-9423x2361
682904ca,Mary Day,58,Other,Marketing,Diploma,2022-01-24,75000,ocarey@hotmail.com,+1-789-614-1944x6644
84aeffbe,Cristina Thompson MD,35,Other,IT,High School,2021-06-16,87000,xhall@gmail.com,370-752-2185x09320
846af2e6,Nancy Jones,52,Female,finance,PhD,2024-06-12,63000,richardsmith@yahoo.com,(567)027-3761x4998
b8a1e477,Patrick Medina,60,Other,Sales,,2024-06-27,115000,alex08@yahoo.com,+1-129-179-9989x0883
eb1bb47f,Rebecca Johnson,34,Other,Marketing,High School,2017-02-14,36000,stephaniehall@berry.com,+1-906-767-2706x21987
50f53bd8, daniel carter  ,56,Male,hr,Diploma,2016-11-08,113000,cochranpatricia@harper-galloway.info,+1-161-020-1450x51499
55af47da,John Scott,20,Female,,High School,2024-06-09,103000,rangelgrant@yahoo.com,(289)214-1558
cec3a6f4,Bryan Paul,20,Female,It,,2018-01-30,112000,csimmons@tran.com,153-174-7059x0856
39c2c1a2,Kimberly Santos,44,Male,Admin,Bachelor,2018-05-24,97000,georgemaynard@turner.biz,175-046-5847x5142
f530c98d,Katelyn Yang,31,Other,,Diploma,2023-05-26,52000,kennedymaria@hotmail.com,(021)299-0756
326684ff,Lisa Coleman,49,Female,Sales,,2023-04-06,86000,lortiz@yahoo.com,626-577-1229
10168d65,George Vaughan,52,Other,Marketing,Diploma,2021-05-29,107000,tolsen@gmail.com,7002855823
0722ab3c,Angela Beck,57,Female,Admin,,2020-11-26,49000,karenthompson@blair.com,(385)160-1903
062667fc,Juan Brewer,21,Female,HR,,2023-05-28,119000,ewu@sullivan-scott.net,271.766.6416
ef60250e, stephanie garcia  ,26,Female,Operations,PhD,2023-06-28,82000,swallace@gmail.com,423.097.8119
3f4574d4,Elizabeth Hill,41,Female,,PhD,2024-04-01,72000,marybradley@yahoo.com,001-454-488-0873x6126
f574175b,Michael Brown,32,Other,Admin,PhD,2024-03-10,76000,ujohnson@mcdonald-williams.org,263-983-3504
d25697ad,Ruth Harris,45,Other,Finance,Bachelor,2020-06-02,111000,yadams@murphy.info,001-936-777-6398x572
3c9b3b84,Mr. Alexander Davies,47,Other,Admin,Bachelor,2022-02-17,54000,mrodriguez@gmail.com,(260)561-4189x23411
9997496b,Michelle Martinez,57,Other,Operations,,2025-07-28,35000,ffernandez@gmail.com,962-992-8425
187de0c5,Matthew Shea,57,Male,Sales,Master,2018-11-10,81000,johnsonchristian@carroll-harrison.biz,8763971910
1ff49f0a,Patricia Johnson,,Female,Marketing,Diploma,2022-02-03,59000,whitealexander@calhoun.com,389.280.7984
eaadcb2f,Vernon Walters,35,Female,HR,PhD,2020-08-17,33000,derekcooper@thomas.com,971-024-5199
e3dc8702,Nicole Andrews,59,Female,Finance,Diploma,2017-10-18,29000,victoriabonilla@padilla.com,739-316-9746
c85b811b,Janice Fuentes,48,Male,Admin,,2017-12-12,30000,michaelcooke@hoover.com,001-279-887-7909x182
cd693dab,Steven Perry,31,Other,finance,High School,2019-06-28,54000,jose25@hotmail.com,001-490-676-5336x33019
9c595e03,Bryce Francis,39,Female,IT,,2024-07-19,114000,wallaceperry@yahoo.com,+1-965-724-6746x8850
1a115f59, jennifer cisneros md  ,37,Other,Sales,Bachelor,2023-05-30,95000,mturner@johnson-greene.com,001-162-614-8152x1380
0d5d2f64,Nicole Herman MD,37,Other,,Master,2018-04-29,26000,williamgilbert@yahoo.com,(251)750-9422
66d4b394,Tammy Taylor,43,Male,,High School,2020-09-15,70000,uhernandez@hotmail.com,505-744-5500
693e5fcf,Bethany Frazier,40,Male,Operations,Diploma,2025-10-13,108000,mitchelljames@sullivan.com,+1-861-918-8025x405
c997f2fa,Debra Chapman,49,Other,Sales,Bachelor,2020-01-10,,shelley99@chavez-greene.org,779.055.4960x155
7412c272,Steven Clark,35,Female,Finance,PhD,2024-01-04,68000,uharper@payne.info,001-892-705-8874
6d98567e,Jay Walker,41,Female,hr,High School,2023-10-18,77000,scottbeth@davis-garcia.biz,001-333-565-5948x84755
19ed59a5,Hunter Yang,50,Male,HR,Bachelor,2016-06-15,73000,nfernandez@gmail.com,(413)260-4943x529
acffa99f,Sean Mendez,28,Male,It,Diploma,2016-02-02,102000,irobertson@gmail.com,(305)611-5272
84681060,Mark Hill,28,Male,Finance,,2024-03-12,30000,thomasleah@williamson-johnson.com,738.202.6407x6558
1ba651ed,Donald Johnson,54,Male,HR,Diploma,2016-11-09,86000,charles89@yahoo.com,001-039-858-7200x00234
b69aca1e,David Garrison,26,Male,Marketing,High School,2020-08-25,38000,susan97@crane.info,432-353-5575
d73d52ba,Eric Foster,38,Male,Marketing,High School,2021-06-06,112000,jessepalmer@gmail.com,(142)033-8337x908
204054fb,Stephen Taylor,50,Male,Sales,,2021-12-29,90000,scottstephanie@gmail.com,609-367-5845x769
5afaeb32,Robin Rodriguez,32,Female,Sales,High School,2020-08-20,53000,pdaniel@eaton.com,158-676-5111x7118
9ef01577,John Anderson,46,Male,,Master,2025-02-10,101000,sherrycervantes@gmail.com,001-129-871-6945x55481
233e84ac,Keith Casey,64,Male,It,PhD,2021-01-30,91000,ydiaz@horton.com,(443)222-0877
20afaf9e,Tanner James,42,Female,It,Bachelor,2025-06-25,59000,anna81@perez.com,+1-546-296-9347x21508
835c3541,Frances Aguilar,33,Female,IT,,2022-11-17,90000,znewman@yahoo.com,214-510-0973x520
5b951652,Clayton Jennings,40,Other,Operations,Diploma,2023-08-28,28000,srobinson@yahoo.com,0633388700
8a8864c7,Stanley Cain,48,Male,IT,Diploma,2020-04-23,48000,daniel61@hickman-lin.com,7901319850
7832b59c,Andrew Robinson,22,Male,Finance,PhD,2017-08-05,118000,edwarddaniel@yahoo.com,520-561-8741x851
4a832ab5,Rebecca Olsen,31,Male,,High School,2023-03-23,34000,tina61@hill-perez.com,+1-547-468-4733x750
8486b704,William Paul,41,Male,HR,High School,2023-01-20,95000,mackrenee@duke.info,+1-871-042-8832x227
250487e4,Arthur Bowen,26,Other,hr,Diploma,2018-01-20,113000,brian97@baker-perez.com,772-033-4828x9911
d1b60755,Timothy Schmitt,36,Female,It,PhD,2019-02-28,89000,jennifersmith@hotmail.com,001-827-697-2246x019
0dfabe46,Tammy Scott,30,Female,Admin,Diploma,2025-05-22,51000,sarah89@anderson.com,084.470.9452
f9fc9c3f, karen white  ,49,Male,finance,High School,2021-08-07,83000,duanehubbard@johns.com,001-253-614-7684x28388
3385db3b,Crystal Smith,32,Male,It,,2022-12-22,33000,robinsonwhitney@yahoo.com,+1-301-543-3470
30799b56,David Hall,52,Male,Marketing,Bachelor,2024-02-10,73000,tmartin@johnson.net,243-452-9278x63211
b11c7dff,Isaiah Gray,36,Other,IT,High School,2017-10-18,62000,kelseyrogers@gmail.com,001-851-339-3983x43784
b1420898,Angela Parks,52,Other,Operations,,2018-06-03,60000,mendezemily@gmail.com,374-834-4834x59961
90ebba12,Ronald Hernandez,29,Female,hr,Bachelor,2021-05-30,86000,amy79@hotmail.com,+1-403-873-0721x026
4cb4a7f6,Dean Harrington,59,Male,hr,Master,2021-12-28,84000,graynancy@duffy.com,+1-894-506-7550x576
1ad74fd4,Jose Lawrence,30,Male,Marketing,PhD,2025-10-09,108000,xosborne@hotmail.com,+1-534-434-6748
e9195919, arthur golden  ,33,Male,finance,,2019-07-24,115000,andersonmary@yahoo.com,022.259.6256x14768
eb821435,Adrian Morris,49,Male,Sales,Master,2021-08-23,61000,kristen21@gmail.com,(249)826-7753x9393
b176e71f,Jon Graham,47,Other,It,High School,2016-04-22,56000,jason61@reyes-myers.net,0344647911
36903edb,Cory Hale,44,Female,hr,PhD,2018-09-02,98000,nwebster@yahoo.com,+1-424-647-4000x5616
c4b27b21,Kathryn Brown,36,Female,Finance,,2023-06-18,68000,brightmaria@hernandez.com,846-487-0707
cea95510,Kimberly Hanna,50,Other,Finance,High School,2023-02-17,67000,gary38@santiago.org,+1-896-085-2232
667ae277,Daniel Miller,40,Male,Sales,PhD,2023-05-27,,haley54@yahoo.com,+1-623-409-1046x238
01b8c14a,Austin Perez,56,Female,HR,PhD,2020-04-13,76000,marcus88@burke-foley.com,506.509.4310x60486
5b9e75f4,Mr. Mark Landry,35,Female,,High School,2016-02-26,70000,torresbethany@hotmail.com,001-357-234-7964
247474b3,Robert Jones,41,Other,Sales,High School,2022-03-10,56000,christy84@yahoo.com,(900)947-8599x1136
a19f2485, andrew powers  ,42,Male,finance,,2020-12-03,90000,ywilliams@riley-velazquez.org,001-662-609-3331
5c230306,Erica Turner,26,Female,Finance,PhD,2017-11-28,113000,brandon21@hotmail.com,361.237.7874x618
32f9b771,Jesse Brown,59,Male,hr,,2018-06-08,38000,robinpope@marshall-lee.net,001-722-497-9584x23823
380cc838,Marissa Smith,24,Female,Finance,PhD,2018-05-27,37000,jerry29@clark.info,(567)543-0053x68545
2c9de90a,Samantha Douglas,23,Other,Admin,,2024-02-24,46000,reedanne@hotmail.com,297-724-8303
3ef7839f,Robert Jones,62,Male,,High School,2018-04-23,77000,jim41@osborne.org,597.553.4121x3291
2d1368f3,Cassidy Paul,47,Other,Operations,High School,2024-01-05,31000,douglasrobinson@taylor.net,037-229-1467x156
19e79a3d,Andrew Lopez,46,Female,It,Diploma,2022-07-23,77000,torreschristian@gmail.com,865-346-9328x98281
23226464,Tyler Reynolds,29,Other,Admin,,2021-12-06,59000,gregory12@hotmail.com,683.365.2808
e2901d96,Matthew Dunlap,,Other,It,Diploma,2019-02-27,107000,garnerkathryn@turner-nelson.net,754-017-2637x027
35d21dea,Alicia Nguyen,61,Other,HR,Diploma,2016-11-12,75000,thomaskenneth@yahoo.com,001-311-374-9596x6243
5ea0c503,Carol Yang,37,Female,Marketing,Master,2020-08-12,29000,gregorychad@davis.info,(449)959-6776
2bde3c78,Richard Johnson,27,Male,Admin,PhD,2022-01-21,51000,nhall@hotmail.com,615-031-5219
cc8cc291,Andrew Edwards,45,Other,HR,Bachelor,2017-09-22,73000,thorntoncynthia@yahoo.com,245.671.0681x5089
6f082598,Parker Knight,52,Male,HR,Master,2019-03-27,61000,flee@brown.com,(178)907-0916
1e559419,William Morales,62,Female,It,PhD,2020-07-01,53000,albert40@moore.net,4447461082
217bc29e,Christine Singh,22,Male,Operations,Bachelor,2017-07-22,104000,omccarty@gmail.com,081.026.9266x99295
8855817d,Chad Taylor,54,Other,Marketing,Diploma,2024-03-30,96000,ricardohill@yahoo.com,3982002844
516546ca,William Hall,36,Other,IT,Bachelor,2016-08-22,115000,mooreallen@miller.net,132.047.1324
a2da43a7,Bianca Ortega,33,Other,Sales,High School,2016-10-01,77000,cpatterson@yahoo.com,936.364.7692
c3595dc2,James Pena,31,Other,hr,High School,2021-07-26,94000,reginald98@hotmail.com,060.425.6120x471
dabc47ce,Matthew Austin,37,Other,finance,,2020-08-11,69000,wallen@johnson.net,697.033.9445x402
26087b53,Bernard Chang,24,Other,finance,PhD,2022-01-01,51000,wromero@miller.org,723.972.8218
a1243bea,Eric Walker,30,Female,It,Master,2021-07-10,40000,cpotts@avila.com,1942897826
205f9619,Darren Thompson,55,Female,finance,Diploma,2025-04-02,71000,bowersjanice@yahoo.com,815.228.8204
95866982,James Dudley,35,Female,IT,PhD,2019-11-23,67000,josephprice@deleon.biz,+1-977-638-0136x8465
ba303cce,Brooke Quinn,41,Male,Sales,Diploma,2020-09-23,83000,matthewjohnson@hotmail.com,+1-841-069-2276x41991
ca7ecb33,Ronnie Jenkins,44,Male,finance,High School,2021-10-22,83000,donaldbaker@weber.biz,908-781-3716
2adcecb5,Cameron Torres,47,Female,Sales,Master,2021-11-06,28000,fbyrd@gmail.com,9730511496
e1e669e5,Elizabeth Brock,51,Male,hr,Master,2021-07-09,92000,travisscott@reeves.com,7836185959
5fcfe711,Jessica Smith,45,Male,It,High School,2021-12-25,101000,devonvaughan@jones-powell.org,821.412.7492x571
2dd2d8c0,Jose Jordan,43,Other,finance,Bachelor,2023-03-15,93000,zsmith@hotmail.com,830-504-4566x739
868592d2,Patrick Blair,28,Other,It,Master,2018-12-27,30000,xking@bradshaw.biz,197-703-1272x7106
f4ac27ef,Heather Kim,41,Male,Marketing,Bachelor,2017-11-22,76000,patrickknox@yahoo.com,951.787.1258x0100
94c8a69d,Michael Weber,39,Male,HR,Diploma,2023-01-05,40000,joshuawalker@leonard.net,914.566.7684x538
ca665da6,Dana Stanley,39,Female,finance,Master,2025-04-18,82000,lukemyers@greene.info,159-576-7210
350b0860,Lori Thompson,61,Male,Sales,,2019-06-15,32000,evanskenneth@yahoo.com,196-206-5098
73bb84e5,David Sullivan,31,Other,HR,High School,2019-04-06,118000,daniel26@brooks-henderson.biz,128.849.6405x4315
37f5c238,Felicia Thompson,55,Male,Operations,Bachelor,2022-02-22,45000,richard30@johnson.biz,6894649177
6088825e,Tyler Watson,51,Female,finance,,2024-01-11,68000,nixonmichael@hotmail.com,163.062.7432
d7a998ea,Ryan Adams,42,Other,finance,Diploma,2022-11-08,96000,pittmanchristina@sherman-clark.com,+1-220-145-3645x125
15b2c2b4,Jeanette Moore,62,Other,Admin,Diploma,2022-11-09,82000,ujames@hotmail.com,364-448-9124x7853
4b88445a,Shelia Dixon,29,Other,HR,Master,2024-06-16,103000,ekennedy@torres.com,2092644976
3aeceaf8, jennifer evans  ,35,Other,finance,Master,2016-09-19,36000,timothycollins@hotmail.com,1104647202
83239ba9,Richard Wood,22,Male,Marketing,,2025-05-02,106000,meghanestrada@gutierrez.com,7955914987
737ea52f,Samuel Wolfe,43,Female,hr,PhD,2021-11-09,35000,khester@davenport-aguilar.net,229.165.2009
5e15433b,Shawn Waters,48,Male,HR,PhD,2015-12-07,59000,mlynch@yahoo.com,4907667042
45e49a9e,Tammy Long,27,Male,hr,Master,2020-12-05,33000,heather06@arnold.biz,(470)568-0664x0021
71127f4b,Mary Morgan,39,Other,,PhD,2025-09-04,39000,phillipsbenjamin@kennedy-rollins.com,001-864-236-4556x2542
136d6cce, melissa lyons  ,38,Female,Sales,High School,2017-05-11,115000,rgordon@hotmail.com,(650)630-4416
4b658517,Philip Gilmore,37,Other,Operations,,2016-04-23,42000,grayerik@jones-case.com,284.945.3525x610
8bf160df,Stacy Adkins,37,Male,Admin,High School,2024-05-08,29000,cristinasherman@hotmail.com,691.628.8750
46c3c90c,Dale Bartlett,30,Male,Marketing,PhD,2022-11-25,27000,chad20@yahoo.com,+1-865-062-9859x23297
1e5bc68b,Jasmine Bradshaw,55,Other,Operations,Master,2016-08-30,53000,kellydavid@gmail.com,(029)106-9743x649
8bc85d37,Brian Wells,60,Male,Admin,High School,2020-10-18,118000,tgilmore@yahoo.com,(773)159-6832x4082
acd3d56f,Jimmy Newman,35,Male,It,Diploma,2019-03-21,69000,wilsonsonya@yahoo.com,813-151-5194
bec62bbe,Tiffany Mcgee,55,Other,Operations,Master,2017-02-24,50000,dyeredward@lee.info,428.810.0639x3992
d86f4bb4,Courtney Nelson,57,Male,It,,2023-11-10,68000,pwatson@castro.org,1277602343
9aa1f98b,Donna Dunn,46,Female,Operations,Bachelor,2017-04-23,108000,mnorris@yahoo.com,+1-157-594-5113x43606
dae13a7f,Jessica Barnett,59,Other,Finance,Bachelor,2022-02-07,60000,michaelvelazquez@gmail.com,7713131437
8b0a4802, richard long  ,53,Female,Sales,Master,2021-05-29,32000,michael96@zimmerman.org,(325)633-7259x26675
c523b4e9,Elizabeth Ruiz,36,Male,IT,PhD,2023-10-28,84000,kellytrevino@yahoo.com,3151030076
58bce5e4,Lisa Goodwin,32,Male,Admin,High School,2025-04-24,58000,ramirezleslie@francis.biz,200.073.2723x420
f220eeb5,Rachel Jones,53,Other,Marketing,High School,2021-04-05,70000,jsmith@hotmail.com,095.124.7412
c1ff9427,Scott Nunez,62,Male,HR,Master,2018-07-01,44000,ashley43@bowman.net,543.654.2699x9845
a7728290,Ashley Prince,59,Other,Operations,Diploma,2017-05-22,40000,ericbrooks@brown-rodriguez.biz,8373769895
f394c60d,Christina Murray,25,Other,Operations,,2025-08-26,78000,carellano@gmail.com,(092)474-0100x42202
3a42958b,Alexander Drake,59,Other,Admin,PhD,2023-07-28,111000,scottwilliam@barr-oneal.org,585-365-4435
35ba5e93,James Ruiz,31,Other,It,Diploma,2025-09-20,118000,warnold@esparza-lowe.net,001-296-539-7642
9645dec1,Ronald Smith,36,Other,,Master,2019-09-27,29000,vpratt@stewart.com,(341)743-9711
77ff3c31,Joshua Henderson,55,Female,IT,Master,2019-08-06,58000,oprice@mitchell-gonzalez.info,001-611-433-9314x34398
5735773c,Mr. Michael Peters,31,Other,Operations,Diploma,2022-06-14,73000,brianphillips@gmail.com,885.342.6301
d8867545,Nicholas Berry,54,Female,finance,Bachelor,2025-04-04,60000,xkelley@yahoo.com,(779)409-0596x903
f1224f43,William Werner,49,Male,Finance,Master,2022-04-30,36000,ehamilton@gmail.com,+1-713-907-6838x4123
704d628f,Craig Tate,20,Other,hr,,2016-08-02,48000,raymond16@gmail.com,(111)369-7938x0619
07b4e684,Jessica White,34,Male,Finance,PhD,2019-12-05,119000,emily57@hotmail.com,001-015-525-6498x76748
dfae1803,Sara Goodman,27,Other,IT,Diploma,2016-12-19,,wbutler@hotmail.com,544.213.1705x89536
bce0caef,Mackenzie Price DDS,27,Female,finance,Bachelor,2022-12-13,72000,kcantu@clements.com,(457)762-3050x30510
a8aa454e,Jared Stark,56,Female,Finance,Diploma,2016-05-30,58000,andrecarter@hotmail.com,0102532581
39b9c13a,Brian Taylor,29,Female,hr,Bachelor,2024-09-14,106000,stephenjimenez@graves.com,963.317.7633
c0ac1c00,Shannon Chapman,40,Male,HR,Bachelor,2025-08-05,76000,colonrachael@weber-oneill.com,071-468-3881
b0c5d3d5,Alexandra Foster,51,Other,Sales,,2024-08-09,75000,laura21@yahoo.com,001-025-448-3062
9642b052,Kathy Ortega,54,Male,HR,PhD,2024-05-30,77000,denise58@hotmail.com,001-173-922-3065x177
083ed925,Ashley May DDS,63,Female,Sales,Master,2025-02-03,99000,leahhenderson@yahoo.com,001-241-170-3848
fa2c9e79,Edgar Stevens,41,Male,,Bachelor,2021-10-04,70000,haleyjohnson@yahoo.com,(817)479-1452x52031
9174f53b,Jocelyn Chambers,63,Female,,Master,2016-03-19,66000,bryannathaniel@hotmail.com,001-341-358-1880
e9eba9fe,Stephen Walker,63,Female,It,PhD,2017-04-18,43000,stacey73@hotmail.com,001-176-471-7944x0591
641118ec,Kyle Johnson,52,Female,,Master,2016-05-14,56000,cynthia79@fritz.com,987-355-5223x2742
f2dd85f6,Ashley Bell,27,Other,Finance,,2022-01-26,116000,lopezandrew@hotmail.com,(324)223-2069x068
62ed5403,Alyssa Morales,42,Other,,,2022-02-15,39000,kristasalas@lewis-jacobson.biz,(008)509-0301x86202
542ef29e,Latoya Nelson,26,Female,Sales,High School,2025-03-10,101000,xharris@hotmail.com,+1-841-854-2811x88726
a395b867,Pam Miller,25,Male,HR,,2019-02-24,30000,rmills@hotmail.com,+1-927-672-6494x088
2be26bd1,Dillon Nelson,54,Male,Admin,Bachelor,2017-02-17,93000,brandy64@yahoo.com,695.633.7144
2d798f3e,Maxwell Whitaker,36,Other,Operations,PhD,2017-05-18,44000,craigtimothy@adams.biz,189-565-9300
9a760ea9,Christine Jennings,21,Female,Sales,,2017-08-21,59000,wbarton@miller.com,(233)844-3896x334
32f194d8,Ashlee Williams,46,Male,HR,Diploma,2022-01-31,109000,lydiacampbell@yahoo.com,001-814-167-6450x78640
62c9f4fc,Rebecca Baker,24,Female,HR,PhD,2019-04-13,77000,hwilliams@chapman.com,+1-777-774-7142x272
4a85e443,Tina Hancock,62,Male,Operations,Bachelor,2018-09-30,42000,aoliver@yahoo.com,491-198-2623x081
7464d6f2,Daniel Jones III,62,Other,finance,PhD,2016-07-17,48000,gfrench@flowers.com,659.467.5739
02d3fb7e,Ashley Smith,39,Female,Admin,,2018-07-21,90000,theresagonzalez@hotmail.com,+1-540-927-0514x17161
e8e977f0,Matthew Garza,46,Female,finance,Diploma,2022-09-15,76000,kevinfisher@hotmail.com,249.069.0700
fd561b27,Patricia Williams,58,Male,finance,High School,2020-08-25,98000,paigewilliams@hawkins-gilbert.com,(424)598-9478
6b1d20b9,Steven Martin,,Male,HR,Bachelor,2016-08-16,71000,xmartinez@yahoo.com,+1-506-315-8628x5323
639509c4,Brittany Hoffman,54,Male,hr,Bachelor,2016-05-11,65000,jennifer70@moore.com,191.644.6776
34dbda6b,Sarah Frost,39,Female,Marketing,PhD,2019-01-11,70000,kelly64@yahoo.com,001-829-240-6542
4f4c3f0b,Joshua Johnson,61,Other,Sales,Master,2019-11-02,114000,wjennings@smith.biz,202-853-3380
aa2fd9d1,Sherri Guzman,53,Other,Finance,Master,2019-06-30,65000,amyconway@gmail.com,924.425.4662
9339304b,Charles Blevins,31,Male,finance,Diploma,2025-07-04,25000,mark78@ferguson-mcbride.org,001-999-788-3166x22458
33f60730,Deanna Woodard,28,Other,,High School,2023-03-05,29000,edwardmartinez@bray.com,001-604-885-7784x0884
757e2b43,Elizabeth Green,62,Male,Finance,High School,2019-12-07,69000,htorres@yahoo.com,511.099.2959
fdb7c107,Anthony Flores,28,Other,IT,PhD,2024-04-20,89000,daniellemiller@hotmail.com,956.792.2709x08660
d317d8c9,Antonio Woods,64,Female,hr,PhD,2025-10-17,104000,samanthadougherty@love.net,001-054-075-7627x9611
3f30ea12,Mrs. Sara Hebert,31,Male,Finance,Master,2016-07-10,63000,carlosporter@yahoo.com,(869)222-2074
91b8ff07,Thomas Reyes,55,Other,Operations,,2018-12-12,81000,ewarren@hotmail.com,(925)778-9827
76733597,Richard Garcia,56,Female,Marketing,High School,2015-11-04,101000,lloydcheryl@martinez.info,(770)740-6817x40638
1752815c,Angelica Simpson,42,Other,Admin,,2019-10-26,97000,joebaker@cooper.com,524-524-1411x77059
eb3cc270,Chad Thornton,20,Female,Operations,High School,2025-01-16,56000,russellrobert@velasquez.biz,361-856-2018
d7b73862,Emily Abbott,40,Female,finance,,2025-05-02,85000,kathleenhernandez@daniels.com,(114)516-7262x65961
641e7f8c,Chad Escobar,35,Other,hr,,2023-05-31,35000,youngandrew@cox.com,(350)232-3142x23548
d98f5e83, april arellano  ,54,Other,hr,High School,2024-08-16,119000,spierce@hotmail.com,1496091447
2df8d4a8, regina davis  ,32,Female,finance,Diploma,2018-09-07,72000,randy82@horton-turner.info,538.057.9411x33283
6e9c92ba,Casey Ferguson,28,Female,Marketing,Diploma,2016-11-13,111000,lancemitchell@gmail.com,841-093-6184x820
a8b97820,Elizabeth Taylor,53,Female,HR,PhD,2025-04-27,101000,nicholas61@hotmail.com,856-545-3426
1874ed7d,Mr. Raymond Lawson,43,Male,Finance,,2024-11-08,28000,christopherjackson@gmail.com,(570)346-2824
0b2d983a,Karen Hicks,21,Female,,,2019-05-24,74000,alejandro97@miller-gallagher.com,668-312-1136x9314
286e3f0a,Edward Patterson DDS,56,Male,finance,,2024-10-14,92000,zmorgan@mccarthy.biz,+1-277-349-1053x42132
89a92af3,Richard Miller,35,Female,,,2020-11-08,55000,salasmartin@gmail.com,001-997-267-9346x814
11162039,Kathryn Mendez,30,Male,Finance,,2020-08-14,72000,megannichols@brown.net,+1-593-100-2298x39606
e6f8dac3,William Martinez,42,Female,Marketing,Master,2023-06-14,83000,eortega@burke.org,181-338-2244x92442
69498671,Donna Wright,47,Female,HR,Bachelor,2024-08-22,69000,nelsonkimberly@miller.com,919-846-3637x5626
1f08f855,Gregory Wiley,61,Female,Admin,,2017-06-28,91000,ernest31@hubbard.biz,+1-121-362-1178x6434
c161b06c,David Mora,43,Other,Marketing,Master,2022-10-24,117000,lhenry@gmail.com,772-879-5228x736
c78e0272,Anthony Carlson,54,Other,It,Diploma,2023-07-03,64000,mooreperry@yahoo.com,792.301.3768
2a32e553,Matthew Price,44,Female,,,2023-02-26,104000,susanblack@brown.org,+1-582-225-3423
0b6d35d7,David Cooper,56,Male,hr,Diploma,2022-09-04,90000,erikbaker@gmail.com,(446)011-3235x0213
a38cc35f,Frank Todd,,Male,hr,PhD,2020-01-10,36000,latasha40@hotmail.com,(124)859-9027x367
763f56ac,Eric Jones Jr.,38,Female,IT,Bachelor,2020-06-11,41000,fhouse@yahoo.com,(708)694-2068x02828
663b4427,John Stokes,46,Other,Sales,High School,2018-02-05,110000,dennisliu@wilcox-haynes.com,105.303.1653x9331
09ab99a3,Julie Daniels,34,Male,Operations,Bachelor,2015-12-08,74000,arnoldkaitlyn@hotmail.com,001-216-913-8853x20888
b5878d33,Desiree Fox,35,Other,Operations,,2025-01-18,59000,linda59@phillips.com,579-470-6705x006
ab987d93,Jessica Munoz,58,Male,finance,,2019-10-04,104000,wjackson@fitzgerald-chan.com,+1-627-375-2090
761b7e11,Vicki Harper,46,Female,,Bachelor,2020-11-19,57000,rosebenjamin@wilson-moses.net,(413)679-7540x53194
a832a228,Mrs. Ashley Mooney,30,Other,Operations,Bachelor,2024-07-08,35000,msellers@walker-holmes.com,9679495936
700ea842,Gina Hayes,45,Male,Operations,PhD,2017-05-18,28000,edwardbaker@gmail.com,243.431.8021x30925
4775d7ab,Sylvia Clark,60,Female,Marketing,Diploma,2018-12-16,71000,obrown@yahoo.com,(663)174-4386x07303
d6a7aa06,Jonathan Tanner,48,Female,Admin,High School,2020-10-19,114000,betty57@gmail.com,639-591-1899
2d5f60d9,Cathy Little,59,Female,,Bachelor,2018-12-20,63000,kristinemendoza@hotmail.com,(184)833-2793x0783
bdcf6fd4,Christopher Powell,52,Other,IT,High School,2022-09-08,36000,lyonsjeanette@johnston.com,0665335672
abe05b22,Heidi Richardson,55,Other,Admin,Bachelor,2023-03-14,49000,fthomas@hinton.biz,(438)398-8924
45f3dc5a,Shane Alvarez,24,Female,IT,Diploma,2020-10-08,37000,yburns@alvarez.com,9111609145
2d8d7db8,Angela Trevino,25,Other,,High School,2023-12-24,119000,johnsongabriel@gmail.com,099.654.3175
e4872e77,Denise Combs,50,Male,HR,Master,2020-07-13,34000,nicholsalexander@flowers.org,057.769.8500
712ab8eb,Robert Hicks,50,Female,HR,Diploma,2018-05-02,61000,jenna19@herrera.com,001-073-590-0740x123
a2819fce,Jennifer White,43,Female,Operations,High School,2022-10-29,103000,veronicabyrd@hotmail.com,(664)927-5820x63661
a99c37b3,Michael Wallace,51,Other,finance,Bachelor,2021-01-08,80000,brianshort@hall.com,187.894.6529x9043
1a50a93c,Sherri Smith,25,Female,hr,Bachelor,2020-06-22,45000,allisonspears@gmail.com,(782)061-7569x87863
71a91c81,Robin Ortiz,30,Male,Marketing,Diploma,2016-04-23,39000,turnermelissa@harrison.org,(707)241-3344x5376
0c754a17,Megan Mcneil,34,Other,Operations,Diploma,2020-03-08,100000,figueroatimothy@rodgers.info,7755622923
33a51ac6,Ariel Taylor,34,Other,Sales,Bachelor,2023-09-05,99000,obriensteven@yahoo.com,527.797.5887x0644
e8a44238,John Jackson,61,Female,HR,High School,2025-04-22,105000,john99@lopez.com,+1-132-023-7558x767
041b1878,Ashley Bell,54,Female,Operations,Master,2019-02-07,52000,perezmichelle@yahoo.com,(017)219-8219x8396
03ba33a0,Candace Perez,31,Female,hr,PhD,2018-08-19,105000,amanda51@hotmail.com,(165)768-8988
ae11d3c2,Catherine Hawkins,25,Other,IT,Diploma,2024-03-21,25000,juan23@gmail.com,001-337-576-1182x1059
f5705436,Joshua Ruiz,54,Female,It,Bachelor,2023-03-09,77000,blake58@hotmail.com,815.382.5534x6169
d5dbcbee,Kelly Howard,27,Male,IT,High School,2022-09-18,25000,robin08@hotmail.com,005-402-5204x57947
b958d153,Linda Johnson,50,Female,Finance,Diploma,2019-11-16,26000,wallacewendy@beck.com,+1-481-636-1729x67178
833334f6,Andrew Potter,29,Female,Marketing,High School,2023-04-29,116000,zmitchell@hotmail.com,549-394-4477x243
529b20e0,Larry Wilson,26,Other,finance,Diploma,2021-05-14,79000,vbecker@porter-simpson.info,544.844.2390
9fea97cc,Richard Bush,51,Female,IT,Bachelor,2024-08-13,95000,sonyablake@hotmail.com,001-287-985-2673x698
6522e8b9,Hannah Johnson,41,Other,Finance,High School,2017-05-19,34000,ibauer@richardson.com,(942)989-7134
3b7f1998,Patricia Lee,43,Female,HR,Bachelor,2025-02-24,99000,mortonjennifer@gmail.com,3359782984
52c83bfc,Terri Pennington,26,Male,IT,High School,2023-11-14,55000,mhernandez@carroll.com,(755)718-4962
a76c11cb,Marvin Vargas,63,Male,finance,Diploma,2023-05-07,27000,christophercastro@gmail.com,2992598346
3677f5b4,Adrienne Noble,40,Other,Operations,PhD,2020-12-10,32000,pricechristina@hotmail.com,001-648-851-3930
a8702d97,Mark Boyle,22,Other,hr,PhD,2020-06-09,111000,rwilliams@peterson-greene.biz,+1-272-860-2773x05463
9fb886b2,John Hooper,58,Female,It,Master,2025-06-08,79000,johnjohnson@hotmail.com,+1-998-916-1905x811
e2ad828b,Julie Allen,21,Female,Sales,Master,2018-09-02,39000,hornshirley@gmail.com,379.743.0104
c47dd678,Joshua York,47,Male,IT,,2021-02-03,104000,ydelgado@rubio.com,189.120.0908
fd8fb938,Eric Howell,59,Female,Sales,Bachelor,2022-05-28,109000,michele71@robinson.com,+1-837-597-0263x5371
ca90001c,Michelle Rivera,47,Male,Sales,High School,2024-10-03,94000,gracejohnson@hotmail.com,750.139.6377x248
91b76c45,Louis Savage,52,Other,Sales,Master,2023-05-21,33000,james89@hotmail.com,001-650-736-3614x07252
18412e07,Philip Hodges,52,Female,Admin,Diploma,2017-04-20,116000,jessicastuart@estrada-reilly.com,082-416-9951x535
a180f402,Matthew Roberts,46,Other,Sales,PhD,2021-01-02,59000,jamesjones@fitzpatrick.com,384.474.1384
ecaf8800,Rebecca Roberts,31,Female,Admin,High School,2020-03-05,47000,johnhill@robinson.info,774-118-4287
2207cb65,Betty Johnson,33,Male,hr,,2022-05-02,87000,eburnett@hogan-wolf.com,001-738-248-7753x20900
c2ffd690,Jordan Peters,41,Other,Sales,PhD,2019-06-30,79000,gchase@dunn.com,197.814.7185x077
fa5f9e72,Alison Walker,62,Other,Finance,High School,2025-06-24,101000,sstewart@yahoo.com,490.250.6273
11489054,William Hansen,44,Female,Sales,Master,2021-07-01,101000,kristinetrevino@gmail.com,068.540.5444x553
e97f995d, allison cowan  ,22,Other,,Master,2020-01-16,112000,markssheryl@yahoo.com,313.322.8941x298
82d29bf8,Kevin Wilson,44,Male,Marketing,Bachelor,2017-05-12,45000,xevans@hotmail.com,001-765-354-7488x4708
80e022c8,Daniel Guerrero,58,Other,Finance,,2021-05-13,75000,aaron68@hotmail.com,(177)622-7158
03671560,Michelle King,27,Other,finance,High School,2021-06-02,73000,matthewmartin@gmail.com,112-771-0709
c249f59a,Cynthia Le,23,Female,IT,,2023-03-28,70000,adamgarrett@hotmail.com,(714)628-1118x796
3c847821,Alexis Olsen,50,Other,hr,Diploma,2022-08-30,46000,garciaelizabeth@burns.net,001-192-085-0102x643
3e59034b, tina melendez  ,38,Female,hr,,2021-02-02,119000,morabarry@patrick.com,+1-156-508-7079x774
2336d60b,Leslie Torres,29,Female,,Master,2018-04-02,113000,elizabethherrera@hotmail.com,+1-854-501-7075x93494
33b70b63,Kimberly Ramirez,33,Other,,Bachelor,2019-02-18,114000,egross@underwood.com,+1-682-776-5451x8307
a45ca94a,Nancy Flowers,50,Male,,Master,2020-07-19,99000,theresa69@yahoo.com,+1-365-127-9948x544
b9add00a,Jessica Walsh,46,Female,,PhD,2015-12-22,106000,julie18@williams-schneider.info,(255)635-6558x24305
71980a55,Heather Hernandez,40,Other,,Master,2018-05-25,42000,barry18@turner.biz,(096)733-7338
225f52ab,Kimberly Smith,59,Female,HR,High School,2022-03-31,75000,frederickfox@russell-leblanc.com,621.115.5691x53444
c976ec61,Anthony Rivera,35,Male,Operations,Bachelor,2025-09-21,57000,qrussell@finley.com,001-470-337-3052x22523
cab21438,David Avila,44,Male,hr,High School,2015-12-28,119000,monicaluna@gmail.com,813-505-6826x3282
d00dcc4f,Steven Miller,62,Female,,Diploma,2025-04-01,52000,yvonnegarcia@hotmail.com,001-070-672-0007x81611
3aa06694,Jeremy Davis,25,Male,IT,Diploma,2025-06-01,84000,wrightlisa@jones-moore.com,+1-094-837-0295x21221
57bd0ca8,Matthew Jones,60,Other,It,Master,2022-03-07,108000,rachel81@stevens-camacho.org,(921)465-5826x629
0dd7cac2,Kristen Taylor,44,Other,HR,Bachelor,2020-05-12,58000,ericksonnicholas@gmail.com,+1-470-313-2823x924
fd063a58,Alex Ramirez,43,Female,Finance,,2022-05-30,28000,garzastephen@durham.net,9851431649
b23f4738,James Austin,28,Male,It,Bachelor,2022-06-11,99000,james64@yahoo.com,344-049-6341
df69a560,Sarah Phillips,63,Other,Finance,Bachelor,2022-12-01,30000,jonathan37@wright.com,001-869-866-7634x452
2efcd60c,Raymond Porter,37,Other,Admin,Bachelor,2024-08-20,64000,nelsoncory@sullivan.com,+1-085-741-2476
108abb5c,Erica Walter,29,Other,Operations,Master,2016-11-19,25000,julieguerra@gmail.com,713.915.9076x29463
f42323d9,Douglas Lopez,31,Female,It,High School,2017-11-14,112000,watkinsalexander@rodriguez.org,(772)722-9264x98683
fdf48930,Stephanie Thompson,26,Female,Finance,Master,2024-12-12,33000,brettbeck@hotmail.com,8506720901
2024c407,Aaron Johnson,58,Other,,,2018-11-24,67000,sgross@turner.biz,913-374-3992
8c813e53,Michael Parker,22,Other,hr,High School,2018-03-02,93000,shannonsnyder@hotmail.com,001-483-021-0878x7044
3451cf94,Gloria Dunlap,49,Male,Admin,,2025-08-10,114000,daniellewells@yahoo.com,001-855-966-3338x746
6d1e0d7d,Brian Nichols,46,Male,Marketing,PhD,2018-04-13,58000,scottnathaniel@gmail.com,+1-919-303-1584x256
2a064fd2,Douglas Frye,29,Male,HR,PhD,2019-12-07,85000,judy62@gmail.com,429-383-1159
6c8c5d0e,Janet Flowers,61,Female,Marketing,High School,2018-02-13,97000,stephen66@brown.com,001-247-015-9807x2854
4d980202,Jamie Martin,,Other,Marketing,Master,2020-04-30,96000,lucasoscar@perez.com,001-789-410-9772x97130
f7bce0ef, jesse allen  ,56,Female,,,2022-04-30,43000,cindy40@collins.org,001-666-798-1267x5998
dcc7eb51,Connie Thomas,42,Other,Marketing,,2025-04-30,58000,ryan84@yahoo.com,+1-229-716-0877
f37599aa,Megan Carter,49,Male,Marketing,Diploma,2024-02-23,60000,ellen95@yahoo.com,(865)486-6299x8181
60b217f9,Daniel Miller,59,Male,Finance,,2018-02-19,95000,bward@gmail.com,826-924-3935x94109
6c35e33c,Tammy Taylor,64,Male,finance,Master,2018-12-17,77000,kellywilliams@fischer.com,001-083-777-5579x939
6ef54cee,Angel Smith,44,Male,Admin,Diploma,2016-09-09,118000,khananthony@howard.biz,001-683-309-3353x29610
f42973f5,Lisa Long,23,Other,Marketing,Master,2019-08-27,103000,george12@rodriguez.org,001-175-337-3899
c30dcc74,Melissa Greene,38,Male,It,Bachelor,2023-10-04,51000,jonathanlopez@hotmail.com,001-308-276-4127x7815
154ebf91,Brett Phillips,59,Other,Operations,,2019-05-03,93000,tammie19@valdez.info,+1-759-209-8520x27902
4cdbf99e,Charles Anderson,29,Other,IT,Bachelor,2019-09-20,55000,daniel37@clark.info,296.125.1031
8d87b7be,Jason Weaver,51,Female,Admin,PhD,2024-01-25,115000,trevor36@jones.info,(708)618-9078x77198
61652fd3,Susan Howard,56,Male,Operations,PhD,2025-04-17,34000,juliebooth@yahoo.com,886-615-4550x59550
48817b98,Christopher Sullivan,45,Male,IT,High School,2020-05-22,65000,amanda35@reid-montgomery.com,765-784-9699
7b189d5d, karen mooney  ,52,Female,Marketing,,2016-09-14,46000,joseph43@noble-roberts.net,936.872.8788x746
b7014925,Daniel Martinez,33,Other,finance,Diploma,2022-05-19,53000,pamelayoung@hotmail.com,307-189-4056x7647
ea879f65,Andrew Lewis,50,Male,Sales,Bachelor,2016-11-22,32000,bcross@yahoo.com,196.151.3359x467
dc956e31,Laurie Porter,39,Other,hr,Master,2019-04-08,115000,kevin25@morton.biz,(625)528-7528x787
5fcf5c22,Richard Nicholson,64,Female,Operations,,2024-07-22,111000,kimberlyrivera@berry-williams.com,732-643-5347x137
6a7330b3,Chris Butler,23,Other,Marketing,High School,2022-11-02,82000,riceaaron@yahoo.com,+1-915-112-4635x31470
be006ccb,Amber Ray,24,Male,It,Master,2024-03-02,51000,abigail54@smith-flores.com,+1-424-993-1780x01338
4eccb0ab,Christine Montgomery,56,Other,It,Bachelor,2020-12-01,111000,john04@yahoo.com,591-066-8448
123c6a29,John Munoz Jr.,40,Other,Admin,,2024-08-29,102000,franklinmichael@yahoo.com,179-172-0292
fe12ace5,Catherine Perkins,36,Male,Finance,Bachelor,2021-05-11,56000,brian18@hill.com,596.024.5038x9520
eea00af9,Brett Thomas,32,Male,Marketing,,2024-03-26,70000,michael70@gmail.com,812.643.3570x518
c350bf4f,Jamie Robbins,28,Other,Sales,,2024-04-30,45000,nicolelawrence@gmail.com,+1-157-923-1937x290
c571f9ab,Johnathan Palmer,64,Other,Marketing,Bachelor,2019-12-17,52000,ronaldsanchez@walker.com,058.100.6418x590
593c73f2,Wayne Parker,31,Female,Marketing,Bachelor,2016-09-03,57000,michael98@burton.com,001-332-023-7863x0142
a28e0841,Lauren Howell,49,Male,It,Master,2020-04-25,65000,fosterjacob@yahoo.com,001-117-734-8849x5409
0ec5bad7,Crystal Mitchell,48,Other,hr,High School,2021-05-29,75000,oliverrobert@buck-gonzalez.org,071.524.1050x47441
6c8de840,Monica Madden,21,Male,It,Bachelor,2021-05-18,70000,dbennett@newton-vasquez.com,7509206860
7a4c38ef,David Rivers,48,Female,Finance,PhD,2025-09-26,97000,michael43@key-trujillo.com,527.762.0090x036
5c85a58c,Julie Moon,24,Other,Operations,High School,2022-05-08,74000,charlesmoore@higgins.com,(802)746-4491x87627
073bca43,Angela Rivera,47,Other,,PhD,2021-05-03,68000,robinsontracy@mcfarland.com,(618)384-4637x668
25dbbe8d,Nicholas Massey,26,Other,,Master,2023-06-12,117000,yyang@guzman.org,+1-639-112-1447
f1bb5d9b,Richard Wilson,62,Male,It,Bachelor,2022-08-05,98000,sstark@yahoo.com,520.474.7032x426
3f569381,Peter Gonzalez,63,Female,Admin,High School,2022-02-15,57000,ghicks@yahoo.com,487-696-4768x3626
a9a0758e,Susan Mora,61,Male,finance,Bachelor,2023-08-19,44000,sharonhamilton@harper.com,001-414-124-6765x35893
1de20f2d,Valerie Patterson,62,Other,It,,2024-05-06,36000,tracykramer@reese.com,990.254.0437x89420
b62c09bf,Jeffrey Brown,51,Female,Marketing,Bachelor,2022-05-10,77000,james93@yahoo.com,604.978.3626x745
b4c0fd18,John Kemp,35,Other,Admin,High School,2025-05-09,48000,timothy38@yahoo.com,001-536-318-2425x8055
1491b51d,Calvin Bowers,29,Other,finance,Bachelor,2015-11-02,44000,lisa72@griffith-smith.com,(611)433-9725
e041f0a3,Brandon Graves,31,Male,Operations,Bachelor,2016-09-20,,adriana96@grimes.com,(290)606-9725x827
6d4772f8,Joshua Russell,29,Other,It,Diploma,2021-10-18,81000,austinsmith@franklin.biz,400.955.1509
802a63cc,Nathan Brown,49,Female,Operations,Diploma,2021-07-16,92000,henrywilliam@norris-cox.com,318-208-1380
e2fb8d66,Benjamin Wilson,46,Other,Finance,High School,2016-12-09,109000,garrettchristopher@hotmail.com,465-422-6957x56575
bbe30fd2,Joshua Ho,62,Other,,High School,2018-01-15,94000,fwalls@yahoo.com,001-649-501-8538
eca04629,Mark Woods,24,Male,,,2022-07-13,36000,imoody@torres-jenkins.info,376.379.7587x3527
1bf962a5,George Taylor,59,Female,It,,2023-12-13,75000,crystal11@mason.com,+1-409-709-0836x275
cc2b2f49,John Ryan,34,Male,Admin,Bachelor,2023-01-07,46000,christine35@hotmail.com,345-397-2779x9588
44de950f,Andrea Taylor,22,Other,It,PhD,2020-03-29,44000,megan89@yahoo.com,372.619.4697
bf8ff33e,Kellie Mitchell,53,Male,hr,High School,2020-02-23,29000,donald27@yahoo.com,+1-146-370-7315
01a4c2d1,Jennifer Buck,44,Male,,Bachelor,2020-04-16,43000,ramoskaren@smith.info,6182090892
7de1936b,Dustin Hernandez,30,Male,hr,PhD,2019-06-15,99000,robert63@crawford.com,277-781-1737x123
c6141017,Alex Johnson,29,Male,hr,Diploma,2022-11-05,63000,williamsonanthony@gmail.com,+1-391-808-0461
6ab62dbf,Jody Rogers,55,Other,Operations,,2019-08-13,32000,johnjohnson@lara.info,+1-905-053-6642x774
6e52b671,Laura Medina,43,Other,Finance,High School,2018-08-14,73000,priceraymond@gmail.com,+1-215-229-9572x16018
2fb7e9bd,Brittany Sanchez,36,Female,Admin,Bachelor,2023-09-29,51000,tiffany78@yahoo.com,2118135482
7c89617d,Christine Green,37,Male,IT,Diploma,2016-06-02,34000,daniel28@yahoo.com,+1-363-019-6425x9839
1c3892e8,Matthew Shaw,41,Male,Admin,Master,2022-01-20,119000,clarencekaufman@gmail.com,277-563-7540x6824
366b3575,Lonnie Martinez,56,Female,hr,Diploma,2022-10-17,98000,kayla21@hotmail.com,(345)456-5146x82988
bffa7a4f,Vincent Reeves,36,Male,finance,Bachelor,2017-08-17,111000,hopkinsolivia@yahoo.com,(585)334-4125x7791
311f5d4a,Matthew Harris,44,Female,finance,,2020-02-22,79000,ryanrodriguez@mccoy.com,993-708-6402
df223246,Jennifer Hudson,24,Other,Finance,PhD,2023-03-11,102000,patrickyoung@watts.com,001-597-706-5085x9859
e9b87e7a,Gina Clark,22,Female,Operations,Master,2021-11-03,58000,michael50@owens.com,181-452-7318x2438
a2ed50b9,Amanda Garcia,62,Male,Operations,Master,2019-01-30,104000,walkersamantha@gmail.com,454.211.6446
15f0e5ea,Seth Olsen,47,Female,hr,,2020-01-28,48000,reneepayne@hotmail.com,+1-162-633-9126
107380cb,Carla Patterson,52,Other,hr,Master,2020-02-09,42000,nbrown@sims-hall.com,785-253-1240x11171
3c1a8ce2,Jeffrey Glenn,35,Male,Sales,High School,2018-10-27,54000,zkoch@hotmail.com,872-927-6189x3775
c2b2547d,Shelby Wood,61,Other,Sales,Bachelor,2016-07-08,104000,qgreen@hotmail.com,+1-886-422-3129x993
441dde33,Katherine Holder,61,Other,hr,Master,2016-11-04,73000,ashley31@gmail.com,(756)973-1637x91401
aa528f85,Gregory Rivers,34,Female,,Diploma,2020-10-06,110000,rushnathan@ball.net,(784)104-6795
0ab74b5d,Katherine Davenport,20,Other,Admin,PhD,2018-05-14,86000,nicole95@patel.net,(631)351-9132x364
cab285dc,Emily Potter,52,Male,,Bachelor,2017-04-17,70000,qjohnson@hotmail.com,(072)406-4976
852393d7,Vanessa Green,26,Other,Operations,,2024-06-23,,eddiemcmillan@jones.org,773-117-1251x811
440dd09f,Edward Simmons,31,Other,IT,Diploma,2023-02-19,81000,geraldcortez@hotmail.com,+1-988-976-8991x862
c1c4f618,Robert Lane,60,Female,Admin,High School,2023-05-04,33000,shannon31@yahoo.com,001-431-387-2167x7150
56282768,Sandra Smith,26,Other,,Master,2020-01-20,31000,brownmarissa@gmail.com,001-092-110-1938x394
57d3ec63,Charles Smith,48,Female,,Diploma,2023-07-22,49000,joshuabrown@lopez-dixon.com,+1-423-896-7142x5470
3d563b0e,Carl Bradley,50,Female,HR,Bachelor,2017-06-30,57000,henry37@kim-hill.com,+1-967-608-8680x1107
660237ed,Joseph Cook,54,Male,Admin,Diploma,2022-01-26,42000,michelle17@gmail.com,799.649.1245
f9ad97ae,Robert Brown,48,Male,IT,High School,2018-02-19,101000,jonesmatthew@randall-gibson.com,001-968-982-8628x7956
ce67b962,Cameron West,,Male,Finance,PhD,2016-08-30,95000,mullennathan@hotmail.com,293.990.5981
dedbcef9,Johnathan Harper,61,Male,Finance,Master,2020-01-17,,ymyers@rogers-chambers.com,(114)922-4299
d5de293b,Francisco Johnson,57,Female,,Bachelor,2021-05-05,71000,kristahughes@gmail.com,119.441.2847x20620
0692fe02,Richard Scott,35,Other,hr,Master,2017-03-17,48000,ryanmacdonald@oneill-torres.info,251-744-4636x8924
87d75309,Sharon Jones,38,Male,IT,Master,2025-07-28,47000,lisamartinez@lloyd.org,001-452-678-8955x3833
c05e5ade,Elizabeth Melton,42,Male,IT,,2017-05-17,70000,christopher44@gmail.com,225-320-4178x8105
73b0e73d,Stephanie Lopez,40,Male,Operations,Master,2025-07-11,107000,joseph00@nguyen.com,001-249-043-9479x9828
deaeb0c0,Eileen Snyder,47,Other,It,Diploma,2024-10-10,117000,andrewbird@yahoo.com,+1-684-578-7429
a904babd,Shannon Donovan,40,Male,finance,Diploma,2021-09-17,92000,hortonbrittany@hotmail.com,001-801-481-3729x3290
a358c4d3,Monica Smith,62,Other,HR,PhD,2016-03-02,90000,kmurphy@hotmail.com,7213787031
527a9f7b,Valerie Sharp,27,Female,Operations,High School,2021-08-03,55000,craighawkins@johnson-mathis.net,981.673.4351
df996726,Shawn Brooks,55,Female,IT,Bachelor,2022-10-03,40000,cookrebekah@hotmail.com,+1-044-874-1865
bc5e3e2f,Doris Rios,28,Female,It,Diploma,2022-03-01,84000,eabbott@ibarra-hamilton.com,(083)581-9222
3bca7ff6,Dalton Santos,54,Other,Marketing,Master,2017-07-10,92000,ivasquez@hotmail.com,(880)848-4056x0686
bd3c83c3,Anna Chavez,55,Male,hr,High School,2019-10-21,34000,simonandrea@gmail.com,234-892-3358x666
592c6a0e,Theresa Mercer,46,Male,IT,Bachelor,2019-08-10,61000,dustin85@salazar-stokes.com,431-418-1958x9667
f104ad27,David Wallace,46,Male,HR,Bachelor,2021-03-09,91000,sarah15@gmail.com,(664)136-7726x8293
a888e7af,Brittney Brown,60,Male,IT,Bachelor,2025-02-09,42000,christopher88@hotmail.com,+1-372-406-5596x7276
19b7775f, michele stewart  ,61,Male,Admin,Bachelor,2021-03-27,110000,jameskrista@joyce-nichols.com,001-192-299-5428
9b6fbe20,Jennifer Ross,39,Other,Admin,PhD,2016-08-23,40000,hansenluke@hotmail.com,9883797854
deaf0fa9,Alexandra Gonzalez,42,Female,It,Bachelor,2025-01-16,36000,clin@yahoo.com,(509)223-0636x041
c8ecb641,Megan Allison,60,Male,Sales,High School,2017-04-16,114000,dominguezoscar@yahoo.com,001-449-200-4357x39253
08207d4e,Rhonda Simmons,58,Female,HR,Diploma,2020-04-10,,taylorclifford@gmail.com,001-639-228-6288x585
164b85f0,Austin Taylor,20,Other,It,High School,2018-12-28,25000,ginacastro@hotmail.com,494.841.3529
ff0dd3c2,Brittany Underwood,26,Other,,Master,2018-12-16,105000,steven39@yahoo.com,(641)467-4118x15686
77806788,Stephanie Cortez,45,Male,finance,,2018-12-17,89000,williamsroberto@yahoo.com,534-414-3997
f47e3ca0,Kathy Adams,40,Other,,PhD,2025-05-16,91000,garrettgary@yahoo.com,(935)676-8403
8a693650,David Oconnell,55,Female,finance,PhD,2024-04-26,39000,jeffreywolf@mendez.net,001-714-179-0734x8623
2ba17f78,Christine Mullins,45,Male,finance,Master,2023-11-23,27000,jessica60@smith-foster.com,888.704.0610
b32d3c81,Jerry Johnston,47,Male,finance,High School,2023-01-01,80000,rebeccaali@gmail.com,001-298-217-7769x564
fe4cefed,Richard Jackson,21,Female,Finance,High School,2022-10-15,96000,james62@gmail.com,001-479-397-0635x6606
edd32be9,Kimberly Sullivan,62,Male,finance,Master,2019-04-14,108000,james72@pham-salinas.com,+1-404-153-6590x4907
622c636f,Margaret Terry,31,Male,IT,,2018-12-19,46000,rford@hotmail.com,+1-154-251-8971x497
b81bda1d,Samuel Bowman,63,Female,Marketing,Bachelor,2024-02-19,25000,sharon73@allen.com,792.996.1313x710
f395c213,Thomas Macdonald,28,Male,HR,Bachelor,2016-08-10,90000,nicholas08@hotmail.com,001-910-756-2427x50249
aa5ca8cd,Linda Johnson,54,Male,Marketing,Diploma,2020-07-19,110000,robbinsann@elliott.com,+1-702-085-8279
a23036d2,Dr. Diana Espinoza,27,Female,Sales,High School,2017-12-28,49000,ramirezbeth@yahoo.com,465.641.2216
cba88a28,Sean Thomas,45,Other,IT,High School,2019-04-29,30000,brandytaylor@hotmail.com,(336)309-5785x413
394b5d35,Pamela Davis,52,Female,It,Master,2019-04-12,67000,pattersonstacey@hayes.net,870.305.3338x91210
ec814510, cindy williams  ,,Male,finance,Master,2025-02-13,56000,adamsrenee@smith.net,940-324-8900x5625
57dda51e,Stacy Smith,50,Female,Finance,Bachelor,2017-06-06,87000,bethhart@smith-hoffman.info,001-612-097-3321x7406
be332380,Gary Myers,43,Male,Operations,High School,2015-10-29,59000,hensleyleslie@gmail.com,001-575-616-7322x71548
a7674726,Richard Schmidt,47,Male,,High School,2022-08-23,27000,traceycampbell@gmail.com,113-023-3295x9278
f75c0751,Michelle Brown,25,Female,Admin,PhD,2016-06-28,46000,christinerobinson@davis.biz,+1-819-115-5192x50991
3bbdf80c,Claire Warren,21,Male,It,Diploma,2024-05-25,48000,lisa09@gmail.com,156.795.1735x9272
4a7d6fa1,Margaret Chandler,38,Other,HR,Diploma,2017-02-12,113000,dylan09@hotmail.com,(731)009-5503x490
5719d3e4,David Jones,38,Male,Marketing,Bachelor,2024-02-26,115000,holtwillie@raymond.com,(809)956-7362
302b0401,Dillon Brown,48,Female,IT,,2016-07-14,115000,anthonybryant@yahoo.com,+1-617-193-1516x64064
92a593c8,Steven Morgan,53,Other,Operations,High School,2016-06-13,108000,randolphjulie@reed-clarke.net,336-797-2743
50392a8c,Sandra Lee,53,Other,hr,PhD,2021-12-26,97000,rwalsh@stephens.net,(113)190-6244x043
bca6a6b0,Ashley Robertson,57,Male,hr,High School,2018-05-15,50000,jramirez@haynes.com,+1-738-178-3727x0447
970e287a,Eric Flores,45,Female,Admin,Master,2017-12-16,74000,jamesgibbs@waller-king.com,(101)493-8008
635d8150,Christina Weber,44,Male,hr,Bachelor,2017-03-09,102000,rick71@davies.com,001-066-065-7088
c572aa5b,Thomas Black,32,Male,,,2024-10-17,104000,icox@hurst.biz,136-105-9028x024
ef15b821,Douglas Rodriguez,35,Female,Sales,Diploma,2020-05-06,92000,gainesjoseph@gmail.com,1951589194
a9eb0bf9,Joanne Baker,36,Female,hr,High School,2021-09-30,103000,hamiltonbenjamin@moore.com,(796)506-3789x52527
1b493710,Timothy Johnson,63,Male,Admin,,2023-08-11,46000,garciarobert@sanders-singh.com,(972)106-5436x2473
da3465d9,Rachel Sandoval,47,Other,Sales,Bachelor,2020-10-28,32000,rileywhite@yahoo.com,504-103-2934x233
d0ef1299,Larry Benson,38,Male,,Diploma,2025-09-03,56000,bwhite@gmail.com,(519)768-7350x358
380a1bb7,Christina Miles,45,Other,Admin,High School,2022-09-18,58000,ylee@jones-johnson.org,553-545-8771
25bdab14,Brian Black,36,Male,hr,PhD,2021-12-15,73000,jonathan29@burgess-kaiser.com,4497985922
bf3f51d5,William Holmes,22,Female,finance,Bachelor,2016-02-27,47000,sgarrison@yahoo.com,(553)290-8966x901
d3e78237,Bradley Duncan,,Other,HR,High School,2021-06-23,111000,stacystokes@hotmail.com,(581)605-5457
51f4a724, janice kelly  ,,Female,hr,Diploma,2018-01-21,47000,rthompson@solomon-taylor.info,655-886-7978x795
b04816fd,Kelly Beck,44,Female,Admin,Diploma,2023-11-06,42000,warrenangela@johnson-rocha.com,001-349-209-7824
d900da4b,Austin Kane,63,Female,HR,PhD,2016-02-14,62000,nthomas@yahoo.com,+1-043-493-5022x809
a18e4440,Sharon Cook,38,Female,HR,Bachelor,2018-11-12,84000,jessica71@hotmail.com,(418)636-7377x93548
4a9f6c5c,Christine Lopez,41,Female,Sales,Bachelor,2021-10-11,48000,mfrazier@hale-farrell.com,001-307-090-0491
0f0e5767,Joshua Chapman,28,Male,,,2023-02-07,118000,stephaniegarcia@gmail.com,(412)804-8957
27177e59,Jeremiah Hernandez,29,Other,hr,High School,2017-06-05,48000,boyertammy@hotmail.com,316.979.2230x75265
d91b1cb6, jacob allen  ,59,Male,Operations,,2017-09-21,50000,carla90@yahoo.com,228.064.2043x36221
399e4d08,Matthew Townsend,59,Male,finance,Diploma,2020-09-24,55000,zacharywalker@carter.com,940-698-8352x007
ec5412b4,Diane Hughes,23,Male,,Diploma,2019-06-20,34000,kennethbrown@hotmail.com,+1-687-203-2143
db55daf5,Anna Whitehead,,Female,Operations,PhD,2021-03-08,92000,davidanderson@hotmail.com,+1-555-198-2216x72632
4c91ef0e,Frances Williams,35,Male,It,PhD,2024-05-15,56000,fishernicole@gmail.com,032-507-2718x09846
e9917f60,Kimberly Adams,40,Other,Operations,Bachelor,2019-02-04,42000,melissa95@baker.com,+1-997-939-8280x2562
05855672,Joshua Jacobs,52,Male,Marketing,,2016-07-24,39000,roy66@gmail.com,(237)629-6558x1742
6c24dcaa,Robert Frank,63,Female,It,Diploma,2021-02-09,34000,cervantesbobby@gmail.com,416-586-3447x832
592aa87b,Richard Peterson,59,Other,Sales,High School,2015-11-27,98000,cruzjohn@kelly-lane.info,(249)914-4301x4387
126301a0,Roger White,47,Other,Finance,Master,2024-01-13,97000,zstewart@yahoo.com,(364)764-3905x74459
4849032c,Jessica Castro,22,Other,IT,High School,2023-12-14,92000,qramirez@yahoo.com,+1-233-364-1909x3703
b37bdb99,Dawn Jones,23,Other,IT,PhD,2022-01-11,110000,csanders@yahoo.com,5010611289
18e9ef77,Parker Brown,29,Male,It,High School,2017-11-25,78000,kevindixon@stark-duran.com,169-781-6864x72081
ca9128fb,Shaun Wood,39,Female,Sales,Diploma,2019-07-23,48000,gabrielmaxwell@rodriguez.com,222.315.6874x232
0ddb0654,Brian Allen,53,Other,Sales,,2016-06-25,116000,jacquelinebrennan@yahoo.com,+1-128-318-4456
4dd7cb5c,Julie Lee,30,Other,Operations,Bachelor,2023-01-31,100000,davidross@gmail.com,001-425-822-6497
93c09687,Kimberly Elliott,44,Female,Sales,,2017-02-08,119000,ashley35@williams.com,001-107-142-1718x152
7b814ce1,Stephen Kirby,37,Male,Operations,Master,2015-12-26,57000,wdiaz@ross-brown.org,9418184786
35b33f54,Pamela Walker,63,Other,,Bachelor,2018-05-28,35000,timothygomez@ellis.info,(180)353-0682
32167340,Sarah Clements,25,Male,Finance,Master,2018-03-07,111000,christopher80@howard-schmitt.org,(753)365-8896x621
5cbad410,Julie Gillespie,25,Male,Marketing,Master,2017-08-25,44000,barrettsusan@yahoo.com,+1-011-427-4799x963
1a1940e4,Audrey Koch,44,Male,Operations,Diploma,2022-08-18,52000,daniel64@gmail.com,001-760-249-3282x8990
dbc21e42,Brenda Anderson,58,Male,Sales,Diploma,2025-02-25,74000,gregory20@byrd.com,+1-574-430-4915
fb924354,Marissa Dorsey,23,Other,HR,PhD,2025-10-18,46000,laurawolfe@ward.com,001-608-725-7550x4410
2b10a823, richard brown  ,39,Other,hr,PhD,2023-07-22,56000,robinjones@hotmail.com,524-278-4819x285
5b078b11,Bradley Jones,32,Male,IT,Master,2020-09-09,31000,hamiltonmatthew@gmail.com,+1-545-349-9729x2779
f1efa963,Michelle Ramirez,22,Male,Finance,,2021-07-27,65000,wilsonchristopher@hotmail.com,+1-542-025-9495x572
83f38f4e,Michael Burns,41,Female,hr,PhD,2019-03-23,100000,harrisamy@hotmail.com,255.097.5324
6f0eebef,Tracey Bailey,60,Female,Admin,Diploma,2023-08-16,92000,heatherharris@sanders.com,001-249-420-9625x7735
b8f91075,Sarah Holt,38,Female,Sales,PhD,2017-09-03,64000,eriley@barnes.net,(413)159-8666
1e69d7ef,John Todd,33,Other,Operations,Master,2020-08-09,97000,garciastacy@merritt-ortiz.info,469.196.6373x288
4d7d10f3,Rachel Berger,63,Female,It,Bachelor,2023-05-28,86000,fwilson@mendoza.com,625.842.0234x24422
2c281bbd,Megan Aguilar,47,Other,Marketing,,2019-11-14,37000,amygallagher@yahoo.com,001-991-724-4014x722
c69e17c9,James Mckinney,26,Other,HR,,2018-06-09,111000,hancockmichael@hotmail.com,(249)304-5981
abb558e1,Raymond Powell,59,Other,Marketing,High School,2016-07-17,85000,mwalker@hotmail.com,+1-150-497-8134
76b35303,Edward Lawson,37,Other,hr,PhD,2020-08-15,98000,davidpratt@cordova.com,(185)724-8723x9857
61d15db2,Jamie Bond,57,Female,HR,,2019-12-25,69000,jeanette66@price.com,+1-942-016-3159x9100
71f34593,Richard Smith,64,Male,finance,Diploma,2017-03-16,90000,christianperez@yahoo.com,(538)167-5289x77789
1ddb4f15,Holly Martin,46,Male,IT,Bachelor,2017-12-12,116000,hinesaaron@yahoo.com,001-451-007-4716x470
a43366c9,Diane Taylor,64,Male,Sales,Diploma,2023-05-06,76000,dominguezalbert@hotmail.com,414.247.9939
399557cb,Melanie Diaz,45,Female,Admin,PhD,2020-08-06,75000,jonathan75@gmail.com,001-561-967-7559x49583
fcc2ed18,Lori Krueger,22,Male,hr,Master,2020-01-13,117000,bsolomon@phillips-rodriguez.com,909.143.3187
b198047f,Ryan Riley,33,Female,Operations,High School,2017-04-12,30000,joe36@hill.net,357-022-6782x44347
97c6eb3c,Dana Hanson,53,Female,IT,High School,2018-11-09,104000,westmichael@nichols-rogers.com,6747169568
fffcff63,Alex Steele,55,Female,Admin,Bachelor,2022-11-03,107000,williamhansen@yahoo.com,(017)785-0774x21567
4c618a43,David Williams,,Male,Marketing,,2023-01-11,77000,jamesmurillo@saunders-tucker.com,985.260.8230
534234cf,Johnathan Davidson,21,Male,IT,,2022-10-18,34000,mendozajamie@hotmail.com,001-074-629-2640x614
dcb9d394,Terry Murphy,42,Male,Admin,,2021-10-11,48000,kglenn@sosa-chambers.com,(421)466-5188
67c3bd9e,Anne Jones,45,Other,It,High School,2022-07-28,82000,paulpowell@gmail.com,(222)615-7696
64cfd9b9,Susan Barnes,58,Female,It,Master,2016-07-14,111000,katherineyang@white.net,4952254170
c891c9c6,Andrew Morales,54,Other,Admin,,2018-10-14,89000,kyle01@hotmail.com,001-408-432-3752
105dd35c,Michelle Caldwell,52,Female,Marketing,Diploma,2019-07-28,50000,christophergonzalez@howard.org,+1-319-531-9210x68426
89fab5cc,Susan Harper,47,Male,Admin,,2019-03-23,106000,evan72@serrano.net,817-197-7980x53043
a6d5dac6,Tamara Harris,42,Female,It,Master,2022-08-20,81000,nicole59@smith-brown.net,0411956958
351c586a,Jordan Reeves,42,Female,Finance,Bachelor,2017-04-09,116000,kevin70@yahoo.com,6526749760
1e0914d2,Steven Greene,60,Other,HR,Bachelor,2022-11-03,34000,harrismatthew@hotmail.com,416.672.0170
b1f9ab31,Kelly Kennedy,22,Female,Finance,High School,2021-11-07,78000,josephreese@hall.com,601.724.1028x5630
727dda84,David Sanchez,21,Male,Marketing,Master,2021-07-31,42000,jason93@hotmail.com,134.682.5801x941
0a054950,Kathy Gutierrez,52,Female,,Diploma,2024-06-24,115000,sjohnson@brennan.net,(677)205-9380x20761
a71372ab,Sarah Shelton,41,Female,IT,Master,2016-03-05,62000,christinegreene@phillips.info,611-765-4630x44838
41bb0e0d,Christopher Mcdowell,41,Female,finance,Diploma,2022-12-02,108000,kristy56@hotmail.com,001-470-115-4890x88155
15a905b4,Zachary Simpson,63,Other,Operations,Diploma,2018-04-11,113000,elizabethbanks@jenkins.org,800.334.2804x658
4c6f9a45,Matthew Henderson,23,Female,Operations,Master,2020-01-23,109000,mharper@howe-wilson.com,001-640-940-5222x46288
2bee2fff,Joseph Collins,49,Female,hr,PhD,2023-07-09,93000,marco48@gmail.com,(252)675-3490x86013
a87d21ff,Deborah Small,59,Other,hr,Master,2021-05-05,34000,umartinez@hotmail.com,428.701.1899x7190
0bd18d4a,Virginia Jimenez,24,Other,Marketing,Diploma,2021-06-11,37000,lynndavid@hotmail.com,196.914.0843x645
e79524eb,Aaron Cochran,55,Other,hr,,2021-07-22,83000,poolejeremy@yahoo.com,073-298-1874x17312
88baef4a,Morgan Barrett,28,Other,Operations,Bachelor,2018-05-07,59000,lruiz@gmail.com,439.810.0404x097
7d8da92b,James Williams,58,Male,Finance,Bachelor,2022-12-17,64000,michelle01@west-terry.net,101.148.8424
e92915a3,Paul Tyler,25,Male,finance,High School,2023-07-29,25000,christophervargas@rodriguez-banks.com,(901)303-9335x3412
9b2e18c0,Kevin Hansen,57,Female,It,Bachelor,2018-02-28,80000,grace27@fowler.com,7411328428
b01c337e,Daniel Thomas,56,Male,Operations,PhD,2016-09-20,83000,mark12@hotmail.com,+1-642-009-5296x92069
0b73ca1c,Jennifer Pearson,39,Female,Finance,Diploma,2019-12-01,43000,martincynthia@hotmail.com,(753)481-3404
24444f64,Sherry Horton,38,Male,,Master,2022-09-10,45000,karen47@yahoo.com,545.502.5717x60146
371831f3,David Roach,21,Other,Marketing,Master,2023-11-06,27000,petermartinez@hotmail.com,(144)569-6915
8d548038,Susan James,40,Other,Sales,PhD,2016-10-10,79000,djohnson@fletcher.info,001-914-049-2867x9500
470367f7,Sandra Gonzalez,22,Male,,Bachelor,2018-04-01,116000,michaelbennett@lopez.com,(254)525-3121x8319
6c092d0a,Terry Brown,46,Male,It,Diploma,2023-07-15,81000,deleonteresa@hotmail.com,+1-643-278-8128x169
42bb8f63,Anthony Hoover,30,Female,,Bachelor,2021-02-21,111000,christopher62@hotmail.com,001-045-459-2088x1846
29cf4c70,Andrea Ramos,56,Female,Operations,High School,2017-09-19,88000,edward05@yahoo.com,001-744-985-9841x076
f1da833d,Aaron Shepard,54,Female,Marketing,Bachelor,2015-12-06,111000,jessecannon@hotmail.com,+1-608-968-0666
f0b0e729,Kim Williams,59,Other,HR,High School,2015-12-06,81000,kimberly52@burke.info,(320)665-9569x06527
3429ce3b,Vickie Hall,23,Other,Admin,Master,2021-11-10,53000,whitecrystal@hotmail.com,383-635-5998x06696
44f760a8,Diana Rogers,31,Other,,Diploma,2023-03-25,99000,ann55@yahoo.com,+1-936-100-1712x5066
a54427ec,Lindsay White,41,Other,hr,,2025-02-25,42000,mckenziemorris@rowland.com,001-072-875-7548x304
904ada37,Lisa Hall,48,Female,Finance,High School,2024-02-03,85000,carolinesandoval@hart.com,396-415-1425x621
82ece8aa,Michelle Schultz,55,Other,HR,Bachelor,2016-07-04,91000,ojohnson@francis-thomas.com,001-093-442-6174
d2524487,Brandon Townsend,43,Other,Marketing,Bachelor,2023-01-19,102000,alexandercharlene@gomez.info,+1-428-827-6131x75090
c9ac376c,Joseph Day,45,Other,Sales,Master,2025-08-26,107000,davidhenson@hotmail.com,+1-006-005-0026
f6c9dd38,Rita Taylor,32,Other,finance,PhD,2015-11-06,67000,inash@hutchinson.biz,+1-433-132-2557x065
4526ed62,Mark Meyer,54,Male,HR,,2021-03-25,107000,laura63@yahoo.com,9409489547
af194390,William Juarez,57,Female,Sales,PhD,2023-09-01,84000,pwilliams@gmail.com,+1-264-483-8303x361
5450c61f,Jimmy Terry,34,Female,Operations,Bachelor,2017-02-03,44000,hlong@contreras-brown.biz,+1-925-191-7564x3162
e8c44e4c,Jimmy Smith,40,Other,IT,PhD,2017-01-03,33000,beckermatthew@hotmail.com,+1-482-382-4308x363
2575dbd1,Mitchell Jones,39,Male,Admin,,2018-10-29,53000,cooktammy@gmail.com,+1-246-493-3993x492
460db751,Yolanda Johnson,39,Female,Operations,,2017-03-20,47000,amy22@hotmail.com,887-014-0738x78097
fabf8aef,Joshua Lewis,26,Female,Marketing,Diploma,2024-09-09,71000,cgross@gmail.com,317-479-1486
f3a80aa0,Dana Atkins,34,Other,IT,PhD,2017-05-09,78000,olivia00@gmail.com,001-960-071-9461
1f9deccd,Timothy Jacobs,49,Other,Sales,Diploma,2022-04-26,75000,smithnathaniel@hotmail.com,326.987.9664x912
e0218caf,Donna Taylor,60,Female,IT,Bachelor,2023-07-08,61000,pjohnson@davis-miller.org,(044)325-6944x7028
ce8a5306,Victoria Burgess,28,Female,finance,Bachelor,2019-03-31,90000,ascott@gmail.com,+1-758-001-4476
59518620,Jay Hall,50,Male,hr,Bachelor,2018-11-12,116000,simmonsstacy@yahoo.com,(238)193-7965
4830effe,Dr. Heather Johnson PhD,52,Female,hr,Master,2019-11-25,31000,ekeller@thompson.biz,8480198589
195c663b,John Mendoza,27,Female,Operations,PhD,2022-01-03,52000,nguyenmeghan@cook.com,490-935-9622x8540
51683612,Katrina Mendoza,35,Other,It,High School,2018-12-28,33000,rcastro@lopez.com,(782)637-3527x34334
2e408d57,Beth Schmidt,29,Female,Operations,,2025-07-27,92000,englishterri@wheeler.com,255.603.0208x0568
ad851456,Claire Mcintosh,50,Other,Marketing,High School,2019-09-15,98000,uwalsh@mcdaniel.com,2853471744
8d3a5b2d,Joseph Ortega,28,Female,Marketing,Bachelor,2019-09-26,91000,joseconner@decker.org,491-285-0406x1880
6714272a,Brandon Pena,40,Female,Finance,PhD,2016-01-31,72000,mcdanielsarah@gmail.com,717-861-5634x4254
4251d2f0,Rachel Martin,35,Female,finance,Diploma,2022-02-07,81000,xhodge@reyes-mcdonald.net,6043782217
b695c2bf,Carolyn Moore,22,Male,Marketing,High School,2020-06-09,58000,bfarmer@noble.com,+1-172-193-0590x6759
248607c2,Jeffrey Robertson,43,Other,,Bachelor,2024-10-23,73000,anthony11@hotmail.com,+1-256-673-4909x00477
44725ab7,Alexandra Lyons,39,Male,finance,High School,2020-08-05,63000,andreahill@mcgee.com,001-416-967-6781
a3a22f35,Mason Miller,55,Female,Finance,High School,2025-09-18,35000,hillrhonda@hotmail.com,674.997.6797x6814
c70c15e3,Robert Jackson,56,Male,hr,,2021-03-28,108000,jeffrey73@thomas.com,001-367-363-3334x189
6b1205aa,Margaret Lowe,,Other,HR,High School,2017-03-11,39000,kellyfletcher@wright.com,(091)448-9659
705faecd,Tracy Smith,43,Female,Finance,Bachelor,2022-12-03,101000,taylorjessica@hotmail.com,711.840.0027x54187
77fa7bbc,Kevin Stokes,54,Male,Finance,,2021-06-05,108000,swood@murphy.com,085.584.6528
f3dea9dc,Ashley Morris,35,Male,It,Bachelor,2023-11-06,71000,amandaatkinson@hotmail.com,(515)841-9551x5172
b7ed70cf,Karen Hernandez,59,Other,Operations,Master,2016-10-02,114000,ricky69@yahoo.com,1353080713
3a9048cc,Larry Crawford,42,Male,Admin,Master,2023-04-29,,rdixon@yahoo.com,309-469-2696
1641d960,Joshua Lopez,20,Other,IT,Master,2025-09-11,88000,natalieharvey@bradley-lawrence.com,(012)028-2501
c544a049,Tina Patel,58,Female,It,High School,2020-11-06,45000,tammysanchez@king.org,055-996-9737x42067
a27a2bda,Thomas Sellers,33,Female,hr,PhD,2019-01-02,38000,adampearson@hotmail.com,001-351-276-1286x351
3d730c3b,Donna Mejia,50,Male,Sales,Bachelor,2018-04-09,107000,shawn84@yahoo.com,(140)556-8429x62835
9347f486,Travis Hughes,57,Female,Sales,Master,2017-08-22,90000,lisahall@velasquez-wells.com,(555)355-3969x772
492d85a7,Mr. Kenneth Ashley,24,Female,It,PhD,2024-10-12,37000,samantha02@hotmail.com,264.181.8347
ceefd2c9,Tyler Roy,,Male,Marketing,Master,2019-08-31,96000,francoyolanda@hotmail.com,001-002-539-4689x596
f2ca2002,Heather Davis,41,Female,hr,Master,2016-05-06,42000,nortiz@johnson.net,001-089-538-7722x42884
eeb47b07,Angela Wilson,57,Male,,PhD,2018-04-26,63000,thomasbrown@williams.com,7080164876
7f702973,Kelly Williams,35,Other,Marketing,Master,2020-06-01,27000,helen44@yahoo.com,507-258-9774
ad411244,Heather Williams,52,Other,Marketing,High School,2018-10-21,56000,michaelharrison@mcpherson.com,001-043-968-4703x11813
1febc9af,Catherine Nelson,59,Other,Finance,High School,2022-07-15,66000,rubiochristopher@hotmail.com,9184514309
30afe613,Catherine Gould,47,Male,hr,,2020-04-23,60000,jessica26@yahoo.com,286-928-7614
01ddc628,Stacy Bailey,27,Male,IT,High School,2022-10-24,89000,russellmichael@trujillo-thompson.com,(359)055-0424x617
88c982ec,Anthony Hall,31,Female,Marketing,Diploma,2024-10-14,50000,patelwilliam@meyer.biz,+1-826-960-2697
fe85544c,Charles Gonzalez,24,Female,Admin,,2021-06-27,68000,parkerstephen@yahoo.com,(366)723-7478x4327
eba332b1,Nicholas Hernandez,24,Female,finance,Master,2021-06-06,104000,guywood@mccormick-oconnell.com,(670)159-8902
f1e7ada0,Amy Hunter,38,Female,,Diploma,2017-09-04,73000,anne54@hansen.info,1365488359
0ad7d77c,Amanda Hill,21,Female,,Bachelor,2025-07-22,118000,stevenhensley@rosales.com,596-308-9578
2b24ef63,Tracy Morales,35,Male,Marketing,PhD,2016-03-20,86000,cbernard@davis.com,135.055.2070x300
c3828725,Haley Cowan,30,Male,Admin,Bachelor,2018-03-24,29000,kimberlyterrell@yahoo.com,+1-548-303-0523x26356
2cc09f87,Samuel Russell,63,Other,finance,Diploma,2016-05-21,118000,markstephens@neal.com,433-671-0195x1418
22212e52,Bryan Castro,,Other,HR,High School,2020-12-24,90000,benjamin07@yahoo.com,812-431-2755x756
0d08367e,Stephen Smith,35,Other,Operations,Master,2016-12-20,90000,ltaylor@yahoo.com,001-793-770-6661x2987
2ba4d656,Margaret Smith,21,Other,Operations,,2016-11-25,82000,warrenwilliam@sherman.com,001-879-943-3854
56847457,Dennis Thompson,44,Male,Operations,Master,2021-04-18,36000,wwyatt@hotmail.com,(999)955-7965x149
d4ec0595,Michael Taylor,33,Male,Finance,High School,2020-12-25,44000,elizabeth95@nichols-schultz.info,680-104-6745x7719
db992f51,Laura Cox,54,Male,,Master,2025-01-22,87000,douglas37@sullivan-moran.biz,933-831-8348
7bae0f3b,Ricky Reid,50,Female,Sales,PhD,2024-05-19,60000,davidbrooks@yahoo.com,+1-486-638-8815
00926d61,Melissa Nguyen DVM,50,Female,Sales,PhD,2016-05-10,103000,fjohnson@gmail.com,3785857384
64c46086,Renee Farmer,22,Other,Finance,PhD,2021-03-05,108000,wlewis@combs-clark.com,(431)056-6624x227
edda1677,Tracy Woodward,36,Female,Marketing,Bachelor,2017-06-23,71000,jwilson@gmail.com,176-208-1920x578
83f9b580,Jason Waters,37,Male,hr,High School,2016-08-25,79000,ywhite@hotmail.com,001-542-224-2501x34987
ef775124,Anthony James DVM,61,Other,hr,PhD,2019-07-26,67000,timbaker@hotmail.com,(322)865-2041x38779
d92d9519,Heidi Torres,53,Other,Operations,Diploma,2019-01-14,36000,george85@parks.biz,030-510-5094x97725
0182144d,Colleen Rivera,58,Female,It,PhD,2020-08-21,27000,traceyjones@gmail.com,029-982-9382x3204
4c60b543,James Patterson,32,Other,hr,,2022-06-16,118000,jessicamorse@martinez-mendoza.com,459-102-7489
59875c7d,Kimberly Carson,51,Female,Marketing,Bachelor,2022-01-04,96000,susan85@king-bell.com,524.361.6966x2890
66edef30,Shane Gonzalez,32,Female,It,Diploma,2020-01-06,56000,robert40@yahoo.com,(968)313-0998x78627
6e4928ac,Debra Gonzalez,52,Other,HR,High School,2019-08-13,60000,sullivanjason@yahoo.com,001-922-130-1723x739
8772df4a,Patrick Perez,22,Female,Finance,High School,2022-11-20,76000,megan70@gmail.com,342-120-6255x280
6924e248,Heather Payne,42,Female,HR,,2019-04-03,47000,jefferywillis@bray-andrade.com,822-710-9055
01c4e229,Christopher Butler,47,Female,,PhD,2019-11-07,112000,andersonrenee@lara-nunez.com,001-449-141-3798x374
4008d4da,Jeffrey Myers V,37,Female,hr,Diploma,2015-11-29,74000,steeleamanda@yahoo.com,(791)533-5303
5fd2bec3,Christian Valencia,24,Other,finance,,2021-03-03,64000,goodwinjennifer@hotmail.com,499.660.8756
e466c937,Kaitlyn Warren,51,Male,Operations,Diploma,2024-01-01,52000,gwilliams@smith.com,(255)618-0215x8390
44fcc054,Jordan Lynch,58,Male,Finance,PhD,2022-01-24,82000,jimmy87@yahoo.com,599-278-9383x160
a801f15e,Raymond Santos,37,Female,Operations,PhD,2020-12-12,63000,nicholasgeorge@galvan-perez.org,(448)741-1167
23cecf1e,Lisa Robinson,,Female,hr,Master,2019-02-03,74000,fbeltran@hotmail.com,001-652-432-6543
017cc74e,Darlene Sanchez,23,Female,IT,Master,2023-09-20,73000,williamsnathan@hotmail.com,674-013-4287x2212
b58f67b6,Jessica Harper,45,Male,hr,PhD,2016-09-12,59000,barbara46@yahoo.com,(611)238-4769
48ef30ff,Joseph Kelly,34,Female,Finance,Bachelor,2015-11-07,102000,ymosley@jackson.org,+1-901-374-7932x435
6bca4f86,Rachel Flores,24,Other,It,,2025-08-17,83000,richardwebb@hotmail.com,(348)629-7734
08175dd0,Zachary Johnson,58,Other,Sales,Master,2024-12-28,41000,lbrown@yahoo.com,492.850.6360x683
f2c8c25e,Derrick Ford,31,Other,It,PhD,2020-08-05,43000,btaylor@ingram.net,+1-205-322-6577
fba13732,Alejandra Ellis,53,Male,Finance,Diploma,2017-10-31,28000,steven33@gmail.com,(079)648-7334x9291
7d338ca2,Thomas Chang,37,Female,Admin,,2022-09-13,41000,haynesjanet@gmail.com,001-389-419-9428x870
ae864837,Latoya Terry,30,Female,It,Master,2020-04-13,63000,perezmegan@yahoo.com,(686)557-0917
c0476d80,Thomas Burns,34,Female,finance,Bachelor,2019-10-08,,xjohns@mora.com,196-140-4503x8724
665e467f,William Edwards,61,Male,hr,,2023-06-21,42000,cooperkristin@walls.biz,548.892.0612x532
bdecb67a,Tammy Estrada,28,Male,Admin,,2023-06-09,110000,aaron66@johnson.com,074-361-5845x6463
21a496a8,Abigail Hart,43,Male,Sales,High School,2016-05-12,49000,armstrongjulia@gmail.com,172.678.8706x7070
caef3c9e,Javier Rogers,38,Male,Marketing,Diploma,2018-04-18,52000,ricejames@gmail.com,930.662.7476
581848c5,Ashley Johnson MD,49,Other,Marketing,Bachelor,2017-06-06,82000,james66@gmail.com,574.110.2086x13833
af374e8c,Abigail Riddle,22,Male,finance,Bachelor,2023-09-01,86000,andre18@gmail.com,957.825.0303
d4701dd2,Cody Hart,62,Male,,Bachelor,2015-12-25,106000,nancy37@yahoo.com,+1-372-578-4090x2638
98daae8c,Greg Dyer,41,Male,finance,Diploma,2020-05-20,85000,llucas@jones-martin.biz,+1-001-137-0807x9819
7aededf4,John Baker,20,Female,finance,Bachelor,2023-04-20,71000,andersonbryan@moore.org,+1-001-424-3163x4089
15263fef,Megan Hall,40,Female,finance,High School,2016-11-05,85000,amyclark@vega.com,001-197-459-1857x4482
9e1be56d,John Garrison,55,Female,finance,Master,2017-09-10,41000,sguzman@valentine-perez.info,474-841-2380
2fd6129a,Chelsea Salinas,26,Other,finance,Diploma,2018-12-05,89000,vdodson@hotmail.com,272-050-9142x236
1d71f339,Ashlee Thomas,25,Other,HR,Bachelor,2021-08-07,50000,smithbrittany@yahoo.com,636-435-1536
b371d64d,Laura Hill,32,Male,Sales,PhD,2018-09-07,29000,anthonymartinez@yahoo.com,+1-922-115-2082x74810
6ddd5c02,Jennifer Lopez,21,Female,Finance,Master,2025-03-09,93000,leepaul@hotmail.com,430-947-8451x984
c86022c4,Dennis Arnold,34,Other,It,,2019-08-11,82000,leejoel@gmail.com,258-427-5814x911
baff361a,Jamie White,37,Female,hr,Diploma,2019-05-30,29000,michael25@yahoo.com,159.938.8864x6636
304c9c7b,Ashley Williams,36,Other,Admin,PhD,2025-06-02,54000,lisa28@yahoo.com,+1-623-853-4021x87376
a1001bc8,Danny Lee,34,Other,finance,,2023-10-22,117000,christopher36@harris.biz,502.371.7821
1ed68b71, hayley carter  ,26,Male,,PhD,2017-05-16,79000,jasonlopez@lewis.com,453.314.5321x580
461bcbc3,Debbie Sherman,51,Male,Operations,Bachelor,2023-06-10,77000,martinezdiana@vasquez.biz,+1-148-320-2969
256df639,Rebecca Colon,30,Other,hr,Diploma,2024-12-20,108000,huntjulia@gmail.com,842.609.0620x1335
331bd602,Lauren Nguyen,29,Male,Operations,Bachelor,2022-03-01,64000,jessica22@cervantes.com,750.164.9369x392
615eca80,Max Leblanc,23,Other,Admin,,2022-04-11,41000,elainewilliams@richards-lewis.com,(852)343-0087x3128
b33d9c7c,Hunter Campos,45,Other,Admin,High School,2024-10-20,110000,burkemadeline@black.org,7271683502
38c6430f,Jesse Johnson,30,Female,hr,PhD,2017-08-23,46000,bshort@smith.com,+1-971-671-4445x505
0fb49d98,Brandy Lopez,35,Male,It,High School,2023-07-11,115000,gardnerjoseph@gmail.com,(170)564-0682x8670
0d394b57,Jennifer Gonzalez,24,Male,,,2022-03-29,59000,iwhite@gmail.com,6263560130
5d13539c,James Cuevas,51,Male,HR,Bachelor,2023-05-12,48000,coxamy@yahoo.com,001-646-788-7422
b62a7941,Brandon Stewart,23,Female,Marketing,Master,2022-03-07,30000,dmason@yahoo.com,242-534-8669x7811
e525aeaf,Victor Ball,46,Female,Admin,PhD,2016-06-04,105000,whitejustin@yahoo.com,+1-750-816-7795
00231f70,Nicole Juarez,32,Female,It,Master,2021-10-31,43000,sarahdouglas@hotmail.com,332-453-9533
5256f928,Brian Mullins,23,Male,,Diploma,2017-05-28,28000,willie09@gmail.com,001-212-919-9813x852
47b885fa,David Wilson,51,Male,Admin,PhD,2024-03-13,41000,gilmorebarbara@yahoo.com,(511)607-6471x733
6e4ff4a4,Mary Myers,59,Male,IT,High School,2019-10-30,56000,tonya24@hotmail.com,(368)515-1649
7dc4f12b,Marc Brown,37,Female,Marketing,Master,2025-05-17,102000,turnerpaul@pierce.biz,+1-201-049-1210x44768
1c8d23b4,Angela Collier,40,Female,Admin,,2019-11-12,58000,rogerscindy@duran-brooks.net,858.059.0933
aed690cc,Richard Young,23,Other,,Diploma,2016-04-26,88000,brian34@jefferson.com,001-427-105-0908x97171
215bdef5,Gabriella Jones,20,Female,Admin,PhD,2016-12-22,86000,mgibson@campos.com,562.754.2431
cf5e7840,Teresa Collins,48,Other,Operations,,2016-10-09,108000,qbrown@gmail.com,001-632-540-4365x11238
96c2e045,Gary Gilbert,57,Male,hr,Diploma,2021-09-15,95000,lhoward@russell-miller.com,015.024.3406x779
3cfe18e9,Brenda Nicholson,22,Female,hr,High School,2021-12-23,94000,hprice@hotmail.com,001-185-438-1150x74209
959677e9,Michele Barnes,51,Male,It,,2017-03-24,64000,warrencatherine@hotmail.com,418-965-2369
1b3ac54c,Robert Meza,31,Male,Admin,PhD,2022-03-28,73000,emartinez@gmail.com,(304)763-3985x8340
9a11ddf4,Cindy Harrington,38,Male,,Diploma,2025-02-15,53000,davismisty@gmail.com,566.131.3784x3260
f7e47c8c,Kiara Hawkins,25,Male,Operations,Bachelor,2019-01-07,61000,margaretmorgan@butler.com,3429286149
d141b9e4,Elizabeth Cooper,33,Female,HR,PhD,2020-01-03,58000,gregoryhodges@yahoo.com,(917)529-8969
721df83c,Mary Santos,41,Male,HR,PhD,2017-01-19,89000,keith60@nelson.net,(185)028-8703x3736
f11afc00,Jacob Cabrera,32,Other,Operations,PhD,2024-02-08,69000,pateltyler@yahoo.com,652.594.6960
4d2d8efd,Jacob Trevino,41,Female,Finance,PhD,2019-05-28,31000,scott82@yahoo.com,314.094.4036
c2d01c42,Christopher Bowen,37,Male,,Bachelor,2022-03-12,91000,rgeorge@reid.org,+1-841-923-4385x6390
27571245,David Ruiz,47,Female,HR,,2020-09-09,60000,deborahwilliams@yahoo.com,001-752-503-7776x5850
6b0ffa79,Jessica Owens,38,Other,Finance,,2024-04-19,108000,marshalljoshua@yahoo.com,+1-336-665-3844x2621
e43f05c8,Amy Higgins,47,Male,,,2016-04-10,36000,jamesfitzpatrick@hotmail.com,438-530-4188x71170
d89939ba,Alexander Mitchell,42,Other,Operations,High School,2024-08-18,96000,floresmatthew@gmail.com,(339)218-5370
58eb3e59,Steven Boyd,36,Male,finance,Bachelor,2020-03-08,68000,jamieochoa@lin-kidd.com,074.272.2880
a13ecf15, maria wright  ,28,Other,Finance,Bachelor,2020-11-25,52000,theresatucker@yahoo.com,+1-680-759-3839x263
6fa5f03f,Jacqueline Herman,59,Male,Finance,Diploma,2016-07-14,64000,colinpetty@yahoo.com,(503)868-2760
861550f6,Andrew Delgado,26,Female,It,Master,2022-05-12,79000,andrew26@mckenzie.com,+1-398-034-9852x057
ca77736e,William Webb,44,Male,Admin,,2021-10-05,111000,tammy26@gmail.com,647.715.0273
462e9af3,Marvin Flores,47,Female,Sales,Master,2020-11-01,39000,samanthawilliams@frye.com,(224)309-4581
4a26eb59,Michael Wilson,28,Male,Sales,Diploma,2021-11-02,35000,jrobertson@yahoo.com,8585825394
0f9027d5,Julie Martinez,35,Male,,Bachelor,2018-05-04,89000,tammywatson@yahoo.com,881.847.8499x3688
30b05a0b,Toni Lamb,20,Other,Admin,Diploma,2021-06-25,85000,bradychristopher@barnes.com,762.650.7649
7eba0464,Cindy Martin,24,Other,hr,PhD,2025-07-06,42000,juliawilliams@hotmail.com,972.390.2709
8373edf3,Jeffery Jennings,23,Other,Marketing,Diploma,2019-04-01,53000,annette74@dunn.net,001-485-454-1491x168
70100d7e,Anthony Gordon,46,Male,finance,Diploma,2022-01-26,39000,wmiller@wilkerson.org,001-768-304-0495
8fffe845,Luke Moore,59,Male,Marketing,PhD,2023-09-30,111000,jodycastro@gmail.com,001-583-192-9273x02945
9b72a9fe,Danielle Bradley,23,Male,Finance,Master,2016-03-01,36000,rhale@gmail.com,849.309.4216x5931
00ebf725,Frank Robinson,36,Female,IT,PhD,2024-04-06,92000,chall@hotmail.com,(399)000-8119x776
9794b389,Richard Wilson,44,Female,HR,High School,2022-04-20,46000,wwalsh@stewart.info,(071)974-6294x292
edba84d1,Chad Palmer,38,Male,HR,Diploma,2022-01-26,85000,dmitchell@collins.info,759-039-0138
80fa3363,Aaron Schneider,59,Other,Admin,Diploma,2015-11-30,54000,rbaker@gibson.org,128-453-7326x377
4242fc5c,Kurt Montgomery,45,Other,Sales,Master,2025-08-10,76000,pjones@coleman.com,430.354.4437
4bde7d88,Jacqueline Gonzalez,30,Other,IT,Bachelor,2020-03-28,40000,riverajoseph@rivas.com,554.370.6954x5959
1e7d8f7b,Evan Smith,25,Male,Admin,PhD,2022-06-20,72000,bbeck@yahoo.com,(114)499-5006x00022
8897c497,Abigail Parsons MD,21,Other,Finance,Bachelor,2018-11-11,72000,marilyn58@berger.com,(856)646-0328x770
a3bdd4d6,Dana Snyder,28,Male,IT,High School,2016-01-04,90000,michealwalton@ross.net,645-296-7824x98434
471b0cc7,Stacy Garner,52,Female,HR,PhD,2023-10-12,49000,vflores@yahoo.com,+1-816-528-0773
df96048a,Gregory Brown,43,Other,,High School,2024-12-13,36000,cameronjustin@gmail.com,001-451-302-5626x08359
fae2d4a8,Kathryn Chavez,53,Female,Finance,High School,2021-04-01,61000,hgarza@cook.org,994.409.7279
35c0c003,David Maxwell,34,Other,Admin,High School,2023-01-14,45000,ysloan@hotmail.com,684-953-3005x068
a60da1aa,Larry Higgins,20,Male,It,,2018-04-21,108000,lynnknight@gmail.com,(616)359-3227
f8e351ea,Jason Norris,42,Male,hr,PhD,2018-11-25,52000,paulespinoza@hotmail.com,775.763.6018x7281
f2491816,Elizabeth Jones,28,Male,Operations,PhD,2023-06-17,68000,kleinashley@hotmail.com,(961)357-9964
4398018f,Brianna Mccormick,56,Male,Finance,,2017-09-06,69000,porterrebecca@hunt.com,0633557850
e5f95507,Anne Jones,40,Other,Finance,Master,2025-09-07,62000,rodriguezkatherine@suarez-ramirez.net,894.499.1261
fc3a156a,Joshua Anderson,44,Female,hr,,2018-07-10,92000,lynchkristy@baldwin.biz,2548857522
02aa1c76,Anthony Christensen,61,Male,finance,Diploma,2022-10-14,101000,qolson@yahoo.com,185.186.1957x141
bb0084fa,David Brooks,57,Other,,Bachelor,2016-03-29,105000,jessicafranco@gmail.com,794-534-3123x0221
418860b9,Eric Hernandez,45,Female,hr,Bachelor,2017-12-27,91000,diazdeborah@yahoo.com,(175)135-9246x812
a845f723,Joseph Payne,47,Male,Marketing,High School,2022-04-26,62000,waltonpatricia@hotmail.com,9520591784
f0636972,David Johnson,56,Female,Marketing,PhD,2016-11-25,43000,timothy20@gmail.com,(894)879-6555
b8fc7513,Christina Simon,38,Male,Finance,PhD,2017-11-11,100000,jeffreyyates@stanley.com,+1-471-336-1391
f216880d,Megan Mills,45,Female,finance,High School,2025-05-06,91000,james88@mccormick.info,557-630-6570
a05095fa,Mandy Walker,59,Female,HR,Diploma,2023-03-21,58000,cathy88@serrano-patton.org,261.989.0673
34c6d620,Cynthia Cunningham,38,Male,finance,Bachelor,2024-07-08,31000,ostewart@hotmail.com,669.326.9280x72229
5302e6e2,Angelica Mays,62,Other,Marketing,,2016-02-21,75000,courtneyedwards@gmail.com,+1-124-894-4053
a13a9da2,David James,37,Female,finance,Master,2017-10-19,63000,alexandertaylor@robles-frazier.com,360-485-5673x95387
653d171f,Paul Watkins,38,Male,finance,Diploma,2016-03-31,59000,lsmith@gmail.com,644-113-3973x691
bad4f3e0,John Olson,53,Female,It,PhD,2019-07-19,29000,opearson@gmail.com,755-742-1730
25f93ab9,Alexander Anderson,20,Female,,High School,2023-03-21,109000,kimberlydaniel@marshall.com,001-806-864-0356x30773
7ef74fdb,Mitchell Deleon,48,Other,Finance,Bachelor,2015-11-09,93000,alex64@gmail.com,001-247-652-5386
d0cb079f,Susan Bryant,52,Female,It,High School,2025-10-18,96000,mark07@willis.com,001-306-315-3921x0199
91d51b06,Derrick Diaz,40,Female,,PhD,2016-12-15,39000,dominiquesolis@adams-hartman.org,379.157.4882x593
2e2f2127,Rebecca Lambert,21,Male,HR,High School,2020-07-14,69000,benjaminreyes@smith.com,(328)052-5722x3851
4f66a914,Erica White,24,Male,HR,,2025-07-11,82000,ramirezbeth@yahoo.com,001-328-994-3379x62877
d147a0bf,Joseph Miller,33,Other,Marketing,Bachelor,2015-11-10,61000,pacheconicole@yahoo.com,001-127-723-2321x678
3016cecc,Richard Molina,45,Female,Admin,High School,2025-04-03,41000,mary18@white.com,769.902.1074x5414
6d283989,Rebecca Torres,28,Female,hr,Bachelor,2016-12-10,35000,julieray@miller.com,951.746.3729
a52680b3,Jack Jacobs,27,Female,Sales,High School,2023-10-02,77000,nataliemoore@robinson.com,9920165826
b96c2da0,James Morgan,51,Other,Finance,High School,2016-08-19,114000,campbelljacob@gmail.com,056-628-3073
c01d1c62,Lindsay Chavez,50,Female,Admin,Bachelor,2016-08-19,70000,jacksoncory@yahoo.com,847.584.0618
1987e6d0,Mr. Jeremy Cohen Jr.,24,Male,It,,2019-02-20,,dcharles@wolf.com,(528)225-2821
1c2b498f,Kathryn Perry,59,Other,Finance,High School,2018-02-10,38000,tamarasmith@mendoza.com,183-104-4238x59314
d49cc547,Jeffery Richards,54,Male,hr,,2024-04-19,114000,sarah35@joseph.com,407.590.3446x72124
21d67c73,Chad Morales,20,Male,hr,Diploma,2022-09-17,103000,yacevedo@melton.com,+1-987-901-7143
44852295,Tammy Alexander,47,Other,IT,Master,2018-08-29,44000,baileylaurie@dennis.info,+1-597-158-6984
9981d28f,Alexander Cox,22,Male,,Diploma,2024-10-09,,contrerasdaniel@crosby.net,001-481-204-3198x0993
0267c983,Brett Stephens,,Female,It,Master,2016-03-17,116000,russellelizabeth@farley-holland.com,588.552.3736x1802
8ad8c568,Karen Mitchell,37,Other,Marketing,Diploma,2021-08-31,90000,crystalthornton@hamilton.com,+1-429-903-7232x1031
da4bdf2d,Carol Taylor DDS,44,Male,IT,Master,2024-09-17,35000,oanderson@warner.com,001-139-955-2652x55087
23a49571,Pam Roberts,43,Female,HR,High School,2023-08-28,51000,robert79@hotmail.com,+1-273-941-6873x02122
e473b0b0,Benjamin Phillips,28,Female,Sales,Bachelor,2023-09-17,62000,ewallace@marshall.com,001-225-755-5215
4eb0c866,James Snyder,33,Male,It,Bachelor,2024-02-25,60000,davisandrew@hotmail.com,001-783-855-5086
3e6a41f1,Daniel Phillips,40,Female,Marketing,PhD,2024-03-26,118000,manuelharris@hotmail.com,767.969.4113
447809c0,Andrea Bryant,39,Other,HR,Master,2016-08-24,83000,kelsey97@ellis.com,+1-393-813-8022x074
056de195,Melinda Thompson,40,Male,finance,PhD,2017-03-28,54000,gdelacruz@yahoo.com,001-320-053-5149
8b6daa25, jade phillips  ,54,Female,,,2020-07-09,81000,andrewssheri@gmail.com,+1-422-891-1912
e2eed64b,Kyle Mooney,52,Female,,,2023-09-12,34000,amycooper@adams.biz,001-207-907-8347x364
004f5362,Christine Leblanc,48,Male,,PhD,2018-01-30,52000,yshields@douglas.com,(257)693-2228x07402
3a0761d9,Alexander Wright,43,Male,IT,Master,2022-05-12,112000,gabrielsalinas@yahoo.com,+1-246-526-8132x4697
5a7284a2,Joshua Cunningham,63,Male,Operations,Bachelor,2024-06-01,36000,russellkelly@goodman.net,001-486-845-4983x849
ebf3ef99,Stephanie Mcintosh,46,Male,Admin,Master,2018-01-01,74000,rachel05@newton.com,002.592.6757x313
afcfea4d,Juan Chan,,Other,hr,,2017-07-05,77000,bonniejackson@hotmail.com,+1-354-927-1523x3619
e6d037c6,Allen Weaver,63,Male,Sales,High School,2017-08-03,42000,madison34@perez-stephens.com,681.454.9123
fda2f9a0,Mr. Martin Morales,22,Other,hr,PhD,2025-05-19,81000,robertchavez@pearson.com,335-796-1227x513
f4dafcc8,Ryan Cannon,25,Other,Operations,PhD,2021-07-06,59000,grace05@green-mendez.com,001-453-404-8226x15509
1387bcda,Catherine Crane,27,Male,finance,,2023-01-23,51000,jonathan58@kim-navarro.com,001-761-284-3732x157
5c494d63,Michelle Gould,54,Other,finance,Master,2022-08-17,91000,sburgess@parsons.com,621-699-8336
15b5bc25,Mathew Olson,37,Male,finance,PhD,2021-01-01,26000,karen49@hotmail.com,8431703466
26aeaf29,Gary Walker,,Male,Marketing,Bachelor,2023-03-08,112000,watkinsjoshua@nelson-morrison.com,202-961-7927x37123
55b85720,Terry Williams,28,Female,HR,PhD,2016-04-12,64000,davenportlinda@hudson.com,+1-130-431-1229x185
6cdcd3be,Melissa Riley,54,Male,HR,Master,2024-02-25,58000,isaiahpalmer@gmail.com,683-751-5377x7183
afe9c3dc,Jesse Anderson,27,Female,finance,,2023-06-13,116000,sfritz@gmail.com,001-164-074-4862x701
49793220, john stone  ,63,Other,Sales,Bachelor,2019-03-29,116000,afigueroa@yahoo.com,+1-268-061-3365x5075
45665e79,Joshua Griffin,64,Female,IT,Bachelor,2021-03-17,99000,andrew47@hotmail.com,604-362-5328
5e7e2813,Virginia Morales,60,Other,Sales,PhD,2021-12-16,107000,carlos63@hotmail.com,257.023.6923
e830257d,Ronald Cook,50,Male,Sales,Master,2022-06-10,104000,smithjennifer@cortez-elliott.com,+1-599-167-2998
c9f279a8,Louis Tyler,50,Other,HR,PhD,2025-05-17,99000,martindavid@hotmail.com,001-857-562-9272
fa61726a,Mary Wall,24,Other,,High School,2017-09-15,73000,gmoore@gmail.com,113-144-8042
2586dcd1,Dustin Mendez,56,Male,Sales,,2018-08-24,97000,xwood@yahoo.com,(348)142-1134x8339
725aa10d,Amy Martin,35,Other,Sales,High School,2018-05-04,105000,aparrish@donovan.com,619-128-9891x964
f9f15e65,Ashley Martinez,28,Male,hr,Bachelor,2016-06-05,53000,bianca01@sanders-phillips.info,001-812-000-3389x320
1cf85164,Scott Gibbs,45,Female,,PhD,2021-10-28,95000,jennifer94@gmail.com,(087)523-3140x8290
ba098484,Heather Rojas DDS,53,Male,HR,High School,2017-11-04,100000,cdaugherty@gmail.com,981-466-5481
52b3a0d1,Ashley Shepard,39,Male,IT,Diploma,2019-04-13,118000,hannahlee@hotmail.com,001-975-993-8516x2861
c47d336f,Jessica Vasquez,43,Other,Admin,High School,2022-01-25,93000,miguelwells@yahoo.com,112-251-0558x58783
7e8450d7,Melinda Rosario,46,Female,HR,PhD,2022-08-17,77000,douglasdavid@yahoo.com,528.046.5752
f90c9f84,Jennifer Sanchez,33,Male,HR,PhD,2019-11-20,94000,wmcdaniel@yahoo.com,997-384-1319
a2f87dea,Christina Davis DDS,22,Female,Sales,,2025-06-24,108000,zcollins@gmail.com,529.067.8701x817
f1abf7a0,Mrs. Heather Meyers,47,Female,hr,High School,2023-08-14,74000,ghoward@wilson-wilson.com,001-889-530-0814x63655
62186d10, nicole garcia  ,27,Other,Operations,PhD,2020-08-08,51000,ystevens@hotmail.com,+1-950-724-6633
89eb56c1,Lisa Robinson,45,Male,finance,PhD,2024-10-29,87000,juanrichards@hickman-perez.com,936.333.4438x54389
894539ec,Katie Davis,44,Other,Finance,,2018-10-09,108000,lburke@kerr.net,844.823.5656
1567f88e,Christine Farrell,37,Male,It,,2021-10-13,44000,sgeorge@west-roberts.info,(543)400-0682
86e5edf4,Mariah Eaton,46,Female,hr,,2016-07-24,111000,hollyperry@wilson.net,059-125-8107x0627
cfb0d68d,Joseph Gould,35,Male,Operations,,2016-08-17,50000,rreyes@gmail.com,+1-524-400-7979x91215
165607c0,Ashley Clark,61,Male,Sales,Diploma,2024-03-27,50000,justinbolton@gmail.com,421.519.9624
340a22d7,Kathryn Simmons,59,Female,Sales,Bachelor,2021-11-14,100000,sarah16@stevenson.com,626-277-4843x5091
5cc624ef,Colin Vega Jr.,60,Female,IT,PhD,2017-08-07,73000,trodriguez@turner-kramer.info,(611)108-6806
2233212a,Robert Vazquez,38,Male,Operations,Master,2023-01-08,52000,sheppardelizabeth@yahoo.com,932.891.3683x060
e94f03ec,Bryan Monroe,63,Other,Marketing,,2023-09-29,62000,ztorres@gmail.com,648.366.8562
d96da200, louis rose  ,58,Male,finance,Bachelor,2020-04-26,80000,mwalter@jackson.biz,(082)098-5579
23ac64e5,Andrew Abbott,57,Female,Finance,,2024-09-23,115000,douglasgarcia@hotmail.com,689-960-4567x2292
d5d318cf,Lance Brown,41,Other,IT,Bachelor,2022-11-17,60000,bryantrobert@gould.com,001-497-899-5248x00115
ee6c69f7,Christopher Howard,50,Female,hr,Master,2023-11-05,116000,xdurham@huynh.info,802-366-1540
35f2e254,Jose Cook,51,Female,It,High School,2019-01-07,87000,sarawade@yahoo.com,7601312479
bf3b1681,Michael Mckee,64,Other,It,Diploma,2021-12-23,71000,qjenkins@yahoo.com,538.375.8297x602
b21eafab,Cynthia Harper,23,Female,hr,PhD,2025-01-03,45000,zgomez@hotmail.com,(940)583-2152
bbab3b0e,Olivia Martinez,61,Female,Operations,High School,2017-11-07,53000,butleranthony@gmail.com,454.569.6512x01633
6cb9b655,Mr. Nicholas Munoz,52,Female,finance,Master,2025-03-04,51000,trodriguez@figueroa.org,+1-935-986-3458x12691
1b2375d0,Thomas Waters,58,Female,finance,Diploma,2018-01-09,46000,jessica24@hotmail.com,410.745.0051x190
7a114e56,Ashley Stokes,29,Female,hr,Diploma,2017-09-21,27000,gibsonjoseph@hotmail.com,+1-482-857-0442x1708
287e09f1,Kyle Singh,21,Female,Marketing,Diploma,2024-02-20,26000,zdavis@fields.com,001-518-450-6053x0003
242ac30f,Spencer Jones,51,Female,It,Master,2024-03-31,84000,stuartjohn@hotmail.com,001-014-522-4414x25515
0331bd0d,Vicki Fry,29,Female,Sales,,2020-04-04,119000,ocooley@allen.biz,865.713.6567
6a9f687a,Johnny Fisher,34,Female,finance,,2024-06-20,27000,petersonmallory@hotmail.com,(666)005-9468x9318
78428071,Timothy Fuentes,36,Male,Operations,,2023-06-11,88000,christopher83@rhodes.com,680-464-6419x6177
8706f724,Michelle Sullivan MD,48,Male,hr,High School,2020-08-07,35000,robert91@gmail.com,(620)741-2304
785e02ee,Jennifer Duncan,28,Female,Sales,PhD,2024-04-16,36000,alexanderdaniels@alexander.net,+1-249-779-1411x9870
71a84189,David Summers,36,Male,,Diploma,2023-06-23,57000,brian44@huynh.biz,821.021.0881x4858
0361b157,Kristen Flores,56,Other,It,Diploma,2019-11-11,82000,harrisadam@gmail.com,001-821-713-7744
0f5c365a,James Parsons,37,Male,HR,High School,2022-02-27,116000,alicia39@yahoo.com,005.202.9226
9aab1efb,Alexa Ingram,54,Female,Sales,,2021-06-19,96000,robertszachary@robertson.com,(581)166-9218x732
290c9e51,James Stanley,31,Female,finance,Diploma,2025-02-26,54000,wendy98@hotmail.com,001-138-267-1535x5213
6c726915,Tyler Williams,64,Male,HR,Diploma,2021-01-07,94000,alyssa40@gmail.com,+1-962-558-1441x8524
744cc6ae,Melissa Torres,21,Female,finance,Master,2019-06-24,36000,walterjones@gmail.com,(882)692-8305
420fd9a8,Lauren Marshall,28,Other,Operations,Bachelor,2024-12-08,77000,ocarroll@caldwell-avila.com,712.934.1455
4e583dde,Suzanne Johnson,56,Other,Admin,High School,2019-10-20,25000,kristin89@gmail.com,+1-405-129-2391x90817
ee7385d8,Miss Sharon Park,,Female,Sales,High School,2022-02-21,56000,mmeadows@hotmail.com,+1-503-160-4886x476
178926f3,Mark Mcclain,45,Other,HR,,2022-05-18,73000,vargascaroline@foster.com,+1-572-952-7829x101
f37985df,Tracy Frost,64,Other,Operations,High School,2025-08-23,30000,mariarichardson@hotmail.com,861.626.8482x50725
6680c5e3,Jordan Jones,26,Male,finance,,2023-10-16,41000,nperez@gmail.com,8498571717
646d2e33,Victor Ruiz,64,Other,Sales,Master,2017-11-29,74000,taylorsabrina@yahoo.com,074.817.2070x912
f9da4f55,Jodi Mendoza,60,Male,Operations,Master,2018-10-26,31000,bwilliamson@koch.com,001-001-202-8587x47033
13c3fc1b,John Perez,35,Female,It,PhD,2021-10-06,78000,victoriacastro@foster-soto.biz,(002)978-9692x849
7a37f3d6,Adam Gillespie,27,Male,finance,,2018-04-05,99000,uwilliams@hotmail.com,+1-734-638-1839x733
67b4a019,Matthew Lucas,24,Female,Admin,Master,2016-05-31,66000,murphyaustin@sanchez.biz,(363)154-4130x6966
0dfef633,Theresa Davis,61,Female,Admin,,2017-03-01,82000,jamesmorris@martinez.com,(524)651-0992x0220
6c99ce56,Sherry Franco,43,Female,Finance,High School,2019-03-16,53000,mikegriffin@smith.info,+1-255-878-6503x2449
1ab9f662,Robert Jenkins,57,Female,IT,PhD,2016-11-05,82000,lorirobinson@hotmail.com,+1-672-687-7206x7627
c75f41dc,Cathy Young,46,Female,Operations,Bachelor,2022-04-07,32000,jamesjacob@hotmail.com,545-859-2476x84288
3d51d528,Steven Davis,51,Male,IT,Diploma,2020-02-15,115000,kristinalvarado@yahoo.com,2895721362
1b4142aa,Mariah Collins,55,Female,Finance,Diploma,2023-01-16,91000,tonyawood@yates-murphy.com,(949)591-4143
02cf63a8,Edward Stanton,27,Other,Marketing,PhD,2025-08-19,62000,ruizdanielle@brown.org,(337)785-3334x37040
300ffa68,Debra Caldwell,36,Other,Sales,,2017-11-22,104000,dunnryan@yahoo.com,801.043.6952
ede02d33,Brooke Ramirez,39,Female,It,,2018-05-01,34000,dawnmorris@hotmail.com,158-897-0890
15c52392,Nicole Smith,20,Other,finance,,2022-04-16,25000,michael71@haynes-rodriguez.com,+1-677-636-3625x166
0b7ce5c6,Jessica Bell,61,Male,hr,Bachelor,2024-02-25,46000,johnsmith@hotmail.com,0642927322
7bdac670,Ann Barnett,56,Male,IT,Diploma,2017-09-14,86000,christensenemily@jennings.com,6278420769
17dcabf5,Mary Whitney,58,Female,IT,PhD,2025-08-15,45000,andrewzamora@moore-gordon.info,(290)090-1934x347
fb04c6b1,Donald Salazar,54,Female,Operations,,2017-04-25,84000,danielsrobert@gonzalez.com,(767)287-3944x7044
f56febb1,Ashley Simpson,61,Female,Sales,Master,2025-06-22,49000,bradleythomas@hotmail.com,+1-380-736-2289
50814407,Joshua Mann,55,Other,Operations,High School,2022-12-13,35000,hillkelly@hotmail.com,1454743298
5b182716,Julie Flores,33,Other,Admin,Bachelor,2025-10-03,55000,fullerdonna@hotmail.com,+1-621-208-3037x0056
acb83fce,Brandi Roberson,46,Male,It,,2025-08-02,32000,charlesbrown@clarke-schultz.info,001-433-284-2221x629
e581c1bc,Melinda Hanson DDS,36,Other,IT,Diploma,2019-01-07,92000,zhall@hotmail.com,041-023-1356
808eadf2,Janice Jones,52,Male,Sales,High School,2019-05-21,113000,egray@yahoo.com,001-808-730-5382x903
06103d84,Penny Johnson,40,Other,,PhD,2022-02-01,94000,christinabrown@gmail.com,(799)462-6733
7a199807,James Jensen,29,Male,Marketing,,2019-11-12,116000,thomasallen@hotmail.com,001-365-923-9818x218
099396ff,Kenneth Branch,31,Female,finance,Diploma,2016-06-09,56000,broberts@yahoo.com,7410020942
aeb00fb9,Tyler Allen,22,Other,Finance,High School,2019-06-03,47000,andre82@chambers-johnson.com,(848)720-5724x708
a03e7003,James Aguilar,40,Male,Marketing,Master,2017-02-05,112000,jon83@yahoo.com,(768)621-4038
3b482d28,Jessica Thompson,25,Other,Finance,Bachelor,2019-12-22,118000,george09@yahoo.com,+1-091-763-5558x9479
ae742530,Gregory Hall,61,Female,IT,PhD,2025-03-30,116000,baileyjuan@wilkinson-garza.com,(741)457-1126x08770
b7f330ad,Keith Davis,42,Male,Marketing,Diploma,2023-12-09,92000,wileyadriana@carson-lozano.com,(989)185-0336
806a29ad,Rodney Patton,22,Other,Marketing,Master,2025-04-09,61000,krystal39@gmail.com,790-717-1500x280
9bd65068,Michael Houston,46,Other,finance,Bachelor,2019-06-27,34000,whayes@yahoo.com,731-285-0182x84712
c4c557d8,Rachel Torres,33,Female,hr,Bachelor,2016-06-22,55000,hensleyjanet@mendoza.net,974-244-2057
21962a11,Mark Hernandez,,Female,finance,Master,2021-04-05,87000,vchristensen@doyle-foley.org,2375620103
9f9bc7bd,Jeff Thompson,21,Male,Operations,Diploma,2022-06-28,95000,evelynrobinson@hotmail.com,518.378.9165x51644
0a3e4918,Debra Lee,32,Other,hr,Bachelor,2024-10-27,43000,jay63@wallace-herman.com,474.941.5673
aed0cbcf, megan ryan  ,56,Other,Marketing,PhD,2018-01-20,57000,qshaw@yahoo.com,+1-442-773-3253
ff3c03a6,David Clark,,Female,hr,High School,2024-07-27,65000,crystal44@cobb-willis.com,(037)248-8414
f540838e,Todd Rojas,56,Female,It,PhD,2023-12-03,31000,betty48@hansen.com,(946)926-4262x89438
fe914b95, steven king  ,56,Male,hr,,2022-02-28,89000,curtisashley@hampton.com,001-203-282-4343x581
03d33907,Jeffrey Stokes,39,Other,Operations,Bachelor,2019-10-01,44000,zmiranda@hotmail.com,(522)894-9272x39967
4f3e2a2c,Casey Wright,47,Other,Sales,High School,2019-10-21,102000,rjones@gmail.com,001-244-600-4045x89996
cc214b4e,Janet Oliver,23,Male,IT,Master,2021-05-27,93000,jessica14@gmail.com,709-817-0374x9015
7fb8b6c6,Gary Smith,28,Male,Sales,High School,2021-06-09,28000,xhines@hotmail.com,6216117516
2b729d66,Gerald Wall,46,Female,IT,High School,2018-10-29,90000,murphyrobert@jenkins.com,001-330-734-2253x642
11730df2, hannah dickson  ,39,Female,Sales,High School,2023-01-02,66000,sarahjohnson@yahoo.com,001-073-638-5669x7848
5a765b48,Madeline Boyle,25,Male,Sales,Bachelor,2018-09-20,39000,orogers@yahoo.com,630.005.9186
b5ed7ce8,Virginia Lynch,21,Male,Finance,,2016-09-14,96000,dbarnes@gmail.com,059.696.9621x17251
fc73e358,Tammy Bridges,63,Other,hr,,2018-02-09,58000,robinsondustin@gmail.com,764-355-4764x01163
c35d8f64,Danielle Simmons,38,Male,Admin,Diploma,2020-07-04,106000,joshuahoffman@howard.info,8234513431
ec95ccf1,Shelly Henderson,37,Male,Operations,,2025-02-19,66000,hannah18@hotmail.com,500-181-8059
f8c01007,Frank Davis,53,Other,Sales,Bachelor,2024-02-25,62000,georgerobert@gmail.com,070-237-8544
5d0c8205,Jennifer Williams,22,Male,Marketing,Diploma,2020-02-11,33000,jharmon@chapman.com,875.261.1910
68b666d6,Robert Mills,23,Female,,Master,2023-12-19,97000,johnsonbrittany@gmail.com,889.002.1977
ae3acdf2,Philip Yates,,Female,Finance,Master,2024-05-17,43000,jeremiahlawson@hill.com,998-230-3018x25296
8331d711,Chad Romero,22,Other,,Master,2017-11-27,,lbuchanan@nelson.info,464-185-7783x920
504b10c8,Timothy Odom,30,Male,HR,Master,2017-09-25,29000,garciadennis@hotmail.com,931-470-4225x7881
69c718ee,Lisa Morales,45,Female,finance,Master,2018-12-20,76000,gpugh@yahoo.com,001-502-121-6201x69675
e09dd9e8,Victor Jordan,60,Female,HR,PhD,2025-04-20,69000,adamsrebecca@alexander-flowers.biz,447.561.9531
0aecc94d,Lisa Scott,41,Female,IT,Bachelor,2018-06-25,89000,wattschristina@mills.biz,236.146.5389x2039
0e9b65bb,Michael Ellis,43,Female,Sales,Diploma,2022-08-29,61000,zdixon@davis.org,(836)814-0481
b32281f3,Maria Brennan,39,Male,Operations,Master,2019-02-24,56000,angelicaparks@mejia-everett.com,+1-638-830-0385x759
279163f4,Jessica Williams,42,Male,Marketing,PhD,2020-09-27,90000,ryanreeves@barnett.com,527.634.8678x0327
6035d9af,Lisa Odonnell,43,Male,Admin,,2022-01-25,100000,cynthia35@hotmail.com,(744)475-2711x3037
da948cdf,Victor Lewis,63,Male,Admin,PhD,2017-11-17,58000,yorksarah@hotmail.com,+1-154-391-1589x087
dfc8e060,Rebecca Tapia,64,Female,Finance,PhD,2023-06-28,102000,erik04@hotmail.com,116-134-5603x1713
5953ff90,Joan Rogers,50,Other,Finance,Bachelor,2019-09-22,68000,sandra28@yahoo.com,602.212.4056x464
88fd5890,Mr. Jeffrey Nguyen,50,Other,Finance,Master,2025-07-04,45000,bsantiago@yahoo.com,+1-333-849-9553x78310
1bef39f1,Angela Luna,23,Female,Finance,PhD,2018-08-11,91000,karenortiz@hotmail.com,001-214-518-6563x5204
1bbcb748,Alejandro Davis,54,Female,hr,PhD,2017-12-20,40000,tara39@chambers.com,+1-623-306-4220x75484
659e2deb,Eduardo Hart DDS,64,Other,Sales,Master,2018-02-20,28000,zharris@stuart.com,757.928.8862
66ca0baf,Duane Clark,60,Other,It,Bachelor,2025-08-25,108000,burkekevin@hart-hayden.com,001-345-575-9418x795
57a911b3,Lisa Bowman,60,Female,,PhD,2019-07-24,80000,donald73@bishop-rodriguez.com,(139)000-7748x02818
366f4268,Jose Smith,57,Female,Sales,Diploma,2017-03-16,111000,thomas86@bush-dawson.com,551.083.2275
1d447f41,Tammy Nguyen,34,Male,It,High School,2023-04-18,118000,shafferalexander@yahoo.com,(224)046-3147
8b8a7166,Maria Harrington,51,Male,Sales,,2023-08-17,63000,hjohnson@williams.com,436-711-1760x21706
2540647b,Michael Gibbs,39,Other,HR,High School,2024-06-27,53000,fullerkristi@gomez.com,9088987429
9175fc63,Greg Williams,27,Female,Operations,High School,2023-02-21,65000,stevenmarsh@hotmail.com,841-854-8781x64710
c632554b,Nicole Baker,24,Other,Marketing,Bachelor,2021-07-05,30000,colemansandra@richardson-perry.biz,(125)241-7845x0439
cefc0e85,Justin Jones,63,Male,IT,PhD,2015-12-09,94000,nielsenscott@gmail.com,914-291-6732x444
fa82f65d,Kimberly Jackson,53,Male,Operations,High School,2019-12-15,114000,jonesbrent@yahoo.com,(850)959-6616
362465c1,Jeremy Turner,57,Other,Finance,High School,2025-06-16,111000,wfrank@gmail.com,+1-084-671-2844x610
c234af07,Carlos Brown,40,Male,,,2020-07-05,42000,kimberly78@watts-stevens.com,(052)620-6985x12468
4087be6a,Shannon Ryan,59,Female,HR,Master,2023-04-11,64000,kirbyhaley@hotmail.com,737-058-1731x3236
2448ef43,Yvonne Patterson,23,Other,hr,PhD,2022-02-25,57000,swilliamson@gmail.com,+1-082-119-0120x87416
14eae37c,James Rivas,60,Female,,PhD,2016-09-28,45000,masontony@yahoo.com,886.381.2198x201
73905263,Rachel Soto,41,Female,HR,,2021-03-07,75000,andrea18@leach.info,+1-693-967-9020x3563
36cf9429,Danielle Lucas,35,Male,finance,Master,2021-05-04,114000,gordonsteven@hotmail.com,001-790-529-6877x017
2f1fc132,Olivia Russell,30,Female,hr,PhD,2024-01-03,29000,zmiller@gmail.com,+1-931-462-0717x4563
e51bdfff,Amber Cruz,41,Other,Finance,Diploma,2024-03-21,97000,bentonmaria@mckee-mann.com,001-788-396-4635x479
f69f239b,Gregory Smith,34,Female,IT,,2024-01-04,118000,hamiltonmark@yahoo.com,+1-093-393-1900x43696
32d7cc22,Alison Miller,21,Female,Finance,Bachelor,2025-05-15,48000,patrickjames@yahoo.com,540-067-0196x96648
7b4bcaf8,Jessica Lane,48,Female,,Master,2017-02-21,89000,egamble@henderson-harris.com,001-525-673-3911x9769
c8aae0c8, angela drake  ,40,Female,Finance,,2023-08-09,33000,kristystevens@thompson-ruiz.net,001-459-976-2529
6fd1134e,April Carter,27,Female,finance,High School,2020-11-30,97000,bduke@valenzuela.com,(018)362-7207
92004957,Shannon Hernandez,47,Male,Finance,PhD,2019-04-08,49000,keyteresa@yahoo.com,(179)574-2559
8f97b21d,Michelle Stevens,55,Other,HR,Diploma,2017-01-22,28000,nicole29@powell.com,+1-024-830-2333x5368
32d4d3a5, olivia williams  ,41,Male,Admin,Diploma,2017-12-08,109000,ganderson@roberts.com,001-285-342-4455x12748
9417e0f5,Garrett Thomas,31,Other,Finance,Bachelor,2020-12-04,91000,jperez@hotmail.com,+1-619-161-3664x1036
aa000756,Nicole Lewis,50,Other,finance,,2019-05-27,94000,virginiarodriguez@hotmail.com,+1-003-154-8414x54818
bbfecb11,Douglas Fuller,64,Other,Sales,Diploma,2020-12-07,73000,davidmyers@daniels.com,+1-474-517-6984
bbae2fbd,Jordan Harper,41,Other,Sales,,2021-03-25,40000,emilywright@hotmail.com,570.870.7579x27030
e58118d1,Michelle Hall,63,Other,IT,PhD,2019-04-24,34000,hwarren@hotmail.com,+1-449-097-6085
7fdbabc1,Megan Hernandez,35,Female,IT,PhD,2021-10-01,76000,mark91@meyer.com,9263663346
cac19d2e,Jeremiah Fisher,58,Male,IT,Diploma,2020-01-05,73000,whernandez@spencer.com,839.354.5235x65475
43470982,Ryan Barrera,39,Male,Operations,PhD,2024-05-09,31000,fflores@macias.com,001-978-488-4369x73826
fcfd348c,Daniel Martinez,20,Female,Marketing,,2017-02-06,115000,justin40@yahoo.com,+1-776-892-5429
db75dada,Douglas Howard,55,Other,IT,PhD,2016-12-19,85000,mmorris@gmail.com,(577)341-0946
a3900655,Jeffrey Leonard,24,Male,Finance,High School,2021-06-03,112000,mccallrobert@hotmail.com,(424)730-4174x977
09572517,Jasmine Hahn,62,Female,IT,,2024-03-21,108000,kjohnson@davidson.com,566.817.8039
300a491a,Erik Williams,36,Female,Marketing,Master,2021-10-13,99000,vaughnmichelle@cardenas-stevens.org,+1-978-755-6380x416
c63e0e47,Susan Melendez,48,Male,Operations,PhD,2016-05-03,113000,vpotter@gmail.com,101-484-4499x318
3754c5ec,Robin Baker,40,Male,Marketing,PhD,2025-10-18,52000,smithmartha@yahoo.com,001-683-021-9146
30efcbd3,Raymond Brooks III,51,Other,,,2018-03-12,67000,tyler42@yahoo.com,001-566-747-1796x070
f481b9cb,David Mitchell,48,Other,IT,Bachelor,2023-08-13,68000,stevengibson@gmail.com,018-802-3259x73668
5d21a235, felicia matthews  ,35,Male,IT,Master,2018-06-27,52000,james24@yahoo.com,555.671.0927x3248
4e954929,Jill Stevens,61,Other,IT,Master,2016-08-26,111000,hcummings@gmail.com,+1-042-416-3434x5774
1fef4fb0,Roger Johnson,50,Female,,Master,2020-06-03,82000,uvelez@roberts.com,(381)813-0255x4746
ffc19ef6,Cynthia Price,60,Other,Marketing,Diploma,2024-07-27,38000,sandrawilliams@hotmail.com,032-481-8203x97354
5a0ae917,John Johnson,32,Other,HR,High School,2016-05-22,93000,vickiehiggins@brooks.com,0543527929
6d0473e7,Alison Delacruz,28,Female,Finance,High School,2018-12-31,119000,gpruitt@gomez.org,001-965-032-4475x1630
55f8bbb8,Henry Parker,54,Other,finance,Bachelor,2022-04-10,67000,mcmillanelizabeth@gmail.com,001-083-878-4322
75757602,Curtis Davis,52,Female,Finance,Master,2022-02-23,59000,veronicasnyder@andrews.com,594.221.0808
8d814215,John Clark,27,Other,IT,Master,2023-06-20,107000,rebeccajames@gmail.com,(938)702-4196
6f959489,Amy Chapman,60,Male,Operations,PhD,2021-10-17,80000,vjones@hotmail.com,(130)631-4205
a8dbe9a1,Maria Williams,46,Other,,,2022-11-27,87000,gardnerandrew@evans.com,105-928-4879x0068
a254da12,Nancy Hogan,29,Male,HR,Diploma,2018-12-21,99000,salinasvanessa@yahoo.com,(290)469-9539
f01a5097,Howard Hunter,32,Male,hr,Diploma,2020-03-01,61000,brenda90@juarez-sanchez.com,001-698-090-8456
1966d047,Dylan Baker,57,Male,HR,Bachelor,2019-02-25,40000,stevensmith@yahoo.com,(113)461-2154
d655005d,William Mcbride,37,Male,finance,High School,2019-03-12,50000,douglasbenjamin@garcia.org,(098)444-0413
043486c3,Jenny Sanchez,33,Male,Finance,Master,2025-08-10,40000,scotthawkins@gmail.com,560-913-1825
1a8a76f3,Suzanne Hancock,46,Female,IT,,2017-07-04,86000,qcowan@gmail.com,001-511-034-9985x1912
9fb30a4d,Jason Riggs,42,Female,Admin,Bachelor,2022-09-21,34000,xray@hotmail.com,821-608-7999
a22eb45b,Suzanne Lambert,26,Female,hr,Diploma,2024-11-30,87000,bowersjennifer@mclaughlin-roberts.com,001-968-032-4526x98892
ce4d89f3,Tyler Green,61,Male,IT,Diploma,2022-03-23,62000,jason39@hotmail.com,001-159-423-7732x9641
da095b0c,Zachary Doyle,27,Other,,Diploma,2023-08-21,25000,paulclarke@rasmussen-williams.info,565.304.3527
c6e19fd7,Noah Briggs,51,Female,hr,Master,2015-11-18,89000,hornandrea@yahoo.com,158.861.9045
1d4ff1c8,Nicole Ward,51,Other,finance,Master,2024-08-29,77000,fcross@matthews.net,(365)677-8194
f35757c5,Blake Norris,37,Other,Admin,Master,2024-12-08,52000,cynthiajennings@gmail.com,447.336.6357x2099
cb33478a,Latoya Fitzgerald,21,Male,Marketing,PhD,2021-03-01,68000,heather57@hotmail.com,494-094-9226x1611
e8724434,Wendy Miller,28,Male,Marketing,High School,2021-04-27,111000,graymichele@yahoo.com,376-923-9034
c8ddd9bb,Stephen Shaw,58,Male,Marketing,Diploma,2016-01-30,111000,maryjohnson@harris.com,001-054-108-9283
f08aba21,Jo Hickman,60,Female,Operations,Diploma,2022-08-07,103000,andrewcurtis@yahoo.com,(632)808-5855
81ef8162,Billy Cross,,Male,Marketing,PhD,2025-07-17,54000,robertmiller@torres.com,(197)177-3955x176
a89f5f9d,Jeffery Davis,47,Female,Sales,Diploma,2020-06-06,72000,wharris@mcdaniel.org,(329)477-2695x5328
e71594ff,Maria Dixon,52,Female,hr,Diploma,2019-09-04,32000,hallmichael@wu.net,572-939-6808x3549
ac5d7133,Diana Murray,31,Female,Admin,Master,2025-08-27,50000,lford@brewer.biz,8699336855
e8b81813,Jennifer Curtis,,Female,,Master,2020-06-08,79000,ischmidt@smith.com,(142)053-3408x6839
06b81c8a,Janet Mcclure,52,Male,Sales,High School,2020-04-29,101000,devon00@reid.com,839.835.0555
d73cad84,Alexis Watson,47,Female,Sales,Diploma,2017-08-09,68000,samanthacastillo@fox.com,0333027394
bdc242a8,Jared Spence,31,Male,It,Bachelor,2016-10-29,112000,garretttaylor@gonzalez.biz,001-685-571-2643
2ba009ec,Alice May,47,Male,Admin,Diploma,2016-12-12,66000,stephaniedavis@gmail.com,1503343143
6e15c527,Nathan Miles,57,Female,It,Diploma,2016-01-25,45000,rlang@white-boyer.com,+1-561-959-8734x526
64305373,April White,42,Male,,High School,2020-11-25,56000,chapmanbarbara@franklin.info,(210)631-7145
64b078a7,Kathleen Odonnell,44,Other,hr,Bachelor,2018-04-13,50000,william85@martinez.com,876-264-4768x7475
ee93a4d0,Emily Massey,35,Male,Finance,Diploma,2024-01-30,63000,daniel25@combs.com,(726)968-9004x3374
f07bf9bb,Lisa Henderson,25,Male,IT,,2023-11-11,49000,brian82@yahoo.com,001-737-814-0380
ba65983d,Andrea Brown,31,Female,Finance,,2020-03-25,106000,leebrian@yahoo.com,197.784.4464
5170a2ef,Shawn Patel,23,Female,finance,Bachelor,2019-01-30,68000,gonzalesbridget@jacobs-allen.com,001-691-372-7564x61404
3b20d154,Eric Parker,44,Male,Admin,,2021-09-25,68000,hilldaniel@scott.net,(604)551-4815x4961
20572e73,Cindy Garza,21,Female,Finance,Master,2020-07-14,49000,astewart@williams.net,3697768268
93b1ee1d,Jesse Yang,25,Other,Finance,Master,2025-09-29,93000,amber35@jones.com,001-553-292-8613
c31db215,Dean Evans,57,Other,Finance,Bachelor,2018-05-10,90000,kevindillon@hotmail.com,134.363.8564x9316
d65bc676,Carl Lopez,,Female,Marketing,Diploma,2017-10-01,29000,isaac33@guerrero.org,707.495.8358
52891c31,Diane Smith,35,Male,HR,Bachelor,2015-10-28,51000,wpierce@fisher.com,+1-115-524-0699x31176
06905ba5,Shelly Jackson,61,Other,Finance,,2017-08-13,90000,allison58@jones.info,+1-654-505-2288x8157
c520d50f,Rachel Castillo,43,Other,IT,Bachelor,2024-09-21,36000,cholden@ward-simmons.biz,443-138-0051x344
9e3bc735,Hunter Miller,21,Male,Admin,,2017-01-03,86000,zjones@price.com,384.247.2427x01171
f8ef32ee,Melanie Fischer,33,Female,finance,Master,2024-05-22,36000,kennedysamantha@bailey.net,594.868.6140
067965ab,Eric Camacho,47,Other,HR,Bachelor,2025-01-30,100000,cindy78@smith.net,+1-649-950-5434x941
fbc1085b,Eric Harris DVM,61,Male,Operations,PhD,2022-11-14,,ellisonroy@gmail.com,3558625529
c7101f3d,Angela Craig,50,Male,IT,,2017-09-25,63000,john75@brown-gonzales.net,(626)164-9785
a70bba9c, henry brooks  ,44,Other,IT,PhD,2019-06-11,60000,kevin43@baker.biz,+1-639-067-6627x022
319ec58b,Tony Barnes,34,Female,Marketing,Master,2018-06-13,54000,robertrobinson@yahoo.com,(067)283-3815x5123
b9ef9fa8,Robert Bailey,43,Other,Marketing,Diploma,2025-10-09,40000,kleinjeremy@lopez.org,426-300-8282x9581
60cb9e17, taylor parsons  ,46,Male,Admin,,2019-12-22,32000,floresmatthew@gmail.com,+1-307-504-0731x18631
0d3f69ed,Christopher Wilson,27,Other,IT,Diploma,2022-02-02,87000,rmurray@davis-wood.org,001-471-589-2660x9000
24ce1460,Erin Mcdowell,,Female,,Master,2023-06-05,80000,loweryphilip@gmail.com,(373)857-8028
fc1bb61a, amy ray  ,47,Male,,Diploma,2021-04-05,36000,dansanchez@garrett.net,1289124639
1c66021e,Stephen Leon,40,Female,It,,2019-05-17,60000,hwade@hotmail.com,+1-885-873-7823
1f683d6f,Christopher Bolton,34,Other,Admin,High School,2024-10-17,37000,brianbrown@lynn-taylor.com,801.618.1621x1156
4312153d,Erin Aguirre,59,Other,Finance,,2021-01-06,98000,ochoabrett@hotmail.com,430.558.8114x6365
13cf44fe,Valerie Rodriguez,62,Female,Sales,,2024-05-09,48000,oraymond@johnson-osborn.com,191-667-1403
e9a7f5e0,Peter Thompson,59,Other,Operations,PhD,2017-02-12,118000,aestrada@yahoo.com,(406)247-0266x81031
19c59f2d,Terri Davis,25,Female,finance,High School,2017-07-07,101000,bblack@olsen.com,001-494-968-6567x00422
69eb337c,Joseph Blevins,32,Other,Marketing,High School,2017-04-25,80000,ogonzalez@baker.com,(836)831-4392x178
a02cbed2,Steven Cannon,47,Female,finance,High School,2021-04-30,94000,yvonneshort@faulkner-frank.com,055.876.8213
6b7f0864,Wendy Horne,37,Female,Sales,,2024-04-18,111000,mlutz@yahoo.com,832.631.9657
a2307350,David Cruz,37,Male,hr,Master,2016-06-09,65000,antoniosingleton@yahoo.com,323.511.5634
293e16b3,Michael Hendrix,20,Male,It,High School,2019-01-04,65000,kathleenwilson@martin.biz,748-879-6140x208
e754d4c3,Thomas Garcia,59,Female,Admin,Bachelor,2020-11-23,70000,hsmith@yahoo.com,788-298-3448x83751
a197339c,Jacqueline Ford,63,Other,Finance,Diploma,2023-08-05,67000,jacksonchristopher@yahoo.com,001-857-677-7441x72889
1e014975,Vanessa Boone,33,Other,It,Master,2022-01-31,64000,mary15@yahoo.com,870-474-7124x83445
58c6d166,Nancy Garcia,21,Other,HR,Bachelor,2022-07-13,26000,robinsonthomas@yahoo.com,(119)535-7803
999921ec,Ernest Kennedy,29,Female,Finance,,2016-09-14,113000,washingtonangela@vance.biz,906-822-0758
85915036,Brandon Miller,64,Female,IT,,2017-05-16,113000,milleraustin@petty.com,442-153-4534x5249
1f20c257,Anita Wright,48,Female,It,Bachelor,2022-10-23,,brandonhopkins@hotmail.com,+1-630-556-1037x976
89344b06,Martin Cox,58,Female,Finance,PhD,2020-09-01,102000,tarmstrong@yahoo.com,(946)615-9052
c2ce56bd,Tiffany Flores,36,Male,It,PhD,2018-07-18,34000,wgarcia@hotmail.com,001-445-628-3738x06495
5d697934,Anthony Parker,20,Female,IT,Bachelor,2022-05-04,30000,btaylor@gmail.com,225-449-7063
078d27e5,Jeremy Miller,50,Other,finance,PhD,2018-12-27,35000,vsanchez@hotmail.com,001-463-998-1829x0905
155c8139,Stephanie Jensen,26,Male,It,Diploma,2020-12-07,61000,bridget23@gmail.com,291.731.4365x03504
2067902b,Jennifer Austin,40,Other,It,Diploma,2021-06-27,77000,rodrigueznancy@hotmail.com,001-969-295-2866x558
33013b08,Randy Flores,24,Female,hr,,2021-04-20,90000,fhunt@rivera.com,001-073-754-7603x8304
b544f70c,Ryan Reynolds,30,Male,Marketing,PhD,2020-08-17,76000,heatherortiz@rodriguez.net,665-331-1912x92853
77902ddf,Elizabeth Travis,58,Female,hr,High School,2022-11-18,113000,lindaflowers@fisher.info,+1-208-121-3153x9651
6fa1c232,Richard Harmon,54,Male,It,Bachelor,2018-07-26,117000,stephaniepeterson@mcclain.net,+1-899-904-5121
ec1f0155,Kevin Thomas,33,Other,IT,Diploma,2015-11-09,55000,chelsealang@yahoo.com,1416790855
32a807cc,Shannon Harper,46,Female,HR,PhD,2018-10-29,68000,dadams@frye.com,(079)059-7379x123
b7a745e2,Anthony Parker,63,Female,It,PhD,2017-11-25,74000,bryan88@watts-rosales.org,003-963-6104
1a574cee,Luke Gross,36,Male,Sales,Diploma,2019-09-21,60000,dixonshaun@edwards-kim.com,+1-341-667-5536x3323
966b91e7,Jason Garcia,20,Male,finance,Diploma,2021-08-12,82000,mperkins@hotmail.com,001-718-566-2670x51923
34b16488,Janet Davidson,31,Female,finance,High School,2020-01-24,77000,mhodges@brown.com,763-238-5099x964
6ef7ffc3, anna brown  ,63,Male,Finance,PhD,2022-06-04,41000,pamela37@gmail.com,(808)531-6972
98a91187,Sara Park,33,Female,Marketing,PhD,2018-09-07,,andersonphillip@richards.com,933-381-6808x35579
5199839c,Brandi Beck,38,Male,Finance,Master,2018-04-02,44000,ashley76@ashley.com,3107385203
620f4af4,Patrick Sullivan,47,Other,Finance,,2020-01-20,51000,rwells@yahoo.com,341.735.7820x27809
5a58abba,Roger Buckley,60,Male,IT,High School,2025-06-28,39000,walkerandrew@ferguson.com,(833)978-7577x23515
d1c06099,Bradley Cochran,47,Other,Sales,Diploma,2020-08-21,71000,sloankaren@gardner.biz,(746)648-9601x7063
e3b2f985,Mark Jackson,21,Male,Marketing,Diploma,2015-11-13,51000,henrybryant@hotmail.com,9360461102
40c8c7a3,Sara Carroll,37,Male,Finance,Bachelor,2024-02-20,45000,amoreno@skinner-wilkerson.com,748-497-9594
9a980457,Charles Rice,21,Female,It,,2017-03-20,106000,amber04@gmail.com,+1-051-230-3352x5114
f34bfa59,Kathleen Marsh,32,Male,finance,Diploma,2023-05-15,,lewisscott@pugh.biz,+1-550-339-8582x44856
65f76d06,Nichole Smith,58,Male,Finance,PhD,2019-12-27,118000,moorechristian@gmail.com,001-418-5871x5709
cf1d46be,Brenda Marsh,22,Other,Operations,Diploma,2020-10-26,65000,treynolds@gmail.com,131-998-3082
2f981e44,Taylor Schultz,29,Male,Admin,PhD,2019-09-12,93000,thomas21@hotmail.com,722.331.3573x246
37164f31,Peter Arnold MD,49,Female,finance,PhD,2020-07-01,115000,dominguezchristine@aguilar.net,001-969-575-3048x00414
252151f9,Brooke Johnson,61,Other,Operations,High School,2022-05-07,26000,jacksonlauren@ray.info,(701)090-1609x3518
02774ef3,Mary Durham,50,Female,Admin,Diploma,2022-04-26,118000,kimsimpson@carrillo.com,278-750-4391x48846
b780606a,Gerald Snyder,45,Female,HR,High School,2016-11-08,103000,anthony33@gutierrez-potter.org,276.002.2096x5393
9145aa38,Robert Hawkins,48,Female,Operations,,2021-08-04,104000,cassandra78@gmail.com,001-724-256-2842
3b8ede31,Brianna Bailey,61,Female,It,PhD,2020-03-17,67000,solson@yahoo.com,874.775.5668x146
489af195,Cody Love,20,Other,IT,,2023-11-01,50000,susanrivera@sampson.com,704-854-3511
37abaed7,Michael Hunt,27,Male,HR,Diploma,2016-08-23,74000,ariel68@yahoo.com,001-587-916-2752x042
b75d2f0c,Maria Mccarthy,46,Female,,,2016-08-29,47000,vickiemcdaniel@gmail.com,+1-584-521-4976x72632
ceb380ac,Mark Black,49,Other,Marketing,,2022-11-23,43000,gillespiegrant@hotmail.com,(199)701-3541x6273
92ee4820, james roberts  ,52,Female,finance,Diploma,2016-08-30,55000,fporter@cruz.org,148-803-4018
aea03292,Rick Decker,33,Male,,High School,2020-01-19,36000,kyle83@hotmail.com,529-795-4550x75883
d03a9ed2,Jason Howard,43,Other,finance,High School,2025-07-05,66000,shelbythompson@yahoo.com,630.851.0798x043
0cb68029,John Hayes,54,Other,It,PhD,2024-09-27,43000,collinsbrenda@lynn.com,454-945-5017
0bfa8cd5,Melissa Lawson,26,Male,Marketing,PhD,2017-02-09,25000,martinbenjamin@gmail.com,257-938-8597
1e87c27e,Mitchell Johnson,27,Other,Marketing,Diploma,2016-09-03,91000,ipeters@james.com,203-763-6703
99f75c76,Madison Stanton,55,Male,finance,Diploma,2023-04-24,114000,johnwalters@yahoo.com,+1-796-347-3774x29506
3c862582,Erin Myers,63,Other,Marketing,Master,2025-08-20,83000,usteele@gmail.com,(806)669-8819x80884
0490eb68,Christina Davis,57,Other,Operations,Master,2021-11-18,112000,beckypierce@whitney.net,155-374-0076x58341
9364ecb5,Mark Gomez,50,Male,hr,Bachelor,2017-08-23,27000,silvadeborah@hotmail.com,634.912.0987
7636ae1c,Connie Hansen,35,Male,Sales,PhD,2022-06-15,119000,joshuamckenzie@hotmail.com,(941)825-4151x56819
f783b6f6,Tammy Ramos,53,Other,finance,,2019-01-11,40000,dillonalejandra@swanson.info,001-142-438-4485x886
88914b26,Hannah Terry,55,Other,,Bachelor,2021-07-15,,hendersonkaren@lewis.net,+1-633-037-2218
565f2ea8,Lisa Gallegos,37,Male,,Bachelor,2018-01-26,56000,hodgesrandy@atkinson-conrad.info,(032)237-1428
784aee43,James Haley,62,Male,Marketing,High School,2017-01-25,53000,hartbenjamin@taylor.biz,748.816.3090x273
6a429bd5,Carl Pennington,47,Other,It,,2020-03-21,28000,brandon46@carr-dudley.org,001-955-854-1210
5133577b,Allison Davis,25,Other,finance,High School,2017-04-02,35000,alvarezterri@brown-terrell.com,616-876-4373
146b9fbc,Nicholas Lee,46,Other,hr,Master,2018-10-25,55000,michael49@hotmail.com,001-184-945-6899
7e6ae55c,Thomas Olson,27,Male,hr,Bachelor,2015-10-22,61000,shannon14@hernandez.info,884.799.5439x21860
4c66d04f,Mary West,46,Other,Sales,Master,2018-09-13,40000,francojessica@lee.info,324-582-6848x054
7e4b4f10,Nicole Gilbert,24,Female,Operations,,2018-08-13,81000,maryjackson@odonnell.net,+1-351-501-1327x92825
e914ae70,Alan Murphy,47,Male,Sales,,2020-10-01,63000,riossusan@macdonald-flynn.com,251-728-3357
f00d5a65,Monica Vincent,35,Other,IT,PhD,2017-08-12,119000,jeffrey26@gmail.com,+1-424-871-5161
39590149,Rebecca Hubbard,34,Male,It,Diploma,2024-02-04,47000,garywalker@yahoo.com,148.397.0523x8056
23841977,Kristin Sampson,41,Female,,High School,2021-07-19,35000,kruegercrystal@gmail.com,626.555.9239
dc83f96f,Elizabeth Lawrence,49,Male,hr,PhD,2022-08-05,118000,iwells@hotmail.com,136.590.4845x87899
39f18027,Debbie Lamb,21,Other,Marketing,PhD,2016-12-11,42000,rebecca47@gmail.com,(522)561-8079x724
b95f22d5,Tina Hall,39,Female,hr,High School,2022-04-25,52000,ravenmitchell@hernandez-lin.com,(898)414-7472x69082
d0ef0cd4,Justin Chapman,44,Female,hr,High School,2024-07-21,108000,julie26@mejia.com,+1-201-370-2977x8561
0143d636,Tina Ortiz,54,Other,Admin,,2016-07-04,113000,edwardgriffin@garcia-santos.com,2657204822
0d700c8b,Anthony Elliott,60,Other,,,2021-07-16,75000,erin17@johnson.com,+1-799-031-7791
0b070a68,Beth Cross,55,Other,IT,Bachelor,2023-03-21,115000,keithkent@thomas.org,001-941-395-6086
4de5f4af,Robert Scott MD,40,Male,Sales,Master,2020-02-08,40000,michaelmorrison@yahoo.com,536.210.8870x561
b01ba134,Robin Rice,60,Male,IT,,2017-04-05,96000,williamromero@johnson.com,079.173.4762x3959
612a9cc6,Sandra Rivera,30,Male,Admin,PhD,2024-10-17,44000,christine00@hotmail.com,+1-493-894-0516x84347
ecc38555,Brittany Macdonald,60,Other,Operations,Bachelor,2021-07-06,83000,rickgonzales@greer-hill.com,+1-662-887-1418x6266
1eb1dc0c,Matthew Bates,31,Other,It,Bachelor,2020-05-22,98000,kayla94@yahoo.com,686-430-0542
25e36ccd,Shelia Moore,29,Male,IT,PhD,2017-11-15,43000,donald97@gmail.com,336.753.7971
d9a3ac28,Michelle Santana,34,Female,hr,,2019-01-23,76000,rosslopez@gmail.com,362-907-7305x22168
a30c1e0e,Ashley Robinson,26,Male,HR,PhD,2019-07-07,103000,amanda37@gomez.com,+1-942-779-5635x46640
85924e5f,Daniel Kim,58,Female,finance,Diploma,2019-02-25,86000,christopher93@gmail.com,432-379-2457x494
7a59697d,Grace Nichols,58,Other,IT,,2023-03-13,80000,hrivera@heath.com,001-202-614-4815
47d1931c,Tom Henderson,63,Other,It,Master,2022-06-21,52000,nneal@yahoo.com,903-654-2174
7b92a41d,Margaret Shaw,20,Male,finance,PhD,2021-12-01,,mary05@yahoo.com,004.624.3929x7877
c425d020, jennifer nguyen  ,48,Male,It,,2016-01-04,105000,ndavis@miller.com,001-939-127-2998x3361
5a5ed7eb,Karen Adams,48,Other,Admin,High School,2018-03-10,82000,randall55@martinez.net,673-978-7861x50091
3e0c5ec5,Gabriel Andrews,30,Male,IT,Diploma,2024-08-11,87000,hodgesbrian@hotmail.com,+1-256-128-2955
db19de67,Bobby Howard,28,Other,IT,Master,2021-08-05,109000,christopher37@underwood.com,(121)699-0673x719
133ca9cf,Timothy Morris,62,Other,Finance,,2016-12-11,95000,antoniocherry@perez-fuentes.com,545.697.7709x382
3664cafa,Richard Rivera,29,Female,hr,High School,2021-05-23,94000,champton@ryan-soto.net,2071825345
77d8b428,Tammy Graves,33,Male,It,,2023-02-18,112000,whall@yahoo.com,+1-994-797-8360
7cd6572f,Joshua Ellis III,34,Other,Marketing,High School,2021-03-27,117000,iroman@russell.org,256.006.2010x46637
d06200e3,Amy Fields,35,Male,finance,Master,2025-03-10,67000,stephanie81@hotmail.com,+1-916-505-4161x684
8390bd94,Janice Clay,44,Female,Operations,Diploma,2017-10-13,71000,audrey11@anderson.com,033-788-0140
f1c2fa18,Jessica Morris,20,Female,Finance,High School,2023-04-10,98000,luisochoa@thomas.com,4764822027
a7c10adb,Paul Wilson,30,Male,hr,Bachelor,2017-06-25,38000,christineprice@charles-garner.com,237-780-1197x89658
1b0c9092,Katherine Scott,44,Male,Admin,Master,2022-02-24,58000,terrychristopher@swanson.biz,001-872-120-5737x909
eaacabb4,Louis Kelly,41,Other,finance,Master,2023-11-08,46000,jamesyoung@hotmail.com,5961808937
73d2939e,Randall Osborne,36,Female,Sales,PhD,2025-02-19,76000,petersendoris@yahoo.com,4653873647
33f92a87,Stephen Carr,50,Female,Admin,Diploma,2018-09-13,68000,nicole11@yahoo.com,891-706-7553x8347
11925880,Kyle Young,56,Female,Marketing,Bachelor,2025-06-04,108000,scarter@short.org,+1-838-005-6400x297
afaf20ec,Susan Williams,21,Male,finance,Bachelor,2016-10-23,115000,christywaters@kennedy.com,001-277-990-1929x7616
93c6267d,Heather Gordon,56,Other,Admin,PhD,2021-05-26,36000,campbellaaron@martin.com,001-546-345-0384x2579
760116cf,Russell Foster,21,Male,Finance,High School,2018-10-28,57000,robertamiller@hotmail.com,(526)078-1328x77576
1c36036f,Andrew Blake,48,Male,Admin,High School,2020-12-21,61000,bsanchez@yahoo.com,+1-214-660-4509x646
75fa0ebe,John Fowler,,Male,Marketing,Bachelor,2018-10-31,93000,craigmartin@smith.com,(368)651-8638x18730
79eae461,Douglas Martinez,48,Other,Marketing,Diploma,2018-09-11,91000,joanmartinez@gallagher.org,386-037-9443
5a19d7ab,Joshua Mcgee,63,Male,HR,High School,2017-04-04,28000,julierandall@hotmail.com,662.698.9672x2965
8ce0bd8f,Matthew Jackson,50,Female,IT,Master,2025-10-01,63000,caseymathis@davis.com,4885868662
3649f585,Juan Bradley,46,Female,Sales,,2017-10-10,93000,vkaufman@henry.com,121-340-4544x5457
6e4c1501,Dawn Pena,39,Female,Sales,PhD,2017-07-18,44000,hollyperkins@hotmail.com,408-368-4372
70fbb28e,Bradley Schultz,64,Other,Finance,Diploma,2020-08-13,51000,banthony@hotmail.com,(881)164-9350
0c941263,Amanda Smith,31,Male,Marketing,High School,2018-07-10,26000,bonillabrent@cook-jones.com,(414)763-4190
ed92b753,Thomas Spencer,45,Other,HR,,2025-07-03,46000,robinreyes@stokes.info,+1-826-828-0549x20625
307fc576,Scott Harrell,54,Male,hr,Bachelor,2025-09-18,95000,alexander62@perez.info,+1-921-481-0043x32875
46a3110a,David Norton,25,Female,HR,PhD,2020-05-25,42000,perkinsjoshua@yahoo.com,189.689.5715
84c42de1,Jennifer Burgess,40,Male,Operations,High School,2024-05-15,98000,christophervilla@hotmail.com,819-356-2808x1142
0cc46000,Gregory Green,28,Male,Admin,Bachelor,2017-09-20,73000,victoriasmith@gmail.com,153-244-2472x56926
1c6fec01,Alan Sanchez,57,Male,IT,High School,2020-09-26,97000,grahamwilliam@hotmail.com,+1-870-108-4048x209
e5228d31,James Gilbert,33,Other,HR,PhD,2017-09-03,81000,jillhouse@gmail.com,+1-304-352-1356x5367
3d1fd7c0,Scott Velazquez,33,Male,Admin,Master,2020-08-20,115000,edwineaton@yahoo.com,823-978-8356x61401
4684833e,Jennifer Graves,22,Male,IT,Master,2015-12-01,43000,amy83@yahoo.com,825.126.9513x504
b3133c8e,Anthony Cook II,50,Male,finance,,2017-03-25,115000,wallaceantonio@french.net,+1-740-830-8111x32411
649423aa,Sarah Evans,41,Other,Operations,Bachelor,2019-06-25,116000,thomasmanuel@peters-martinez.com,+1-494-921-7559x420
d2f629ca,Ashley Vazquez,24,Other,Operations,Master,2024-07-13,95000,alyssa23@jarvis-thomas.com,+1-511-684-1620x6356
7ec391ef,Samantha Bailey,42,Other,Marketing,PhD,2021-12-15,106000,regina22@turner-smith.com,001-186-118-9179x42109
341d85cd,Mark Vega,38,Male,It,Bachelor,2022-07-20,76000,jamessmith@yahoo.com,564-402-1946
b4b2ce14,Holly Williams,55,Female,Operations,High School,2025-08-14,108000,kari76@gmail.com,698.611.5040x8041
00cb9caa,Dr. Tiffany Booker,38,Female,It,Diploma,2025-09-07,105000,chenedward@gmail.com,754.423.2114
e8646e0c,Sarah Banks,30,Female,finance,High School,2019-01-09,32000,john21@gmail.com,001-324-307-3528x414
bd350d2a,Kristin Valencia,51,Male,Marketing,PhD,2025-09-04,27000,wandaherrera@hotmail.com,001-153-078-3003x15791
b01c9191,Jordan Baxter,46,Female,,,2017-11-09,64000,wrightcraig@jenkins.com,3861824366
ae7303c0,Ann Moore,26,Female,hr,Bachelor,2020-08-21,48000,uortega@alvarez.com,413-056-1172
55082167,David Dunlap,,Female,Finance,High School,2018-08-31,57000,talvarado@hotmail.com,001-391-468-0157x49417
f6558f35,John Hunt,55,Male,Admin,Bachelor,2022-10-24,96000,hernandeztravis@hotmail.com,(911)654-0776x15449
6d8c5504,James Griffin,40,Female,hr,Master,2021-04-08,32000,kristen97@yahoo.com,303.923.2175
f9705e4b,Sandra Guerra,24,Female,hr,Diploma,2018-06-01,105000,kristen92@yahoo.com,001-175-240-7018x27609
2bb4a408,Angela Harrington,39,Male,Sales,PhD,2015-11-24,98000,whitestephanie@yahoo.com,+1-549-006-5791x2250
027deb45,Laura Garcia,50,Other,HR,High School,2017-11-08,36000,robert48@gmail.com,+1-446-054-4296x25808
794ceef2,Joy Brooks,53,Female,Operations,Diploma,2018-07-24,32000,linda76@gmail.com,778-268-9721x29580
df8b4008,Kenneth Watts,33,Other,,PhD,2016-04-26,103000,lisa82@gmail.com,(139)599-0048
0b90b03d,Ricky Munoz,23,Female,HR,PhD,2017-08-21,27000,leeelizabeth@wright.net,652.034.7551x723
ae1782f6,Daniel Garcia,64,Male,Finance,,2023-06-17,57000,toddleonard@wiley.com,3018037618
3a710f9e,Lisa Thompson,24,Other,HR,Master,2020-12-08,30000,jeremy52@gmail.com,819.946.6466x791
c1472ff2,Olivia Holmes,43,Other,Sales,,2016-07-12,38000,hooperlisa@yahoo.com,001-380-114-8141x92603
19991b39,Mary Alvarez,64,Other,Finance,,2018-05-22,61000,dpope@pierce.com,827.560.8391x7932
55eef366,Jeffrey Gray,58,Other,finance,Bachelor,2016-09-04,98000,leejoseph@williams.info,762.825.4979x1710
59ccc94a,Steven Olson,47,Female,finance,Bachelor,2024-05-29,119000,walshdavid@larsen.com,001-645-130-4770x666
a9d52401,Eric Salazar,25,Female,Marketing,Diploma,2020-12-13,114000,bryan99@wood-smith.biz,(583)393-0375
7570b0ac,Michelle Fowler,58,Other,HR,Master,2021-01-10,117000,hmartinez@cruz.org,552.557.5093
4d171ebc,William Reynolds,31,Female,Admin,PhD,2023-03-20,75000,joshua80@yahoo.com,(926)940-8812x5143
84909370,Johnathan Rogers,56,Other,,Master,2024-05-11,104000,ystafford@yahoo.com,831.110.9157
dd7902fc,Justin Sampson,36,Other,Sales,Master,2024-07-14,106000,danapope@gmail.com,030-000-1807
7bfeadd1,Sandra Baker,20,Male,Finance,Diploma,2024-08-27,30000,bryan51@gmail.com,(425)080-5120x8819
84f16d9d,Stephanie Tucker,26,Other,,Bachelor,2022-06-14,68000,molly47@gmail.com,7760285055
25dccca2,Melissa Evans,29,Female,HR,Master,2022-08-29,82000,nelsonkristen@gmail.com,001-580-918-6223x2946
3862abcf, daniel wheeler  ,51,Other,Admin,Master,2021-12-28,44000,coxjoe@yahoo.com,668.749.6154x0572
5b7117bd,Zachary Beck,56,Male,HR,Master,2020-11-09,51000,xsalinas@gmail.com,748.531.2080
93dc8eea,Travis Schneider,45,Female,Operations,High School,2025-01-18,26000,joseph50@walsh-harris.com,+1-334-833-3893x1771
6e43b319,Scott Miranda,38,Male,Operations,Master,2017-01-22,37000,nallen@hotmail.com,794.981.0634
16daa8f5,Deborah Alvarado,30,Male,Sales,Master,2025-01-10,25000,jamesnguyen@bautista-valentine.com,(238)486-0891
60b61367,Mary Benson,61,Other,Finance,PhD,2018-04-19,52000,stuarteric@gmail.com,001-271-600-3048x74391
461fe028,Mr. Tommy Mcdonald,49,Male,Finance,,2023-09-07,41000,obrown@gmail.com,370.672.5548x14810
8b7fa47e,Jennifer Garcia,45,Male,hr,High School,2018-12-22,60000,griffinterry@yahoo.com,1298158029
fcc1c48c,Matthew Simon,50,Female,Sales,Master,2017-12-02,68000,allenryan@hotmail.com,001-804-294-5628
2cc9abb6,Brandon Ferguson PhD,28,Male,Sales,,2020-01-03,68000,tsmith@hotmail.com,001-182-762-4340x4583
594de8d7,Daniel Ortega,21,Other,Admin,Master,2022-05-11,47000,peggy60@rogers.com,461-127-8956x7538
96d26487,Scott Herrera,63,Other,Operations,Diploma,2023-07-30,69000,ashley34@austin-lawson.biz,919-128-0816x00347
46b821c7,Hannah Smith,45,Other,Finance,Diploma,2021-05-12,35000,christina28@lynch-hoffman.com,649-290-3505x973
945b3711,Nicole Floyd,53,Male,It,,2017-07-13,76000,donaldnguyen@yahoo.com,001-848-032-1621x59759
d58c449e,Katelyn Harper,49,Female,HR,High School,2022-11-19,68000,nicole19@yahoo.com,3302423910
cb9aefff,Heidi Mason,33,Other,Sales,PhD,2021-02-09,55000,boydstephanie@gmail.com,+1-992-748-7104x856
cae2f489,Jennifer Moore,34,Male,Marketing,High School,2020-06-12,41000,ajohnson@gmail.com,6466731881
1c35730b,Kiara Stout,31,Other,IT,High School,2025-08-11,36000,perkinschristopher@yahoo.com,+1-126-220-4524x532
ed5f24c3,Autumn Lee,53,Other,Finance,Diploma,2017-11-26,27000,hknight@hickman.com,441-908-6565x7433
ae50f96e,Daniel Fitzgerald,29,Female,finance,Diploma,2021-02-17,46000,kellyleon@gmail.com,906-901-6143
4a2f2373,Margaret Wallace,39,Other,Finance,PhD,2019-01-21,85000,elizabeth32@wolf.com,061.184.7107x05423
29a099de,John King,29,Female,Marketing,Master,2018-05-06,77000,rturner@lozano-gibbs.com,001-037-432-7531x7171
108ab4de,Yolanda Wallace,48,Male,Finance,PhD,2017-09-25,97000,murphysarah@gmail.com,(371)487-4270x655
74300ccc,Dawn Werner,53,Other,Marketing,Master,2025-04-28,78000,powens@gmail.com,086-547-1539
d3520a91,Katherine Pacheco,40,Male,IT,,2016-03-26,92000,ashley79@hotmail.com,001-526-493-3166
7d05955b,Danielle Carter,56,Male,hr,,2017-06-01,63000,usmith@madden.com,741-499-2464
5a2d6aee,Michelle Armstrong,49,Male,Admin,Bachelor,2017-06-22,37000,moorechristina@hotmail.com,001-712-123-3662x01791
0cc66163,Kelly Robinson DVM,32,Other,It,Diploma,2019-01-16,51000,josephpierce@kim.biz,091.933.5168x97627
e0f3ee66,Randall Johnson,42,Female,IT,Bachelor,2016-11-05,95000,charlotte50@gmail.com,821-883-0431x786
8082a0ee,Connor Summers,50,Other,,Bachelor,2024-08-07,103000,meaganshelton@hayes.biz,(066)126-8113
8f8d4107,Blake Bailey,54,Male,hr,Diploma,2021-02-25,118000,tsmith@hotmail.com,673.179.3349x5037
b69415c7,Mary Williams,50,Female,Admin,Bachelor,2018-02-19,94000,millermatthew@gmail.com,(476)859-0148x452
bba95ec4,Paul Bentley,33,Male,Operations,High School,2019-07-03,90000,samuel25@bright-reed.com,661-223-2687
eb1313b7,Richard Nelson,61,Female,Marketing,Master,2017-07-16,52000,hendersonlaurie@gmail.com,+1-622-061-4131
083a1c27,Joshua Haynes,53,Other,Sales,PhD,2021-11-29,84000,patrickrodriguez@white-hernandez.net,(422)069-1711x06304
3facabcc,Joseph Edwards,21,Female,,Diploma,2022-08-25,91000,lmitchell@yahoo.com,001-079-638-5838x98333
62e0adf7,Steven Moore,34,Other,IT,High School,2024-11-16,32000,clarksusan@gmail.com,187-504-3571x4017
e7773701,Holly Cochran,23,Male,Finance,,2018-09-15,40000,davidsonjoseph@yahoo.com,107.304.1469
eb91d7bc,Joshua Moody,39,Female,IT,PhD,2019-10-24,72000,gina00@little.com,(992)440-1674
2c5d849c,Jill Rhodes,28,Male,Admin,PhD,2020-09-23,86000,hgarcia@anderson.org,001-122-486-4093x94251
e03d1b30,Craig Patterson,37,Female,,PhD,2018-11-30,107000,alexa84@silva.biz,432.047.6345x5738
23a10fdd,Mrs. Megan Kelly DDS,43,Other,HR,Bachelor,2025-01-14,101000,xmccoy@clark.com,421.750.0568x966
4001570a,John Gibson,22,Female,Admin,Bachelor,2020-01-24,69000,gjohnson@gmail.com,+1-724-980-6393x7964
3313f36c,Joshua Nelson,47,Female,hr,Bachelor,2016-01-04,116000,sherry21@bates.com,(641)212-3899x709
4c1e172a,Daniel Owen,37,Other,IT,Bachelor,2017-12-07,36000,davidjones@allison.com,+1-870-344-8371
760e36aa,Nicole Salazar,61,Other,IT,High School,2018-04-23,68000,timothy97@hotmail.com,969-594-1327
c84bbdf5,Colton Munoz,20,Other,,Bachelor,2020-01-31,76000,monica98@dixon.com,001-309-336-1147x9945
18963a6e,Emily Vasquez,28,Female,Marketing,Diploma,2022-07-06,40000,uguerrero@aguilar.com,+1-559-408-4181x070
b1b2b9c6,Lucas Reynolds,61,Male,,PhD,2018-10-06,70000,michael12@beck.net,+1-013-126-0734x43121
af66dc57,Tammy Edwards,43,Female,Sales,High School,2022-06-27,85000,chasekim@hotmail.com,568-683-8590
5aac72b1,Monica Gutierrez,38,Female,IT,,2023-11-28,73000,sydney87@whitaker-white.com,+1-158-160-6360x777
f62162ab,Stacey Sampson,37,Male,Marketing,Bachelor,2017-03-10,66000,richardsbrett@patel.com,482.214.6704
e99d6b91,Victor Gonzalez,41,Other,Marketing,,2019-12-06,91000,dylanduncan@yahoo.com,(444)084-8577x826
c44b04e8,Valerie Contreras,42,Female,,PhD,2018-06-28,107000,wilsongerald@galvan.com,531.624.0735
23fd6ade,Suzanne Nunez,29,Male,Operations,High School,2015-12-21,98000,sydneysexton@gmail.com,(065)972-8885x9738
c960b851,Jackson Fuller,64,Other,Admin,PhD,2018-03-04,109000,connie07@yahoo.com,(834)548-2721x25277
5f843666,Kristina Hernandez,52,Other,hr,,2021-02-15,95000,gordonmaria@travis.com,0398001622
e660a8e0,Kayla Mccann,46,Female,Operations,High School,2020-01-01,51000,ronald53@hester-pennington.com,353-035-4579x49424
0db4897a,Travis Caldwell,23,Other,IT,Master,2020-02-08,68000,fvega@jenkins.com,(258)872-2654
203d54c9,Nicholas Pacheco,23,Other,IT,High School,2018-07-03,64000,rstewart@hotmail.com,8608492515
767a92b7,Michelle Marsh,39,Male,It,Bachelor,2019-11-30,117000,natalie16@gmail.com,+1-980-623-8483
849c30c6,Jonathon Gallagher,30,Male,IT,,2024-12-07,59000,hgarza@waters-lester.com,321-608-2756
15ac37f0,Todd Garcia,22,Other,finance,PhD,2023-01-05,114000,ashleyallen@gmail.com,001-813-519-0693x07789
fc75de3d,Megan Krueger,60,Male,Finance,PhD,2023-04-21,107000,catherine29@yahoo.com,5701270881
9826a55f,Carol Baker,38,Other,HR,PhD,2016-06-20,56000,gmorales@yahoo.com,964.192.0851x4070
90c0e607,Erica Moore,56,Female,It,Diploma,2023-06-04,48000,wilsonnathan@gmail.com,502-835-7100
dd43b0cf,Thomas Richards,43,Male,finance,Diploma,2023-11-12,42000,guerramelanie@brown.com,787-227-2899
95a97dd7,Kimberly Shaffer,32,Other,HR,Bachelor,2022-05-07,70000,wmorales@hotmail.com,+1-735-199-7747
b78a2037,Gary Montgomery,29,Other,Marketing,Master,2016-04-21,108000,franklintracie@yahoo.com,791.492.0273
8429e12c,William Blake,50,Male,IT,Diploma,2021-02-02,56000,ashleylee@gmail.com,001-239-239-4630x83861
f79f8fa9,Dennis Soto,29,Male,Sales,High School,2018-02-02,90000,eburnett@cruz-crawford.com,290-081-6478x604
e522266c,Jaime Lewis,36,Female,hr,,2019-03-02,37000,laurajackson@hotmail.com,(535)302-4324x295
279f5df0,Robert Ramirez,45,Other,,Bachelor,2024-11-27,102000,wdunlap@benson.com,+1-175-974-5538
b819b15d,Ashley Davis,36,Female,hr,Master,2024-03-12,56000,johnsoncarmen@rodriguez.com,390.887.7314
ce3ce7ce,Kim Horn,41,Female,Sales,High School,2023-01-21,65000,rdavis@gmail.com,249-042-4974
33611134,Grace Lewis,29,Female,,PhD,2022-07-10,109000,leemark@johnson.com,077.087.1559
272c7482,Chelsea Burch,39,Male,Marketing,Diploma,2023-10-17,88000,brianjennings@peterson.info,+1-438-385-9008x611
8513176c,Brianna Harris,62,Female,Sales,High School,2020-12-10,118000,qperez@yahoo.com,001-516-452-0835x908
1a85fd69,Maria Garcia,23,Male,IT,Master,2016-09-05,70000,markhill@yahoo.com,985.021.1090x9939
817c6779,Jill Bean,41,Male,Sales,Bachelor,2024-12-20,58000,mcruz@shelton.com,(246)340-0060
ed113faf,Eric Garcia,59,Female,IT,High School,2024-04-16,107000,stevenberg@yahoo.com,001-436-325-2809
7bd50aeb,Diana Crawford,43,Female,Sales,Bachelor,2024-01-30,55000,holmesmark@hotmail.com,982-373-4277x627
3c243b45,James Taylor,59,Other,It,PhD,2018-01-30,78000,isimpson@lewis.net,7677426848
42a1279b,Benjamin Stanley,28,Female,Sales,Master,2017-01-28,77000,sbrown@turner.com,148.703.4884x2241
706ad042,David Adams,40,Other,Operations,Master,2016-06-22,99000,obell@gmail.com,031-345-3888x9990
1f89cec2,Brent Lopez,37,Female,hr,Diploma,2023-06-08,74000,peckvictoria@friedman-lynch.info,733-776-7476x727
058b5ee1,Daniel Price,,Female,HR,,2021-07-20,103000,thomaswallace@gmail.com,510.718.4095
be9e01a9,Jordan Johns,25,Female,finance,Master,2018-11-02,82000,thompsonnathan@gmail.com,(569)024-4861
82f2a59e,Eddie Velez,22,Female,Operations,High School,2020-10-08,95000,yreed@weiss.com,001-465-212-1816x857
334a34a8,Kenneth Esparza,,Other,HR,High School,2016-09-05,37000,estradajennifer@arnold-gutierrez.biz,242.786.9163
4a1954ec,Karen Rodriguez,33,Other,Operations,High School,2016-02-24,41000,seanmoore@yahoo.com,655.268.3374
96b93974,Patricia Bennett,58,Female,Finance,PhD,2019-11-26,78000,monicalopez@hotmail.com,219.316.5370x930
467248f6, jacqueline webb  ,30,Female,,Master,2019-07-09,117000,anthony23@cherry.org,+1-765-264-5600
ccc34f70,Melissa Jones,40,Other,It,Master,2016-05-29,79000,fernandonovak@campbell.com,526-465-1498
d0411dec,Tyler Porter,40,Male,IT,High School,2022-02-06,72000,williamsmary@wright.com,001-850-234-8951
488e5bd8,Joshua Singleton,35,Male,finance,Diploma,2017-01-15,83000,mcdowellkevin@ramos.com,044-288-6020x76021
63b1a52e,Anthony Evans,47,Male,Operations,Diploma,2016-02-13,76000,saraharris@knight-meyers.com,001-313-457-3160
08b9b2e9, robin walker  ,64,Other,Operations,Master,2024-03-09,94000,ttanner@johnson-lang.com,408.093.6958x7056
a83db2df,Ronald Martin,32,Other,Marketing,Master,2018-04-05,29000,mullinsbecky@walker.net,566-286-8004x086
e879c9a6,Martha Flynn,38,Male,Sales,Bachelor,2020-08-16,93000,mperry@yahoo.com,538-811-2628x8753
23a9654d,Jeffrey Evans,51,Male,Finance,Master,2023-08-29,109000,nalexander@gmail.com,(229)977-6784x9192
75566ff1,Angela Johnson,61,Female,finance,High School,2018-02-20,31000,davidcannon@yahoo.com,001-602-299-6139x7121
28874d02,Melinda Hall,33,Other,finance,,2021-08-30,38000,wongjaclyn@webb.com,+1-164-281-8114x47384
dc6bf2c8,Jasmine Buck,30,Other,,PhD,2020-07-03,49000,stephanie64@gmail.com,+1-332-693-3151
e70d8d07,Laura Sanford,58,Male,finance,Master,2018-11-29,62000,kevinstanley@yahoo.com,064-984-8161x4444
8356ed61,Nicole Brewer,38,Male,Admin,Master,2023-02-25,26000,william73@miller.com,5974778222
26c25405,Carlos Olsen,48,Other,finance,High School,2021-09-10,80000,lawrencereyes@yahoo.com,1127029442
902a73ae,Dr. Linda Fleming MD,56,Female,Operations,Bachelor,2020-09-20,33000,sleon@yahoo.com,610.669.7481x565
dbd165a3,Scott Hansen,21,Male,Admin,,2016-11-25,26000,harrisregina@marks.biz,037-438-2599x519
c8f3332a,James Gardner,46,Other,HR,Master,2023-03-26,117000,robertlopez@spence.com,001-722-743-2618x5936
ec68fc07,Julie Smith,44,Other,Sales,Diploma,2024-11-05,69000,tina08@hughes-leblanc.info,445.661.8206
d6de0902,Bruce Rivera,48,Female,Admin,Diploma,2019-04-30,45000,harrisonkeith@hotmail.com,9074869702
f66a015b,Kyle Walsh,31,Female,HR,Diploma,2018-10-29,90000,palmerclaire@webb.org,+1-672-156-0907x1084
2e2d0681,Charles Baxter,31,Male,Finance,PhD,2024-01-22,88000,angela52@hayes-rodriguez.com,(789)040-7406x756
81c974a0,Jennifer Smith,20,Male,hr,PhD,2023-03-11,42000,amorris@walters-rubio.biz,736.409.5914x89383
425ca2e3, jay moss  ,55,Male,IT,,2019-10-12,85000,jacobtorres@randall-hampton.com,001-832-497-3768x227
96bf02dd,Krista Hicks,56,Other,Operations,Master,2025-09-06,80000,gjackson@may.org,(656)777-9202x8532
95a15905,Donald Smith,20,Male,Admin,Master,2025-03-04,118000,marshkristina@gmail.com,813-944-0107x04051
114c440d,Tanya Hall,54,Other,hr,Master,2021-03-24,111000,aperez@davis-molina.org,709.018.2785x087
bb9ddc31,Isabel Hall,44,Male,Sales,PhD,2018-12-14,99000,lhurst@yahoo.com,001-978-229-7120x30233
aa4e8b03,Elizabeth Fleming,29,Female,Marketing,,2019-07-15,36000,ywarren@gmail.com,807-775-8741x123
ade81084,Angela Russell,26,Female,It,Master,2025-04-02,39000,wburns@yahoo.com,4778667693
3b45d977,Stephen Nguyen,62,Other,Finance,High School,2017-07-23,39000,lnorton@beck-cox.info,(954)068-2830
ead217d1,Eric Hull,58,Female,IT,Bachelor,2025-03-06,75000,wallacesarah@lutz.info,151-724-5838x027
1afd943c,Daniel Vaughn,61,Other,Sales,Diploma,2018-09-05,107000,christophergomez@mcbride.org,+1-492-143-0669
ba68e69f,Alexander Martin,40,Other,It,Diploma,2024-07-01,64000,stephenrodriguez@yahoo.com,939-521-5518x0295
f92b7b46,Anthony Morton,38,Female,Finance,High School,2025-08-10,71000,mariestuart@hotmail.com,(628)374-0064x17890
0fda6ca4,Thomas Sanchez,26,Other,Marketing,Master,2019-01-17,114000,drew78@moss-summers.net,(680)242-4280x3861
09943e76,Gary Palmer,47,Female,HR,,2022-04-15,62000,nguyenamber@hotmail.com,(797)001-6906x85486
7108022a,Michelle Knight,58,Male,Marketing,,2019-01-23,36000,andrerodriguez@gray.info,126.792.7043x971
a19c7caf,Daniel Morton,44,Male,Admin,PhD,2018-08-19,27000,nelsonchristine@bryant.com,(234)731-0138x3524
2c8fabbc,Jordan Vasquez,48,Female,IT,Master,2023-08-13,119000,gpeters@thomas.com,(098)622-9671
73131038,Scott Lyons Jr.,35,Female,finance,,2025-02-22,66000,qclay@lewis.com,(759)036-8785x6095
a32c5e99,Jonathan Solomon,38,Female,,Master,2023-01-21,104000,stewartchristopher@anderson.com,973-822-5984
321a9240,Elizabeth Anderson,34,Female,Operations,Diploma,2024-07-30,111000,allisonhernandez@stewart-barrett.com,632.869.9993
adc90caa,Melissa Smith,64,Male,Operations,Diploma,2016-02-29,116000,tiffanypatterson@burton.biz,001-440-127-9205
bdfdcc7b,James Fernandez,61,Other,HR,PhD,2023-12-07,69000,ryanperry@yahoo.com,502-361-4773x5457
874db4a6,Mark Peters,25,Other,Sales,Diploma,2016-06-22,115000,anthonybaker@gmail.com,539-955-8212
16054b9e,David Cruz,34,Male,IT,Master,2020-06-18,70000,donna79@adams.info,001-063-072-2805
f5b79271,Peter Chavez,63,Other,finance,High School,2018-11-15,109000,uthomas@morales-green.net,(922)310-3545x5123
08825d14,Judith Glenn,45,Male,HR,PhD,2019-10-02,115000,ujohnson@yahoo.com,001-006-511-8110x3389
01572a56,Antonio Hughes,41,Other,,High School,2021-10-17,76000,perezjeanette@yahoo.com,+1-282-237-5334
917bc866,Frederick Finley,42,Female,Admin,Master,2023-07-27,48000,cbuck@hotmail.com,132.162.9362
5738db52,Tara Lloyd,27,Female,Admin,PhD,2019-09-24,64000,tthomas@wilson-jarvis.com,598-010-2714x164
f52eaf63,Mark Wilkinson,53,Female,finance,High School,2017-02-22,26000,burkebrett@hotmail.com,516.182.7857x329
87352231,Margaret Kennedy,38,Male,finance,PhD,2024-08-30,100000,moralescharles@yahoo.com,885-984-5381x2058
351d1137,Darren Thompson,55,Male,finance,Master,2022-01-17,118000,glenda36@gmail.com,8064002096
8037b969,Jennifer Poole,60,Other,Marketing,,2025-08-24,36000,ojackson@morris-rogers.com,3108981006
e65664ac,Felicia Fischer,35,Other,It,PhD,2019-10-20,41000,stephaniecortez@dudley.net,458.044.2582
cd35637c,Dr. Zachary Peterson DDS,49,Other,Operations,,2017-01-01,60000,lraymond@yahoo.com,255.562.4407
a01ed90e,Douglas Ferguson,26,Male,hr,Master,2017-03-04,66000,hsantana@lynn.org,844-782-1370x39202
91b3f921,Eric Marks,33,Other,IT,PhD,2023-01-20,57000,alicia02@gmail.com,001-482-119-1600x470
846a4a71,Robert Anthony,49,Female,hr,PhD,2025-08-23,104000,elittle@brady.com,963-684-1519x150
7fab9b07,Wanda Hughes,48,Other,Marketing,,2018-12-25,78000,gutierrezshelly@watson.info,688-376-5344x7363
8a60b332,Sarah Martin,64,Female,Sales,Diploma,2017-03-05,75000,justinjohnson@hotmail.com,+1-180-537-4973x897
d24289ea,Kristopher Allison,38,Male,Admin,,2019-01-19,108000,mary55@gmail.com,165.727.3114x93648
d4018a45,Heather Riley,57,Female,Operations,,2021-03-22,59000,travis64@yahoo.com,794.673.5612x858
5b9facde,Rebekah Gutierrez,30,Female,finance,,2020-01-17,77000,michellearmstrong@gmail.com,001-113-734-1816x25043
2869b5ee,Brian Webb,35,Female,,Master,2021-02-11,82000,hudsonlance@yahoo.com,9099748336
88cfffa2,Kaitlyn Parker MD,60,Male,,Bachelor,2023-10-03,75000,katie65@garner-miller.com,(126)516-5532x0216
848be725,Patrick Barnes,48,Male,,,2016-10-08,42000,williamsgregory@gmail.com,001-345-564-8677
4feeea91,Jorge Tyler,47,Male,IT,PhD,2021-09-09,35000,vmaldonado@henderson.biz,(386)625-4522
8bc2d46d,James Ray,37,Male,finance,High School,2015-12-01,115000,kevinchase@hotmail.com,001-970-128-5588
95309450,George Harding,64,Other,Operations,Diploma,2023-10-14,34000,qfrench@sweeney.com,001-386-192-7623x3799
fc24a159,Olivia Carpenter,29,Male,Admin,,2015-11-09,71000,suzanne86@gmail.com,(089)898-2352x680
0843280a,Deanna Jennings,52,Female,hr,,2024-03-25,115000,qaustin@gmail.com,019-387-9466x285
3354b4be,Hannah Butler,25,Male,finance,Diploma,2023-12-16,102000,lorettajames@christensen-mendoza.com,001-834-023-3607
0f344fe1,Jamie Lawrence,62,Other,finance,,2022-03-06,39000,jenniferkennedy@smith-king.com,263.973.6582x375
d11756d5,Tammy Finley,52,Other,Marketing,PhD,2015-11-27,94000,ryanannette@hotmail.com,730-742-4229x5778
c1e158aa,Jennifer Robinson,38,Other,Sales,Bachelor,2025-04-20,70000,paulawilliams@fernandez.biz,912-241-3994x25151
0ff4c2d6,Jason Kelley,56,Female,,,2025-03-08,90000,logangraves@olson.org,404-300-0517
ce3fde9a,Randall Ramos,42,Male,HR,Diploma,2020-11-10,54000,larsonjessica@brown.com,001-352-012-3778
9c291269,Jesus Carlson,28,Male,Operations,,2025-06-08,99000,jason24@martin.biz,489-528-6220x35040
ceb7803e,Peter Harris,50,Male,Marketing,Master,2020-08-09,31000,stephaniewilliams@hotmail.com,4922267177
121d87ac,Samantha Thomas,33,Female,Sales,PhD,2025-08-18,112000,wgutierrez@gmail.com,001-209-125-9651x882
bd4211d1,John White,55,Female,It,PhD,2022-08-06,84000,zacharyrivera@jones-flowers.com,001-379-379-3975x1078
e3346bd8,Olivia Wallace,38,Other,Sales,Bachelor,2019-03-02,67000,davisarthur@rich-hensley.com,806.239.4661
21249735,Angela Potts,21,Other,Finance,Master,2021-09-11,73000,jennifer77@hotmail.com,+1-526-132-5318x378
1aa3c18e,Virginia Martinez,55,Male,,Master,2023-07-23,58000,calvin04@taylor-boyd.info,+1-046-270-6132x204
39a9a8a9, jennifer lopez  ,58,Female,Finance,Bachelor,2022-03-25,99000,jessica88@gmail.com,0718486159
7a438217,Jennifer Rasmussen,26,Female,Marketing,High School,2024-05-20,84000,sarah52@johnson-padilla.com,+1-737-066-3292x871
e05f039c,Carol Harris,58,Male,Sales,,2022-11-17,108000,jessica64@gmail.com,5260610472
ee662c46,Michael Parsons,62,Male,HR,Master,2022-11-08,113000,xthomas@rodriguez.com,(853)413-3277x05662
c82585fa,Charles Jensen,41,Other,Operations,High School,2017-12-06,78000,abautista@yahoo.com,714.875.4399x814
9baefd9e,Darlene Gray,58,Other,Finance,High School,2017-01-01,89000,charlenerichardson@cooper.org,+1-663-366-3095x3079
af001605,Robin Preston,29,Other,Sales,PhD,2019-11-04,37000,lydia26@yahoo.com,(932)154-1649x18598
7b6fb65b,Tiffany Gray,64,Male,Operations,,2025-02-06,27000,morrowmichael@gmail.com,+1-069-994-8706
60920068,Mrs. Cristina Stark,26,Male,It,PhD,2015-12-30,40000,michelle32@hotmail.com,4908315330
b38adf82,Gregg Anderson,47,Other,,Diploma,2021-05-02,92000,mccarthyronald@davenport.com,001-793-769-7685x5016
1d96dc53,Joshua Myers,48,Other,hr,PhD,2025-08-24,47000,ydavis@gmail.com,966-999-8706
9d9b72b9,Linda Davis,28,Female,Operations,Master,2021-11-24,72000,smithkayla@gmail.com,(906)387-4736
5a0ed9b7,Dana Baldwin,57,Female,Sales,Master,2017-01-15,78000,courtney92@gmail.com,047-580-6431x8090
eb068b1e,Richard Hensley,46,Other,Marketing,,2020-03-05,94000,harveysarah@osborne.info,237.433.7015
178cb5a0,Joseph Clayton,54,Other,Finance,High School,2025-03-13,46000,seth15@yahoo.com,+1-732-626-4062x4945
69bea8c9,Joseph Chan,31,Female,Finance,Master,2020-07-21,104000,staylor@gmail.com,(164)501-9227
cec7b903,Brian Nixon,50,Other,Admin,PhD,2021-11-27,35000,aperry@hotmail.com,001-004-377-0474x376
0bb8382f,Pamela Meyer,54,Female,Sales,PhD,2020-07-11,34000,mary78@harvey-lyons.com,+1-268-957-1592x95269
df8db157,Christopher Bell,55,Female,Admin,,2018-09-18,98000,guzmanandrea@gmail.com,3000849445
0e8fed60,Charles Pham,44,Female,It,PhD,2018-07-28,52000,howardandrew@gmail.com,+1-224-143-9540x55617
704532d5,William Ortiz,40,Male,HR,Bachelor,2022-02-08,85000,zlarsen@luna.com,+1-884-592-1233x9418
506a8dd3,Tracy Diaz PhD,22,Male,HR,,2025-09-17,76000,collinfarrell@hicks.com,001-846-431-1019x68380
e3f2df80,Scott Bean,49,Other,Sales,,2021-06-18,71000,charlesfrancis@webb-castillo.org,+1-914-237-4322x3308
21351574,Marcia Griffin,36,Female,Finance,Master,2021-07-11,114000,bdennis@yahoo.com,+1-724-721-4506x1747
a8575900,Michael Williams,56,Male,,,2017-07-07,109000,romerotonya@guerrero.com,001-653-388-0882
138d8006,Tiffany Jackson,42,Other,IT,Diploma,2019-02-19,89000,sjackson@hotmail.com,310.366.1369x82878
34b34dcb,Benjamin Castillo,41,Other,HR,Master,2019-01-05,71000,darrell70@gmail.com,799.583.7809
d03c9c2c,Anna Novak,40,Other,Finance,Master,2016-05-21,117000,vanessamcguire@gmail.com,193.422.0509
dbd7b4b4,Kristin Brandt,20,Other,finance,Bachelor,2021-05-15,82000,beckbrian@hotmail.com,601-762-7765x702
4d7efc8e,Tiffany Rowe,49,Other,finance,Master,2016-12-11,94000,coconnell@yahoo.com,300-292-3214x533
8d28eef5,Kimberly Kennedy,29,Female,Admin,High School,2021-10-09,80000,tamaraholland@monroe-davila.com,550.949.9357x27763
3e84455f,Karen Gillespie,46,Other,Operations,PhD,2020-10-20,99000,travis06@gmail.com,716-960-3042x607
51a0bd7c,Christina Salinas,64,Female,,PhD,2017-06-09,26000,jason92@hotmail.com,001-359-384-1639x54250
1ab88733,Robert Shaffer,50,Male,Admin,,2025-09-12,104000,nicholasaguilar@hotmail.com,001-274-310-6397
692c6843,Rebecca Thompson,23,Other,finance,Bachelor,2022-11-01,55000,toni11@taylor-barnes.com,8185068020
7c781b98,Kara Estrada,56,Male,,PhD,2019-05-05,31000,sharon64@gmail.com,151.573.2554x81809
e97c0ea5,Eric Simmons,28,Female,IT,High School,2021-10-30,110000,reedbruce@powell.net,769.767.8651
855fecc6,Philip Weaver,58,Female,Operations,Bachelor,2017-08-31,53000,jbond@bryant.biz,519.161.6294x05339
8d8f2868,Kaitlin Smith,64,Male,Admin,Diploma,2017-06-29,38000,benjaminperkins@hernandez.com,677.488.7560x13640
b993c041,Andrew Rose,42,Other,finance,PhD,2016-03-28,97000,xwells@padilla-patterson.info,616-250-2174
092e9fab,Michael Hernandez,53,Other,It,Master,2022-10-15,78000,zimmermanlaura@floyd.com,+1-610-930-0471
70b6052f,Michael Cross,62,Male,HR,High School,2024-04-08,61000,mirandalaura@weeks.org,558.061.1503x858
f3fac150,April Cummings,41,Male,HR,High School,2021-01-18,38000,lsmith@williams-lee.org,684-381-1005x3511
d61968aa,Edward Valentine Jr.,35,Male,Admin,PhD,2021-08-17,53000,craig10@gmail.com,6566759877
9696e833,Jonathan Taylor,,Other,It,,2017-08-16,69000,mlee@yahoo.com,+1-958-853-0962x09722
f710900b,Andrea Oneill,49,Other,IT,Diploma,2019-09-20,87000,jeffreypowers@parrish-gray.info,084.205.2604x838
dac5609e,Jason Baxter,49,Other,IT,Master,2023-02-05,49000,john70@hotmail.com,6181493631
04d340e8,Patrick Chan,60,Male,Sales,Diploma,2019-09-14,101000,wendy25@yahoo.com,(588)683-3166
71ab4711,Jared Becker,60,Other,It,Diploma,2022-08-21,90000,carlos03@moore.com,590.972.5924
611b92ab,Donald Bryan,52,Female,Operations,PhD,2021-11-05,59000,david38@gmail.com,001-442-709-6896x892
88516447,Nathan Brown,27,Male,Finance,Master,2015-12-19,113000,mary03@gmail.com,(273)127-9156
0803ad31,Pamela Carter,40,Other,IT,PhD,2021-07-02,101000,curtis46@yahoo.com,(293)493-1906x13836
efede7bb,Teresa Lopez,31,Male,Operations,PhD,2016-04-26,54000,michaelcarroll@porter.com,650.452.6182
c125798e,Walter Romero,43,Female,IT,,2020-01-31,101000,fturner@garcia.org,(863)784-3548
d4022243,Steven Barker II,36,Female,Sales,High School,2016-11-26,63000,tonyawalsh@yahoo.com,626.394.6917x909
c0d978e7,Maria Simmons,30,Male,hr,,2024-02-27,97000,abigailtodd@hotmail.com,+1-404-727-0721x162
07001750,Sharon Rogers,58,Male,IT,,2019-11-02,96000,dhamilton@horton-merritt.com,(878)833-3740
9f1c9fd4,Brittany Taylor,35,Female,It,PhD,2024-03-31,69000,cweaver@jones.com,937-867-0322
c8594dfb,Mr. Matthew Peterson,33,Male,Operations,,2018-03-22,65000,pateljoseph@yahoo.com,(561)127-4061x59471
c09d557f,Lisa Stevens,60,Female,It,,2018-03-12,41000,laura00@yahoo.com,587.753.4697x74114
8da4afbe,Andrew Rodriguez,33,Female,Sales,Bachelor,2019-11-02,59000,dawnmccann@hotmail.com,748.153.3755
eeb687c3,Lee Boone,33,Other,Sales,Master,2020-03-27,99000,frankmckenzie@aguilar-lopez.com,4237969959
fdab0afa,Mr. Luis Bell,57,Male,It,High School,2018-01-31,73000,kennethparker@hotmail.com,949.009.3012x17502
6c8073b7,Amber Allison,31,Male,Operations,Master,2022-12-10,84000,suarezjeffrey@hotmail.com,(210)224-2014x975
c4ddfe54,Nathaniel Gomez,35,Other,Operations,High School,2024-01-31,63000,timothy49@flores.com,(736)503-8898x483
f5d68c8f,Michael Montes,50,Female,HR,Bachelor,2024-05-06,26000,salvarez@moore.info,001-870-384-7413x47350
fe1be3e9,Aaron Adams,27,Male,It,PhD,2023-09-24,105000,qroberts@wolf.com,001-861-307-4737
e85fda55,Christina Woods,58,Other,hr,High School,2016-06-21,30000,jessica62@yahoo.com,2405331546
aebeca58,Christopher Blankenship,38,Other,Sales,High School,2019-03-07,54000,matthew85@bailey-porter.org,+1-536-412-3763x529
ffb1c192,Vincent Welch,44,Male,HR,High School,2018-09-25,88000,robinsonjoseph@sutton-king.org,001-365-569-5894x2462
4bbb2e9a,Frank Martinez,45,Other,,Bachelor,2019-06-26,118000,jason91@gmail.com,9732758251
09e218a7,Daniel Munoz,39,Female,Admin,Master,2025-01-26,87000,nancytrujillo@thomas.com,341-633-5018x836
44cca057,Douglas Martin,36,Other,Admin,Bachelor,2017-09-15,100000,wgarcia@snow.com,5053573696
a72d0bf4,Richard Cook,31,Female,Sales,High School,2018-03-07,116000,marygarcia@gmail.com,727.475.8487x61129
0328a80d,Elizabeth Villarreal,34,Female,HR,,2024-07-30,26000,jefferydavis@nguyen-roman.net,943.255.8844x0492
a928a5b2,Tracey Melendez MD,27,Male,hr,High School,2017-03-01,116000,riddlerebecca@solis-chang.org,(034)483-8717x6027
d8fbd542,Samantha Aguilar,30,Other,It,,2023-04-23,58000,yodermichael@hotmail.com,+1-935-164-1317x111
046b96f9,Carlos Burke,62,Female,hr,PhD,2016-11-15,38000,hilljohn@hotmail.com,551.463.2914x63621
09791408,Kimberly Steele,56,Female,,Bachelor,2024-10-02,44000,weaveroscar@rivera-blevins.com,055.782.6297
a34321bf,Matthew Farley,37,Other,Sales,,2025-07-02,85000,christylynn@yahoo.com,987-961-9315x62149
689ab92d,Suzanne Luna,25,Female,IT,Bachelor,2019-09-18,106000,nancyallen@walls.biz,574.992.5603x7514
145d2f7e,Thomas Hamilton,53,Other,,Diploma,2021-10-23,51000,rberry@hotmail.com,001-208-596-7398x5266
8d2bb00b,Karen Macias,36,Male,HR,Master,2021-01-09,27000,smcintosh@hotmail.com,314-698-0365x8448
70c0a4f6, corey torres  ,34,Female,IT,Diploma,2023-05-04,36000,coxalexandra@cox.com,358-859-8071x236
c96782fb,Grace Torres,57,Female,It,,2021-03-31,102000,ortizdonna@hotmail.com,9858133349
7eb3a98f,Kelly Martin,22,Other,Admin,Diploma,2018-03-01,74000,klam@obrien-diaz.com,001-322-906-0809x196
2cabb9ad,Jamie Woods,43,Other,Marketing,Master,2017-11-03,71000,guzmandebra@thomas-joyce.com,954-638-2213x6119
a7ee2f23,Jared Dawson,50,Other,Admin,,2016-12-31,62000,tuckerchad@gmail.com,001-980-041-4999x07786
a793eb81,Steven Delacruz,58,Other,It,PhD,2018-07-17,119000,brandon58@martin.com,3998337613
81b85934,Sandy Austin,31,Female,Sales,PhD,2023-04-22,90000,nicolesimpson@yahoo.com,(791)508-3214x31075
513cd464,Pamela Perez,63,Male,Operations,Master,2021-03-12,117000,dharris@yahoo.com,957.748.7558
3a5b171c,Maria Davidson,35,Male,Admin,Master,2025-09-09,81000,slozano@gonzales-odonnell.com,825-982-3772x14902
fdf1d205,John Lin,55,Male,finance,,2022-12-31,107000,scottmontoya@yahoo.com,3828896124
0420521e,Lori Le,24,Male,Admin,Bachelor,2019-12-15,25000,harrisscott@fletcher.org,(165)511-6280
d972c236,Alexandra Jones,37,Other,Admin,,2024-04-09,48000,cfigueroa@gmail.com,001-095-674-0424x4313
0b73a040,Karen Woods,31,Female,Admin,Bachelor,2019-07-02,34000,victoriawebb@bernard.org,795-513-1210x0082
1bf2235c,Shawn Sullivan,44,Female,It,Bachelor,2016-12-30,,imcconnell@gmail.com,7440776217
1cf98855,Tracy Whitaker,32,Female,Admin,Bachelor,2017-04-16,71000,grahamnicholas@hotmail.com,(517)478-9475x1977
343c1752,Dennis Moore,49,Other,IT,,2021-01-01,71000,randyparker@yahoo.com,522.528.9135
d44260d2,Jason Greene,22,Female,IT,High School,2019-04-21,33000,oalexander@yahoo.com,330-055-1641
1246d2a5,Philip Robbins,57,Other,Admin,High School,2019-11-10,104000,david83@yahoo.com,(733)346-8803
4878383a,Ronald Villegas,26,Female,Finance,PhD,2017-08-03,53000,willisjames@gonzales.com,+1-699-292-9065x57107
9b622c0a,Meghan Hernandez,43,Male,Finance,High School,2016-01-28,58000,alvarezmichael@yahoo.com,001-691-549-3174x8968
f9a013be,Tony Wilson,31,Other,IT,High School,2024-11-25,42000,mary39@sims.com,+1-405-264-0055x2950
5fed5cb7,Robert Foster,50,Female,Marketing,Bachelor,2024-05-15,76000,anthony03@stephens.info,+1-310-965-1725x72836
4b47b715,Deanna Choi,56,Male,Operations,Bachelor,2022-08-26,57000,dbooth@thompson.com,+1-949-765-2403x47375
5e4908c8,Kenneth French,56,Male,,Master,2018-07-22,55000,nicolewilson@morgan.biz,+1-368-372-0525
266a8b90,Madison Boyd,46,Male,finance,Bachelor,2019-11-23,99000,gonzalezmichelle@dixon.net,182-809-1057
1b3206f0,Leroy Walker,48,Other,finance,,2016-09-18,104000,olevine@hotmail.com,(418)779-4641
5027b309,Lisa Mercer,21,Other,Admin,Master,2023-02-24,29000,cartergail@hotmail.com,977-134-4835
bdf68eb0,Robert Martin,46,Female,Marketing,Master,2021-06-27,36000,philipfitzgerald@banks.com,834-720-9002
b67cb2ac,Marcia Flowers,21,Male,Finance,High School,2025-09-10,109000,czuniga@garza.com,+1-224-051-6497
60fba34c,Maria Morris,63,Female,Finance,Bachelor,2020-03-18,98000,pnunez@reed.org,+1-642-037-2254x07955
a8350a40,Jason Steele,52,Female,Marketing,High School,2016-03-31,87000,frank67@osborne.com,+1-717-568-7877x9913
c33a8761,Rebecca Miller,34,Male,Operations,Bachelor,2016-04-03,30000,isingh@yahoo.com,+1-411-582-4212x297
f486a251,Scott Smith,40,Female,IT,High School,2019-10-18,68000,dmonroe@hotmail.com,059-913-1539x79294
fe08a540,Jeffrey Durham,50,Other,Operations,High School,2024-11-10,68000,jacksonstephen@hotmail.com,833-377-4725x6148
ff70abaa,Julie Chan,56,Female,Sales,High School,2017-06-04,108000,ruizmark@yahoo.com,637-113-4544
bbe43aa7,Adam Cortez,26,Male,Sales,,2024-06-19,88000,patriciabrown@thomas.com,073.010.4876x57053
1f09bd6b,Justin Andrews,26,Other,Finance,PhD,2016-02-13,117000,robert23@orr.com,(632)525-1187x165
cc5732f2,Makayla Reynolds,24,Other,,High School,2019-12-10,42000,ljimenez@johnson.com,1837540074
a8c12f22,Jennifer Hancock,32,Female,Sales,Diploma,2022-11-26,70000,vparrish@hotmail.com,313.036.9189
5122f001,Elizabeth Hayes,50,Female,It,Diploma,2020-11-12,69000,swansontonya@gmail.com,595-812-9789
93432c76,Ryan Thornton MD,53,Other,Finance,Diploma,2025-02-08,52000,freemanmark@hurley.com,879-597-0452x60750
5424aae4,Amy Morse,28,Female,Admin,,2022-02-17,107000,christina20@kerr-lucas.com,001-580-152-8331x1609
fa3bc921,David Morales,21,Male,hr,Master,2017-05-17,84000,margaretmoore@salinas.com,9162850000
5097ce46,Charles Thornton Jr.,30,Female,hr,High School,2016-06-08,88000,wwagner@sims.biz,465.468.3275x009
b16d3da7,Trevor Shepherd,49,Female,HR,Diploma,2016-07-22,46000,jessicahill@hotmail.com,(575)096-9168x56424
f525d556,Kenneth Howell,47,Other,Admin,,2017-12-29,118000,thomasrobin@hotmail.com,675.695.0960
14669189,David Andrews,23,Female,hr,Master,2016-12-13,74000,richardgabriel@gmail.com,621-736-2373
1391d18a,Destiny Nash,43,Female,Operations,Diploma,2024-04-26,86000,mkrause@ryan.org,(919)026-6083x866
7bf18cf4,Megan Grimes,59,Female,HR,Bachelor,2018-05-28,45000,richard11@stein-trevino.com,(846)708-0299
c94b3a6f,Melissa Thompson,49,Male,Finance,PhD,2020-12-24,94000,victoriaholder@gmail.com,001-967-622-6257x726
d3ec1562,Michael Cook,39,Female,Marketing,High School,2017-02-02,56000,martinmegan@gmail.com,(116)597-5003x445
ecfbc936,Ronald Mckenzie,38,Male,Marketing,PhD,2020-02-07,67000,ggardner@gmail.com,+1-191-531-8759
e8c5a3b0,Daniel Smith,57,Male,Finance,PhD,2016-03-15,30000,davidhill@scott-stanley.com,+1-602-959-4656x60233
aa7898aa,Mr. David Villanueva,40,Male,,Bachelor,2025-01-20,114000,hbecker@frost.com,+1-507-557-6150x62556
cbbd3732,Amber Odom,22,Male,Finance,Bachelor,2017-04-14,25000,thomascox@yahoo.com,882-890-0458x88299
1e32e3e1,Brian White,31,Other,IT,Bachelor,2023-06-02,40000,eguerra@yahoo.com,762-624-0195
81496136,John King,63,Male,Marketing,Master,2016-07-28,88000,barkernicole@robinson-edwards.com,702.440.4729x9672
7e83e815,Kimberly Lee,60,Female,hr,Diploma,2018-02-03,81000,jacob06@martinez.com,001-374-106-2769x0460
32b6f533,Brooke Allen,38,Male,finance,High School,2024-08-10,53000,marc82@gmail.com,9354677513
743de03a,Frederick Jones,31,Female,HR,Bachelor,2020-04-02,109000,katherine24@howard-bennett.org,001-910-503-0850
6b2b0c27,David Anderson,35,Male,,,2022-12-28,115000,ycook@yahoo.com,9691780201
b61d1f43,Allen Erickson,54,Other,Sales,High School,2016-11-12,49000,jeffhunt@franklin-holmes.com,884.750.7933x1676
19dad534,Herbert Ferguson,51,Male,Admin,High School,2023-01-09,58000,gavinmoss@joseph.info,157-093-0666x845
d577c131,Dr. Tyler Adams DVM,,Male,,High School,2025-02-27,86000,james42@steele-jones.com,001-770-929-1629x569
2abc4b2f,Christian Woodard,33,Other,Sales,Bachelor,2023-10-22,98000,lisastewart@nash.com,(734)472-9326
83d04bac,Megan Shah,31,Male,,Bachelor,2024-11-12,94000,josephjohnston@gmail.com,(084)555-4320x54670
635b729c,Benjamin Wheeler,35,Female,finance,Diploma,2023-05-19,51000,amartinez@powell.net,870.688.2985
20a0c244,Robert Foley,42,Male,It,Bachelor,2019-01-22,48000,kayla11@lutz.com,+1-764-403-1563x9660
3dcead91, david owen  ,26,Male,,Bachelor,2018-12-04,84000,williamsellen@hotmail.com,+1-363-174-2507x129
5639117a,John Black,45,Male,hr,High School,2016-11-22,54000,dnorris@cobb.biz,+1-366-732-7145x9011
562e121f,Sarah Short,63,Other,Finance,Diploma,2020-08-03,77000,shelby97@yahoo.com,001-492-476-9309x79007
1b96ee81,Stacey Berger,41,Male,IT,PhD,2025-06-17,90000,justinpatton@graham.org,928.979.2270
12e1725b,Patrick Daniel,64,Male,HR,Bachelor,2025-07-25,74000,amy55@collins-johnson.com,8741726194
f32de530,Tyler Huynh,26,Female,Marketing,,2023-12-08,81000,valerie71@yahoo.com,6990525979
a17e34b0,Lisa Baxter,26,Male,Sales,Bachelor,2015-12-25,57000,floresrobert@hotmail.com,543-746-6786x312
6f8963b3,Michael Garrison,44,Male,It,PhD,2019-05-14,82000,joe24@yahoo.com,4897687547
b33aa6b9,Jon Martinez,31,Male,HR,High School,2017-12-25,44000,danielferguson@hotmail.com,390.378.4411
b944e469,Jessica Hall,57,Male,,Diploma,2016-02-25,79000,samantha99@smith-jensen.com,(113)067-5121x89438
d1f2789b,Lynn Anderson,55,Female,Finance,High School,2020-07-25,60000,johnwilliams@gmail.com,+1-497-024-6013x5345
26fa466b,David Larsen,46,Female,HR,Master,2018-12-29,87000,andrewcampbell@gmail.com,+1-294-975-9300x36380
97d20300,Patrick Anderson,43,Other,Finance,Bachelor,2021-02-04,42000,rodriguezrenee@gmail.com,(927)761-0026
741a5b09,Megan Salas,34,Male,Sales,,2024-03-25,108000,iwang@williams.net,4976944656
2d3dab8a,Stephanie Moran,20,Other,hr,Master,2020-02-25,101000,judybenson@gmail.com,001-537-108-7424x435
47802d60,Carlos Sawyer,36,Other,hr,Bachelor,2019-06-04,97000,qgarcia@gmail.com,001-585-716-9452x882
3b759faa,Jeffrey Jones,35,Male,Finance,Master,2019-04-15,76000,osaunders@hotmail.com,001-108-539-3166x111
0c5c9940, christian edwards  ,48,Female,Finance,PhD,2021-01-07,94000,dakotahughes@strickland-combs.com,038-225-8650
8673173a,Janice Stokes,57,Female,IT,Bachelor,2020-12-29,116000,benjamin34@gmail.com,(801)391-5111x0175
ed944378,Jennifer Griffin,31,Male,Admin,,2018-01-02,86000,pruittkristin@gomez.biz,462.639.7024x58758
62524390,Elizabeth Jennings,50,Male,It,Bachelor,2017-07-30,85000,jmorgan@hotmail.com,576.927.1854x40019
f41978cd,Jenny Durham,47,Female,IT,Master,2016-07-15,95000,davismark@hotmail.com,(711)648-4141
f1eef895,Natasha Watkins,64,Male,HR,Diploma,2022-10-19,100000,pamelaanderson@hotmail.com,717.385.2926x056
bb21d347,Blake Mitchell,48,Male,Operations,Master,2021-12-11,42000,oliverrebecca@yahoo.com,001-109-742-9192x36450
473bccd4,Morgan Atkinson,36,Male,IT,Bachelor,2016-12-05,98000,pgibson@gmail.com,(125)881-0669x9170
507a61a9,Lindsay Washington,31,Female,HR,Bachelor,2016-07-25,25000,cortezheather@strickland-patrick.org,6282197729
2a6445d3,Kathryn Garcia,61,Other,Marketing,Diploma,2016-02-26,29000,uhill@goodwin.com,508-936-9898x8352
7c9428af,Amanda Lloyd,39,Other,HR,High School,2020-10-21,52000,cburns@miller.com,001-273-133-5988
2b589b3f,Mary Cruz,48,Male,HR,Diploma,2022-07-10,64000,woodcrystal@rodriguez.info,001-734-285-8101
4269f091,Joseph Russell,39,Female,Finance,High School,2015-11-01,74000,dross@brewer-tate.com,001-147-796-2893
1b2aa4e4,Michelle Gross,35,Male,finance,,2016-11-30,28000,jonathanpreston@yahoo.com,+1-043-083-2864
47543604,Robert Gomez,58,Female,,Bachelor,2016-01-02,64000,xruiz@chavez.com,(148)363-9517
8d5a9549,Kyle Kaiser,37,Male,Finance,PhD,2020-10-09,85000,patriciakelly@lowe-craig.com,630-222-4394x71728
2b39e995,Mary Reyes,33,Female,It,PhD,2017-09-05,53000,cbautista@yahoo.com,(295)141-4108x36289
0a2cbb1b,Olivia Herrera MD,27,Female,Finance,Master,2019-03-11,85000,martinmelissa@johnson.biz,+1-811-670-0796
89b4db80,Joseph Smith,28,Other,It,Diploma,2017-11-15,50000,michael30@hotmail.com,+1-415-369-4450
7d058c07,Michelle Moore,62,Male,It,Diploma,2019-10-15,73000,olsonjennifer@gmail.com,014.561.0925x514
5e9a35cf,Mark Spencer,49,Other,finance,PhD,2021-07-09,105000,qmoore@hodge-alvarez.com,(198)389-0060x85534
f2a83faa,Terri Roberts,41,Other,finance,High School,2022-01-12,75000,michaelvaldez@mitchell.net,8359775079
71e007b0,Corey Clark,48,Female,,Diploma,2021-06-25,72000,angela23@hotmail.com,568.481.3459
742f790e,Albert Black,51,Male,Operations,High School,2023-07-18,85000,davisthomas@sanders.net,265.234.3992x5449
b75c3825,Michelle Johnson,27,Female,It,High School,2025-07-08,83000,gardneralexa@pacheco.com,+1-317-508-3126x23097
1eb46d3b,Amber Ross,,Female,Marketing,High School,2020-12-17,103000,joshuacook@yahoo.com,(069)242-7919x2515
7e45fee4,Stephen Wolf,62,Female,IT,High School,2018-01-24,77000,marymitchell@chang.com,001-582-815-5572x0628
230681aa,Virginia Watson,53,Male,HR,Master,2016-08-09,28000,qlogan@hotmail.com,001-073-862-1524x7285
ab30f1b1,Hannah Campbell,29,Male,It,Master,2023-11-02,32000,lisapayne@robinson-hall.com,299-401-1467
cdbb6c1f,Jennifer Snow,52,Female,IT,PhD,2018-04-18,57000,bradleymark@hotmail.com,443-425-6015
38f1f1ab,John Elliott,34,Male,hr,Master,2017-12-22,59000,jacobwright@yahoo.com,001-296-997-8193x32731
281f45ff,Jamie Robertson,27,Female,Sales,,2019-09-30,118000,tammy93@dennis.com,+1-001-879-4018x46883
7416386b,Jaime Oneill,50,Male,Operations,Diploma,2021-11-17,43000,ffrazier@barnett.com,001-536-488-8763x20526
ac0d8818,John Garcia,33,Male,Sales,,2023-01-01,104000,marissa82@fuller.org,592.679.1309x95649
b01cad4e,Hector Williams,30,Other,HR,Master,2023-09-12,107000,campbellzachary@gmail.com,567.117.5152x8220
09d1c11f,Rebecca Nicholson,51,Female,finance,Diploma,2018-01-07,115000,carl56@yahoo.com,158-175-6091x8947
b481acde,Eric Howe,63,Other,HR,Diploma,2017-03-31,108000,lturner@yahoo.com,(631)285-0624x38229
30bdf7be,Anthony Garrett,32,Other,Marketing,High School,2024-02-14,106000,johnsonjohn@ford-ramirez.net,(825)326-6549x0484
d66f3fff,Kevin Thomas,26,Female,IT,PhD,2022-03-24,86000,carterdonald@hotmail.com,001-448-353-4540x71320
f2fda085,Brandy Moreno,26,Female,It,High School,2017-02-07,90000,sara89@munoz.com,001-411-762-3209
3ef433df,Jessica Chang,45,Male,,High School,2024-09-10,53000,mhenderson@hotmail.com,8780758815
df42eabd,Randy Warner,30,Female,Admin,,2025-04-25,92000,kbarton@gmail.com,997.605.2004x6177
3217f93c,Mr. Michael Garcia,,Other,It,Master,2025-09-13,93000,kimberly01@larsen.info,(685)842-5518x93131
7c08a960,Justin Rodriguez DDS,61,Other,Admin,,2025-03-25,26000,hendricksbrittany@hotmail.com,417.833.7066x11540
7f297630,Ashley Campbell,58,Female,,Master,2024-04-02,72000,dlarson@hartman.org,(318)381-4854
a2807710,Mr. Samuel Thomas,60,Other,finance,,2025-03-21,65000,corygordon@hotmail.com,001-709-128-4878x77581
842ca512,Brenda Brooks,29,Male,Admin,Diploma,2023-07-10,47000,opaul@martin-grimes.com,(811)374-3771
36d5187b,Gabrielle Johnson,57,Other,finance,Master,2024-02-26,67000,emeyer@hotmail.com,411-059-2677x29126
7d9def75,Glenn Lawrence,61,Male,Finance,Master,2023-01-02,,edgaranderson@robinson.net,623.527.6741
b5c1f027,Wyatt Cortez,49,Other,Marketing,,2023-11-25,77000,petersryan@gmail.com,(397)832-9876
b01f90e7,Laurie Pierce,35,Male,It,Bachelor,2023-04-02,75000,gilbertkyle@hotmail.com,0927559467
a18af1fd,Ryan Morales,51,Male,Operations,Diploma,2022-02-10,59000,qmoore@gmail.com,(677)085-7074
5944a69c,Joseph Mendoza,50,Female,IT,Diploma,2016-11-17,102000,judy45@hotmail.com,807.729.5452x418
f44f5031,Brent Lewis,47,Male,IT,Bachelor,2019-07-03,61000,gknight@jones.com,+1-065-841-8174x342
d73794d5,Ricky Campbell,39,Female,Operations,,2024-04-22,67000,coxkelly@yahoo.com,944.532.4287
ab00764e,Patricia Brown,39,Other,HR,,2023-12-21,105000,bobfernandez@ruiz.org,960-528-8251
a1497b65, bobby walker  ,58,Other,HR,Diploma,2023-09-15,110000,michael51@lawrence.info,001-110-617-0365
8b1d2284,Eric Giles,41,Other,Sales,,2017-02-06,70000,tgibson@combs.org,402.742.1795
380bd4cb,Mrs. Valerie Ramirez,24,Male,HR,PhD,2017-12-28,52000,loganberry@hotmail.com,001-525-221-8282x003
e595e3fa,Keith Nixon,40,Other,finance,PhD,2019-06-05,74000,bpitts@klein.com,001-682-887-9513x4365
6b6a838e,William Gutierrez,56,Other,,Bachelor,2024-12-08,64000,syoung@cross.com,3769176872
3f555c7d,Jose Crawford,55,Female,Finance,Master,2017-03-25,109000,donovantaylor@yahoo.com,856.132.5014
2d1b143e,Brett Obrien,63,Female,Operations,PhD,2024-11-13,87000,katherinekelley@morgan.info,089-816-2197
a91decb2,Charles Moore,26,Other,finance,,2025-07-24,111000,osborneeric@jarvis.net,893-838-2982
65e92e49,Lynn Brown,59,Other,finance,Bachelor,2019-08-06,71000,lance11@baxter.com,433.330.7005x204
e1d5fcea,David Anderson,53,Male,Sales,PhD,2023-07-26,100000,qdavis@yahoo.com,001-777-216-9310x285
dd2fb568,Donna Watson,29,Male,finance,High School,2018-07-14,45000,murphybreanna@munoz-turner.com,386.431.4908x3631
afedc6c3,Jocelyn Charles,42,Other,Marketing,Bachelor,2016-07-05,40000,franciscopage@hotmail.com,823.132.8863x9278
4496a883, cathy miller  ,39,Female,HR,Diploma,2020-07-10,109000,smithsteven@bell-pineda.biz,525-679-2578
d9da5f47,Justin Williams,20,Other,IT,PhD,2024-06-02,28000,alecpena@gmail.com,001-749-159-9390x520
8ff01845,Thomas Rosales,58,Male,Marketing,Diploma,2023-11-28,84000,zmedina@pearson-lopez.com,(010)649-3546x9363
accc1507,Scott Khan,37,Female,Finance,Bachelor,2019-08-17,112000,marthamay@gmail.com,+1-619-790-8373x1608
cf1ca021,Benjamin Powell,57,Female,Finance,PhD,2016-06-17,29000,steven04@boyd.net,034-599-8865x6444
42bd31c4,Joshua Wilson,46,Male,Finance,Diploma,2020-06-23,76000,gayjames@yahoo.com,001-995-834-0597x79020
7c4a14cf,Kent Freeman,35,Other,It,Master,2021-12-11,104000,matthew89@taylor.com,+1-233-468-4272x069
a2e25753,Patricia Tucker,24,Other,HR,Master,2017-10-15,118000,emorris@hotmail.com,001-570-111-1654x07456
72984bb6,Lauren James,37,Other,finance,High School,2025-10-14,40000,patrickevans@brooks.org,816.376.3256
e028c315,Bradley Taylor,56,Male,Finance,,2020-02-07,82000,anthonyburns@peterson.info,(198)847-9812x0766
c790b84c,Frank Arnold,46,Female,Operations,Bachelor,2021-03-24,62000,wwu@taylor-meyer.org,894-562-1748x19692
f7df9baf,Shannon Turner,20,Male,IT,,2021-08-11,77000,friley@lee.com,056.669.7127x6468
21144198,Charles Lloyd,56,Other,finance,,2024-04-29,71000,zbaker@weber.com,(191)777-7960x781
f34574ae,Justin King,55,Male,Sales,Diploma,2022-10-09,60000,cbailey@yahoo.com,135-723-9725x8797
61127927,Jenna Ramsey,22,Female,HR,High School,2024-06-21,71000,deannaferrell@trujillo.com,7247687938
55525e11,Joel Murray,40,Male,,Bachelor,2017-03-28,91000,ronaldcollins@gmail.com,810.773.1149
c4196c8a,Andrew Hahn,44,Other,Marketing,Master,2023-07-25,101000,wilsonanthony@gmail.com,(066)093-4940x0147
0c995e2d,Shelby Gentry,61,Female,hr,,2019-08-07,100000,milessteven@lambert.biz,001-273-357-7633
8914bc96,Christian Shelton,54,Male,Marketing,Diploma,2020-07-28,50000,kenneth40@hotmail.com,161.419.0367
d690efa9,Robin Mora,31,Male,Finance,,2017-09-24,111000,gonzaleztracy@gmail.com,602-939-5533
b7c315a2,Lindsey Wright,50,Female,IT,PhD,2024-12-17,50000,parkerchristopher@meyer.net,001-251-731-3650x45090
2951c8a7,Abigail Miller,35,Female,Sales,Master,2025-04-01,95000,tsmith@barnes-brown.net,068-929-6461x91512
69d445f3,Timothy French,59,Other,finance,,2016-04-27,86000,melissatorres@gmail.com,000-872-0029
3fab0c74,Laura Garner,54,Female,Operations,PhD,2024-04-13,75000,diazpeter@english-hendrix.info,+1-733-166-9984x605
d8718196,Robin Brock,64,Other,Admin,PhD,2025-08-24,70000,courtneyanderson@gmail.com,184-958-9483x526
86cc556b,Morgan Boone,37,Male,Marketing,Diploma,2022-08-26,44000,katie74@padilla.org,001-023-555-4512
ca957c2e,Matthew Greene,53,Other,Admin,Diploma,2021-02-06,80000,lindsey55@gmail.com,(030)706-5930x9184
4878917a,Molly Ortiz,64,Male,finance,PhD,2016-06-24,98000,anthony54@lopez.com,442.942.1533
a1ad9f14,Paula Roberts,58,Female,IT,High School,2020-01-07,118000,monica32@hotmail.com,853.275.8655
08a5ad03,Connie Miller,46,Male,Admin,,2017-08-14,114000,hannahsmith@gmail.com,001-185-877-4360
d0207ede,Perry Black,,Female,Marketing,PhD,2021-09-19,65000,bartonjimmy@chavez.com,1138954788
66979d0f,Scott Bond,60,Male,,PhD,2024-01-16,71000,rpope@cowan.biz,654.564.9757
e06a46b2,Emily Rush,36,Male,hr,Diploma,2021-03-24,50000,reiddon@bradford-wilson.net,657.249.3956x7997
13974770,Brady Padilla,58,Male,Admin,,2024-06-23,95000,kochlisa@yahoo.com,410-386-7125
b417dee1,Mark Wallace,51,Male,,Bachelor,2021-06-09,56000,dmcdaniel@yahoo.com,234.866.1447x381
0528d309,April Collins,30,Other,,Master,2019-01-29,99000,johnlong@bowman.com,717-259-4943x239
8aacb783,Isaac Smith,26,Male,Finance,Diploma,2025-06-22,58000,ramosmatthew@ruiz.com,+1-908-572-5748
187666ec,Rebecca Roman,42,Other,hr,,2017-08-08,39000,randydavis@hotmail.com,(282)186-8228
6420b22a,Jody Phillips,34,Female,Operations,,2024-12-22,59000,joannspencer@gmail.com,124.290.1583
dbfb491a,Judy Lewis,22,Female,It,High School,2021-05-02,89000,perkinschristopher@gmail.com,+1-153-934-6618
6cd6cedf,Brian Pacheco,56,Other,Marketing,Master,2019-11-09,99000,vevans@anderson.com,194.757.7851
4d59f68e,Thomas Nelson,62,Female,Sales,Diploma,2022-06-16,114000,smalljohn@gmail.com,113.984.0411
198493ce,Travis Hernandez,45,Female,finance,Diploma,2018-03-09,79000,jessicarobinson@mejia-hoffman.com,001-771-680-0642
9381ebb3,William Greene,27,Male,Sales,Bachelor,2016-05-11,40000,myerscassandra@ruiz-williams.net,201-240-5506
6df5fa4a,Jordan Adams,34,Male,Admin,High School,2021-12-14,43000,santiagostephanie@velez.com,1656127058
68054a24,Scott Pineda,30,Male,hr,High School,2020-07-18,108000,cjoseph@henderson.org,001-415-548-8983x99324
48cff1da,Luke Carpenter,49,Other,Admin,,2020-12-31,117000,brittanywalker@hotmail.com,(698)405-0469x443
81b01ca4,Kelly Smith,42,Other,hr,,2019-01-20,107000,williamschristopher@choi-nelson.com,735-661-6895x66708
fe3f5662,Danielle Rodriguez,32,Female,Marketing,Diploma,2019-10-22,31000,justin70@gmail.com,(882)305-0463
f392b60b,Paul Duarte,63,Male,finance,Bachelor,2025-09-22,41000,rdavis@carter-andrade.com,(058)865-6276x7081
b6eea1cf,Cody Mccoy,43,Other,finance,Diploma,2018-11-28,41000,johnfox@gmail.com,211-507-3249x74504
93efe8f0,Andrea Bass,52,Other,Marketing,PhD,2023-06-04,41000,jwright@johnson.info,(265)802-9033x268
c56dbe29,Christopher Blake,21,Male,Operations,,2017-03-07,25000,sarasalinas@gmail.com,+1-575-849-7044x40352
7a0ffa86,David Jones,42,Other,,PhD,2025-05-21,99000,paulsullivan@hotmail.com,+1-589-774-5708x533
4f842010,Amber Burns,60,Male,hr,Bachelor,2021-03-06,119000,gilmorejennifer@ayala.com,1828595868
a1420851,Dana Jennings,27,Female,HR,Diploma,2020-01-30,95000,mikeguzman@yahoo.com,001-959-847-2300
8f962ff2,Alexander Ferguson,44,Female,HR,,2016-04-30,74000,shelly87@lopez-king.com,001-867-686-9102
f12d0664,Gary Russell,38,Female,,Bachelor,2022-10-14,33000,laurenthomas@hampton.com,440.650.3337x5145
1579bc24,Frank Foster,58,Male,It,Diploma,2019-09-05,98000,ann04@gmail.com,137.144.2684
d68bc80f,Dylan Brown,28,Other,Admin,Diploma,2024-08-02,37000,wendy58@price.info,2786812649
d6f34d9b,Trevor Ross,37,Female,hr,PhD,2021-02-21,49000,andreahinton@yahoo.com,6603175234
0f163af8,Sherri Gray,21,Female,It,Master,2022-12-14,70000,bstevenson@yahoo.com,(777)337-9223
696f9074,Lauren Stone,42,Female,IT,High School,2023-07-24,53000,matthew71@marshall.net,(512)854-5952
d5963842,David Jones,23,Other,finance,,2015-12-11,79000,uferrell@jackson.info,892-721-0723
b062259e,Matthew Sullivan,21,Other,Sales,High School,2018-03-09,65000,jamesgreen@becker-tyler.com,995-949-6909
df15e667,William Morse,45,Male,IT,Bachelor,2016-09-22,27000,moonralph@berry-rosario.info,+1-300-229-0997x9499
358fb73f,John Molina,34,Female,Sales,High School,2023-10-07,34000,vazquezkevin@yahoo.com,0074930934
7d1d3494,Travis Hubbard,33,Other,finance,PhD,2017-01-26,47000,churley@hotmail.com,336-323-4581x1708
f5a02c0a,John Andrews,53,Male,HR,Master,2021-11-03,109000,jessemccarthy@hotmail.com,328-157-1861
761c7a2b,Craig Harris,30,Female,It,,2019-02-26,90000,cnunez@hotmail.com,9634285161
8e07d8fc,Amanda Rose MD,59,Other,Marketing,Diploma,2023-08-08,60000,whitestephanie@yahoo.com,(699)897-3277
bbaa6e4a,Jessica Berry,62,Other,Operations,Diploma,2025-04-23,25000,acrawford@yahoo.com,(963)379-5340x66816
6cfacecc,Sandra Haney,44,Male,Finance,PhD,2020-07-19,35000,kingmichael@gmail.com,848-173-1585x252
209595a4,Alexander Weeks,52,Female,Admin,,2018-12-18,44000,michaelmiller@hotmail.com,8759391029
851ab93f,Edward Duffy,41,Female,,High School,2016-09-26,92000,reednathan@waller-pham.com,213-795-0477
3286af00,Felicia Vargas,49,Other,HR,Diploma,2021-09-10,94000,hbarnett@lopez.com,(910)959-6567
1d191f64,Darren Hall,38,Female,Marketing,High School,2021-11-28,87000,molson@gmail.com,2395754621
7ec469d8,Elizabeth Cunningham,30,Male,It,PhD,2021-09-21,91000,brandyfrench@hernandez.net,001-624-483-5904x0444
864b789a,Michael Peterson,41,Other,Marketing,Diploma,2021-07-11,66000,emmacruz@hotmail.com,+1-023-396-9413
dfcc8eb4,Crystal Duke,22,Other,Sales,Bachelor,2019-07-12,77000,robin35@novak.info,0578777614
025ec446,Michael Cardenas,41,Male,Marketing,Master,2021-03-27,85000,evanschad@gmail.com,001-971-651-6311
fee91972,Heather Meadows,,Other,hr,High School,2020-05-04,109000,cannonandrew@avery-hall.biz,553-094-6800x40042
e15680e9,Nicole Collins,43,Female,Admin,,2020-08-08,116000,ericagibson@hotmail.com,812-007-8655x034
5287e5f4,Laurie White,20,Female,Finance,High School,2016-05-30,96000,hperry@yahoo.com,536-551-6655x6251
9055e085,Veronica Lewis,48,Other,HR,High School,2023-06-17,113000,breanna73@hotmail.com,(577)762-6854x058
4a4a5612,Brian Singh,21,Male,hr,High School,2024-07-31,35000,smithdaniel@gmail.com,001-489-814-2046x5118
cd853347,Ronald Young,39,Male,HR,PhD,2022-10-30,,christopherbaker@hotmail.com,7725045987
5f0a74fb,Cindy Bradley MD,43,Female,Operations,PhD,2023-07-23,95000,ecummings@hotmail.com,+1-359-114-6000x3627
78dc340b,Thomas Nelson,38,Male,Finance,,2023-10-05,56000,austinpaul@yahoo.com,308-374-1406
54867db3,Nathan Hickman Jr.,40,Other,Marketing,PhD,2024-05-12,87000,james83@yahoo.com,+1-211-265-0905x74607
ff0614bb,Kristin Bailey,39,Other,Operations,,2024-09-28,91000,davidtrujillo@wilcox.com,9172771724
2a0b83f4,Shannon Booker,51,Female,Sales,,2024-12-14,37000,harrisonstephen@richardson.com,(819)257-9406
794f9276,Marc Glenn,56,Female,It,PhD,2025-10-19,116000,christopher75@yahoo.com,8913183734
2de1bda4,Jasmine Chavez,33,Female,Operations,Diploma,2018-08-08,37000,stephentaylor@lynch.com,327-852-1700
fe4995a4,Michael Ritter,64,Male,IT,PhD,2018-02-07,32000,aaronmontgomery@benitez-howard.com,001-963-874-5710x7474
b3932fb8,Denise Gonzalez,33,Other,Sales,Diploma,2017-08-07,96000,dberg@gmail.com,(377)967-6672
1806699f, phillip lowery  ,64,Other,Finance,Bachelor,2016-05-01,49000,jgomez@yahoo.com,326.632.0277x3475
183f36db,Timothy Jordan,43,Other,Admin,PhD,2016-06-16,72000,gamblekristin@smith.com,+1-412-622-7617
982e2afd,Justin Garcia,39,Female,IT,Bachelor,2023-07-20,40000,myersamber@johnson.net,+1-106-567-4845x0071
a2e768d7,Samantha Ford,42,Other,HR,PhD,2018-03-06,91000,garciajames@walters.net,576.807.4891
584f218a,Stanley Martinez,23,Male,,Bachelor,2015-12-15,83000,drakemark@hicks.com,023-680-8686
3150e60d,Alexander Terry,24,Male,,Master,2020-07-07,26000,burkepatrick@hotmail.com,(997)615-7435
e958c430,Lisa Michael,61,Other,IT,Bachelor,2016-03-02,116000,patrickjose@yahoo.com,(241)900-5210x45067
bab4eb77,Dennis Turner,62,Female,Admin,Diploma,2021-01-29,48000,uoliver@yahoo.com,001-458-274-2945x7292
c4596172,Kevin Benson,41,Other,hr,High School,2024-03-18,44000,johnbates@gmail.com,582.024.1006x3524
8fa50e32,Brian Phillips,22,Male,,,2016-12-15,35000,timothy85@rice.com,827-371-0528x3747
33dcd09c,Maria Ward,45,Male,IT,Bachelor,2017-12-03,77000,rmartinez@gmail.com,(176)941-7021x655
1a5ca752,Shane Greene,36,Male,Finance,High School,2018-10-03,,owenskathy@yahoo.com,001-473-455-2853x369
2da6b974,Matthew Alvarez,39,Other,finance,Master,2020-10-26,,stephensbrandi@ford.org,418.470.6634
206faddb,Annette Weaver,46,Male,Admin,Master,2022-08-25,68000,uhunt@hotmail.com,001-848-516-3804
a513964e,Troy Aguilar,53,Female,Admin,Diploma,2017-08-06,69000,dmiles@hotmail.com,7079369524
935e2c27,Frank Munoz,40,Other,hr,Diploma,2023-05-07,71000,zferguson@gmail.com,(411)316-1529
9ad28c4a,Amy Johnson,58,Other,Sales,Bachelor,2022-01-16,30000,jkim@gmail.com,+1-836-250-6765x503
bcbd6eeb,Jean Brown,41,Male,Marketing,PhD,2024-03-01,33000,valeriebowman@yahoo.com,469.481.8352
e8c347d0,Bobby Mullen,21,Male,,Master,2024-12-10,38000,hcurry@gmail.com,(780)020-6029x0158
00af085d,Mary Brady,58,Female,Marketing,High School,2016-01-25,63000,riveradarren@wagner.biz,+1-829-037-4940x08215
3768d6aa,Gabriel Jones,28,Other,Marketing,PhD,2020-07-21,34000,figueroaeric@gmail.com,272-525-3467
9d6ba3b5,Kevin Lee,43,Male,Finance,Master,2017-05-30,79000,marcroberson@yahoo.com,384.559.0582
79b8023d,David Wise,26,Female,HR,Bachelor,2016-03-10,69000,dominguezjeffrey@gmail.com,001-241-764-4244
13e9e070,Kayla Taylor,29,Male,Marketing,Master,2021-01-31,68000,jessicawest@hotmail.com,591-035-8863x15062
2310c9fb,David Williams,23,Other,Admin,Diploma,2025-03-10,110000,bsanders@mckinney-bryant.biz,(663)826-1172x21786
6ce763e1,Kayla Rios,63,Male,hr,High School,2023-01-27,36000,whitney91@ruiz.biz,+1-311-301-1260x3220
4d747649,Scott Wade,55,Other,hr,High School,2022-10-03,50000,montgomeryjasmine@dougherty.biz,(387)372-0564x7592
3da34aca,Kenneth Williams,63,Male,finance,Diploma,2024-01-10,104000,nwong@hardy.com,196.107.6801
c61f98b1,Tiffany Gentry,56,Other,HR,PhD,2017-03-11,73000,phenry@horton-mcdaniel.com,(355)926-0511
5ae0bb5a,Sarah Woods,47,Female,Sales,Diploma,2024-09-04,84000,elewis@carrillo.com,731.770.1577
51251262,Timothy Jones,23,Other,Admin,High School,2022-12-02,36000,gregoryfoster@gmail.com,(827)210-4920
9afa3fb4,Dennis Martinez,27,Female,Admin,Bachelor,2020-03-04,35000,elizabeth19@hotmail.com,+1-986-159-5171
2a869922,Terry Owens,20,Other,finance,PhD,2020-06-13,52000,donnasanchez@meadows-smith.com,+1-771-816-4358x89117
4719c1a8,Lori Gutierrez,,Female,Operations,,2018-05-02,108000,lukekim@gmail.com,802-744-6882x05907
6fef2c5d,Heidi Stewart,58,Male,It,Master,2023-03-05,107000,patricksalinas@taylor-hernandez.org,+1-329-994-3496
b1f20ebf,Larry Martinez,48,Other,finance,,2017-12-11,43000,lweiss@gmail.com,001-515-823-7271x327
1ec80917,William Payne,29,Male,Marketing,Bachelor,2020-10-09,54000,david66@gmail.com,477-877-1037
a6ef8273,Alisha Lewis,46,Female,IT,,2020-11-29,31000,thompsonallison@smith.info,169-961-9380x78364
ddbb3fa4,Nicholas Sanders,62,Other,hr,PhD,2024-04-06,47000,zsmith@gonzalez.com,+1-612-817-8597x543
c54f87ad,John Brown,30,Other,finance,High School,2016-10-22,98000,orodriguez@robinson.com,809-291-8645x654
6c905f13,Vanessa Walker,57,Male,Marketing,High School,2020-03-14,62000,elizabeth97@yahoo.com,(526)820-2186
e054dba1,Colton Green,44,Other,,Bachelor,2025-05-18,56000,eric85@andrews.biz,099.065.7622
30e4541b,Mark Lawson,31,Other,HR,,2025-02-17,65000,walkerdean@hotmail.com,314-766-7096x597
eee5b33e,Collin Gentry,26,Male,Admin,PhD,2022-11-07,38000,troth@woodward.com,(835)867-7297x309
3222504f,Andrea Abbott,46,Other,Operations,Master,2023-10-18,91000,sarah44@munoz.com,(449)171-4961x85405
31e43850,Adrian Sanchez,48,Male,HR,,2017-03-13,88000,jeffreyorozco@hotmail.com,691-188-3237x5448
5415668e,Kenneth Jones,27,Male,Marketing,,2017-10-03,55000,heatherli@ward-colon.com,058-655-7532x725
ea725584,Crystal White,57,Male,Sales,Master,2016-01-25,34000,yvonnejones@pearson-ferguson.com,+1-795-792-0452
03539b9a,Richard Ferguson,49,Male,It,Diploma,2017-10-18,117000,matthew03@hotmail.com,(277)948-7598
a5b01639,Madison Morales,39,Male,,Bachelor,2024-05-04,60000,hughessarah@watkins.com,+1-442-664-2521x454
65f69897,Brian James,52,Female,Marketing,PhD,2023-09-06,42000,jameslauren@yahoo.com,394-896-8829
b44aad77,Julia Green,49,Female,IT,Bachelor,2023-09-24,74000,hbrown@hotmail.com,+1-436-106-3758x7386
0ea66dbf,Latoya Singleton,43,Male,Finance,Master,2016-01-13,57000,thomas67@gmail.com,825.826.1968
07ca07d8,Cody Lopez,30,Female,Marketing,PhD,2019-09-23,94000,melinda68@sellers.com,489.757.3123x3843
7886f504,Pamela Scott,,Female,It,High School,2019-12-02,83000,mprice@tucker.com,749.490.6849x2101
7458d92c,Diana Ali,40,Other,finance,High School,2018-06-21,107000,medinawanda@sherman.com,+1-597-639-3372x8535
bffbce28,Nicole Patterson,58,Male,Marketing,PhD,2021-05-08,76000,nicolewyatt@gmail.com,688.255.8799x0577
8bab9c9c,Kimberly Hunter,55,Female,finance,Bachelor,2023-09-06,35000,john42@hotmail.com,+1-307-602-9592x750
5e99c568, stacey jones  ,,Other,Sales,Bachelor,2016-08-07,85000,robert80@walker-howard.com,(016)106-9071
b69b8391,Courtney Williams,,Other,Admin,High School,2020-08-26,119000,ystewart@yahoo.com,954-128-9566x76720
2d49d235,Larry Stone,60,Male,hr,High School,2020-10-18,89000,brooksdebra@lindsey.com,(265)996-7016
1533fe82,Jonathan Miller,60,Male,Finance,Master,2019-08-12,109000,mcclaincourtney@huynh.com,001-243-760-5024x469
1e92c0ae,Michael Wheeler,39,Other,Sales,PhD,2016-04-18,71000,nolanjennifer@smith-weber.net,366.879.4575
b5e9489c,Melissa Wise,33,Male,It,Bachelor,2023-09-08,63000,randallwiggins@gmail.com,360-406-3725x4112
db9eb2e6,Melissa Jackson,35,Male,finance,Master,2019-12-15,47000,butlerstanley@gmail.com,536-123-1826x36683
da42698b,Mr. Leonard Jackson,40,Other,hr,Bachelor,2018-02-02,73000,ashley54@wood.com,(283)607-8433x448
bcc9c2e6,Brent Hernandez,56,Other,IT,High School,2021-01-14,118000,qgreen@kaiser-hernandez.com,+1-156-870-5865
ac0798c7,Deborah Price,53,Male,HR,PhD,2022-03-14,91000,christina74@frey-davis.net,711-769-7371x304
e5d20eae,Christopher Gutierrez,63,Female,Finance,Diploma,2022-12-31,111000,xmaldonado@yahoo.com,001-951-042-0896x29287
fc7c356d,Tracy Foster,34,Male,Operations,PhD,2024-10-25,66000,buchanananthony@lopez.net,+1-081-858-3513x9741
5dc2fd9b,Charles Nguyen,26,Female,Sales,,2025-06-07,40000,ngrant@yahoo.com,001-517-782-7997x238
aa1c5dca,Joseph Smith,35,Other,HR,Diploma,2024-01-06,106000,wmartinez@holt.com,001-219-837-6946x3352
aaefdbe1,Haley Harvey,35,Female,HR,Master,2020-02-29,78000,sheltonallison@davis.com,443-092-6847x30748
316482fe, katherine hammond  ,44,Other,It,Diploma,2016-10-25,57000,edward02@webster.com,249.793.2738
25c37945,Tracy Hogan,31,Male,Marketing,Diploma,2019-06-09,93000,jberry@daniels.com,+1-970-235-6599x37595
2c2e8ba0,Ronald Davila,35,Male,Marketing,Master,2016-10-08,83000,josesimpson@gmail.com,+1-192-445-5613x28541
9bc88efe,Emily Reed,56,Other,Operations,PhD,2020-03-27,74000,debra61@yahoo.com,984.160.6201
68c4b51a,Maria Thomas,35,Other,Operations,Master,2019-09-03,100000,davidhernandez@stevens.net,(750)547-8038
d79570be,Debra Miller,32,Other,finance,,2024-07-14,96000,zbrewer@pineda-carr.info,433.957.0680x4404
4fa87a65,Michael Huerta,63,Male,Operations,High School,2017-07-09,58000,ethanyoung@gmail.com,(913)191-1502x5219
1e228ade,Joy Robinson,24,Male,HR,High School,2023-09-11,57000,teresa61@gmail.com,474-214-7319
d60b04a9,Brittany Kelly,53,Female,finance,Diploma,2023-04-29,39000,kevin57@gmail.com,+1-694-570-5473x6530
ee265c95,Julie Jordan,64,Other,hr,Master,2024-04-23,105000,schan@meza.com,692-342-6666x19528
eb02c661,Jacob Peters,32,Female,It,Master,2025-07-22,41000,paulmartinez@yahoo.com,2461258566
161f77a1,Caitlyn Clark,26,Male,Admin,Master,2018-03-24,61000,charlesclayton@davis.net,469-944-4235
a06a7de4,Kimberly Ward,33,Female,Admin,,2020-03-29,66000,zpratt@turner.com,001-536-796-5408
2b5997f2,Amanda Gould,45,Female,It,,2022-09-03,55000,aconley@gmail.com,001-515-556-5200x8468
a3506764, laura martin  ,31,Male,Admin,PhD,2025-07-23,30000,ryanowens@yahoo.com,001-888-671-3808x0823
e09012d7,Mark Taylor,49,Male,Finance,Bachelor,2018-07-15,110000,fishersherry@hotmail.com,+1-340-887-6124
4ecad266,Tyrone Roberson,53,Other,Finance,Bachelor,2020-08-16,110000,droberts@arnold-mccall.com,330-319-8376x1743
f151ff15,Brian Barron,24,Female,Operations,Bachelor,2023-09-30,69000,dakota28@gmail.com,(815)778-4553x819
bf5628b9,Kelly Harris,23,Male,Admin,PhD,2016-03-06,84000,christymcguire@hotmail.com,001-457-691-1157
4f7c1491,Jeremy Moran,40,Male,IT,Master,2020-08-09,41000,kirkshelby@aguirre-campbell.org,+1-623-501-3803x906
497dd968,Dr. Donna Bailey,41,Female,Marketing,Bachelor,2024-10-09,94000,emilywarren@gmail.com,624.592.8473x13446
90a67567,John Smith,43,Male,IT,Master,2017-11-11,63000,laura57@lyons-diaz.com,407-867-2670
d5d4999b,Sarah Pierce,52,Other,Admin,Diploma,2017-08-04,111000,robynbell@ingram.net,001-755-010-5411x04903
330062f1,John Gallegos,44,Other,Admin,Bachelor,2019-01-22,101000,amydavis@rodriguez-garza.biz,001-460-572-9400
42650798,Michael Moore,23,Female,Marketing,Diploma,2016-10-21,73000,ryan92@hotmail.com,254-386-5507
17a85108,Jessica Barron,44,Other,Admin,PhD,2017-05-21,28000,deborah76@johnson.org,(097)743-2647x994
5d15c129,Erika Moore,38,Male,Sales,High School,2024-07-03,77000,megan13@gmail.com,753.005.5672
85e620fe,Erin Rivera,24,Male,HR,,2023-01-18,109000,robert67@hotmail.com,001-746-241-2530x496
afe1d845,Alicia Krueger,24,Male,finance,PhD,2020-09-15,81000,daltonjennings@gmail.com,(021)275-7431x00028
f31d40e2,Amanda Wilson,36,Male,Marketing,PhD,2019-12-20,45000,christinanicholson@hotmail.com,354.092.9753x76133
27dc3b65,Joshua Scott,22,Female,Admin,PhD,2018-02-10,97000,steven27@gmail.com,(487)668-1700
fe66c4fa,Jeffrey Thompson,35,Other,Finance,Bachelor,2020-01-04,113000,marcus76@hotmail.com,407.746.3471x6662
a560c775,Alexandria Barnes,32,Other,Finance,Diploma,2017-03-23,102000,carlos94@hotmail.com,001-507-862-2830x763
49e785c7,Brandy Allen MD,32,Male,HR,,2020-04-18,61000,jennifersanders@jensen.com,512.176.1658x895
f7eefd84,Kendra Smith,31,Female,Finance,Bachelor,2021-11-17,72000,shelly71@ashley-singh.org,201-166-0804x395
be3de265,Mckenzie Vega,25,Male,finance,High School,2022-03-31,,ebarrett@hotmail.com,001-571-201-0017x48331
8365d2cf,Margaret Gonzalez,62,Male,,,2022-02-13,101000,mark59@yahoo.com,001-069-618-9549
37df8dfb,Robert Andrews,33,Female,It,PhD,2017-06-13,59000,benjamin97@meyers-miller.net,181.106.5686
ec02e881, dr. brenda frye  ,37,Female,,Master,2024-06-23,118000,calderondouglas@yahoo.com,(153)552-5529
a190aa44,Larry Pitts,61,Male,,High School,2017-12-02,51000,nguyenpatricia@yahoo.com,6936133614
779d7db4,Connie Henderson,62,Other,HR,Diploma,2018-08-16,58000,megantaylor@sullivan-graves.com,913.729.5416
9053317b,Jessica Cruz,53,Male,HR,High School,2023-09-09,83000,kristen21@jordan.com,8420410794
e6b9f3a3,Monica Torres,35,Other,finance,Bachelor,2022-01-17,85000,zdavis@jones.org,(598)654-1785
1ac7ea5b,Scott King,53,Other,Marketing,Master,2017-03-04,110000,michael22@fletcher-wheeler.com,(148)558-6692x9138
e6a98352,David Hahn,37,Female,Operations,Bachelor,2023-11-16,69000,lee47@brown.net,920-438-5309x60732
79ba19db,Jeffrey Baker,38,Female,,,2016-10-07,106000,leahsmith@gmail.com,+1-591-765-3293
e729b06f,Andre Payne,54,Male,Finance,PhD,2016-03-02,105000,angelreed@yahoo.com,+1-530-321-0698x800
5ba62f73,Nicholas Tran,53,Other,IT,PhD,2019-12-24,102000,samanthavincent@ingram.biz,9017150359
8bf9a66d,Nicholas Davis,50,Other,Operations,High School,2020-05-31,84000,scotthowe@francis.net,001-777-810-6042x6676
7062dff6,Charles Dougherty,62,Male,finance,PhD,2019-12-01,88000,bsanchez@carroll.com,719-340-0292
97f483d6,Carolyn Smith,58,Male,Marketing,PhD,2023-08-19,112000,brandon74@hotmail.com,425.322.4483
bb1fdb98,Brendan Howard,42,Male,Finance,,2020-05-28,49000,jshields@ramirez.net,+1-761-645-7015
3e5bd4af, albert bishop  ,35,Female,Admin,Diploma,2019-03-02,58000,yvettewashington@avila.com,899.259.3087x27461
99d75477,Lisa Good,25,Male,Marketing,Diploma,2018-06-06,80000,pherrera@lopez-stephens.net,224-774-6131x0097
66b1f859,Nicholas Mejia,61,Male,,Bachelor,2021-10-28,102000,josephmurray@hotmail.com,650.775.5028x219
edd24200,Russell Erickson,,Other,,Bachelor,2022-04-15,86000,angel65@ramsey.com,051-327-9484
ef4c113d,Michael Horton,53,Male,Admin,Diploma,2023-10-12,27000,danieldyer@yahoo.com,177-240-8767x66180
1b9c67e0,Ricky Tran,50,Other,finance,High School,2020-11-01,102000,cheryl48@callahan.com,(635)769-2062x458
44f4d74f,Jonathan Kelley,54,Other,hr,Diploma,2016-04-13,65000,obrewer@white.com,9753142652
97d3d50e,Miss Makayla Young,31,Female,Marketing,Bachelor,2021-06-04,68000,gsummers@hotmail.com,652.151.0968x367
2a983090,Natalie Blevins,24,Male,Admin,Master,2019-05-16,62000,dillonholder@walsh.com,+1-812-764-4316
98cb3cb4,Elizabeth Carney,32,Male,finance,PhD,2022-04-06,88000,douglasgallegos@wilson.com,(326)139-0566x656
862a76f2,Gerald Berg,55,Other,finance,,2018-02-23,45000,ohoward@hotmail.com,0861052920
9167adea,Jackson Ingram,33,Female,HR,Master,2021-02-28,34000,patrickosborne@howard.com,(743)871-7937
a9d500dd,Thomas Parsons,22,Female,Marketing,Master,2017-05-09,60000,bianca86@yahoo.com,512-510-5097
0dc5d7d9,Emma Jennings,58,Male,Finance,PhD,2018-06-08,113000,wesleylang@christensen.com,749-197-0732
caf91924,Julie Padilla,34,Other,hr,Diploma,2019-04-18,74000,flamb@sanders.net,4982283594
589a2b88,Cassandra Williams,46,Male,Sales,High School,2017-11-25,114000,michaelgray@black.net,+1-972-949-0408x356
75e913d8,Jeremy Schmidt,34,Male,IT,Master,2017-01-15,81000,seanmcknight@wilkerson.info,+1-817-207-7188x202
334dd7aa,David Scott,22,Male,Marketing,High School,2021-07-11,100000,antoniocervantes@gmail.com,534.872.6604x8686
4eba12da,Rebekah Ferguson,63,Male,Operations,,2020-03-09,30000,hayessamuel@hotmail.com,001-016-910-3309x9599
db964db1,Adriana Malone,44,Other,finance,,2017-08-28,31000,ryandavis@cortez.biz,781.696.9788
b960df1f,Russell Reynolds,46,Female,HR,,2016-12-05,74000,jcontreras@smith.com,(021)044-6412
8e2b4d2c,Sarah Collins,50,Male,Admin,Bachelor,2017-09-24,46000,andersonjonathan@hotmail.com,(354)436-1940x6307
01440fa3,Cassandra Frey,63,Male,,Master,2016-04-04,113000,danielleherrera@reid.org,921-709-8865x86326
1993edfe,Tyler Murphy,20,Male,Admin,,2018-02-20,114000,huffdiana@yahoo.com,666-282-0460x529
64e04880,Elizabeth Simon,49,Male,Admin,Bachelor,2016-04-09,32000,rmccall@shelton-wilson.com,+1-963-929-2125
78e90ae9,Catherine Nguyen,21,Female,hr,,2022-04-02,69000,adambanks@nguyen.com,311.796.5456
76a6e2e6,Kristy Ramos,26,Female,Marketing,Diploma,2015-12-30,61000,hudsonrobert@collins.com,001-055-690-3731x480
eabd37da,Kyle Haas,42,Female,Admin,Master,2024-02-12,36000,dunnlisa@paul-nguyen.org,7346768285
517fd316,Michael Glover,33,Female,hr,Bachelor,2017-07-17,30000,alexanderoliver@gmail.com,+1-156-597-3186x763
665ec4dd,Rebecca Walker DDS,61,Male,Sales,,2020-01-07,34000,thomas73@hotmail.com,522.504.6996
487f70f0,Julie Mata,49,Other,Finance,Bachelor,2022-08-22,97000,butlermatthew@rosales-barnes.com,+1-727-978-3344
df683491,David Wang,27,Female,Sales,,2025-09-19,73000,keith05@gmail.com,572.993.0657x6921
88bbc5bb,Anita Price,57,Female,Marketing,Diploma,2019-04-09,90000,rossrobert@gmail.com,256.750.3436x2857
ab7d09b2,Veronica Sweeney,63,Male,,High School,2016-09-11,64000,connie98@yahoo.com,7852433805
06e2ac94,Laura Buck,20,Male,Sales,,2016-05-12,52000,colethomas@bradford.org,956.113.0259
2d9be542,Peter Humphrey,26,Male,hr,High School,2021-12-06,60000,jennifercampbell@castillo-ryan.com,554-201-2169
242ac30f,Spencer Jones,51,Female,It,Master,2024-03-31,84000,stuartjohn@hotmail.com,001-014-522-4414x25515
39a9a8a9,Jennifer Lopez,58,Female,Finance,Bachelor,2022-03-25,99000,jessica88@gmail.com,0718486159
a854027e,Scott Lin,62,Other,Sales,PhD,2016-05-07,84000,whouse@yahoo.com,086-724-0305
67884209,Kirsten Perez,64,Female,IT,Master,2018-12-29,88000,lscott@yahoo.com,+1-951-906-2944x205
aa1c5dca,Joseph Smith,35,Other,HR,Diploma,2024-01-06,106000,wmartinez@holt.com,001-219-837-6946x3352
a60da1aa, larry higgins  ,20,Male,It,,2018-04-21,108000,lynnknight@gmail.com,(616)359-3227
afc5c20e,Sean Peters,64,Male,Finance,Bachelor,2023-02-14,74000,elizabethcole@bell-mcdowell.com,+1-707-824-8149x441
d61a080a,Stephen Wilson,41,Female,Sales,Diploma,2023-02-02,102000,jensenphilip@yahoo.com,+1-434-967-7873x715
3e19fc1d,Elizabeth Williams,27,Male,Sales,High School,2022-07-21,44000,penny89@potter.com,(111)508-2486
f8e351ea,Jason Norris,42,Male,hr,PhD,2018-11-25,52000,paulespinoza@hotmail.com,775.763.6018x7281
36cf9429,Danielle Lucas,35,Male,finance,Master,2021-05-04,114000,gordonsteven@hotmail.com,001-790-529-6877x017
380a1bb7,Christina Miles,45,Other,Admin,High School,2022-09-18,58000,ylee@jones-johnson.org,553-545-8771
2bf95861,Evan Nelson,38,Female,Operations,High School,2022-08-07,113000,emily51@yahoo.com,+1-825-726-9677x4565
257c54bc,Thomas Moses,51,Male,HR,PhD,2017-08-23,51000,alisonstein@hotmail.com,001-511-055-9672
5ea2d56b,Dr. Paul Olson,39,Female,Finance,Master,2015-11-28,102000,keithcrawford@hotmail.com,001-770-069-1843x451
8ed6ad5e,Barry Hernandez,51,Female,Marketing,,2016-04-03,64000,scottthomas@yahoo.com,+1-682-606-9280x417
f4dafcc8,Ryan Cannon,25,Other,Operations,PhD,2021-07-06,59000,grace05@green-mendez.com,001-453-404-8226x15509
bdf68eb0,Robert Martin,46,Female,Marketing,Master,2021-06-27,36000,philipfitzgerald@banks.com,834-720-9002
f3c2944a,Joel Perez,23,Female,finance,Master,2025-08-09,104000,umeyers@gmail.com,327.884.5930
bf3c4c06,Sarah Sanchez,57,Other,hr,PhD,2024-08-29,52000,wjones@wright-montes.com,667.845.3343x3578
0bab8f53,Trevor Walker,63,Female,,PhD,2023-11-04,45000,ibuckley@hotmail.com,2914672608
351c586a,Jordan Reeves,42,Female,Finance,Bachelor,2017-04-09,116000,kevin70@yahoo.com,6526749760
20afaf9e,Tanner James,42,Female,It,Bachelor,2025-06-25,59000,anna81@perez.com,+1-546-296-9347x21508
8db06746,Brian Fuller,40,Other,It,Bachelor,2016-03-15,74000,pbrooks@martin-mitchell.com,533.594.0953x324
e60d7a94,Robert Miller,39,Female,Operations,Bachelor,2017-03-09,114000,dpowell@yahoo.com,(708)470-7977x004
e2fb8d66,Benjamin Wilson,46,Other,Finance,High School,2016-12-09,109000,garrettchristopher@hotmail.com,465-422-6957x56575
811414f8,Deborah Webb,21,Male,Admin,Master,2023-01-27,113000,middletonandrew@henson.com,+1-917-554-1330x815
7bae0f3b,Ricky Reid,50,Female,Sales,PhD,2024-05-19,60000,davidbrooks@yahoo.com,+1-486-638-8815
4f3e2a2c,Casey Wright,47,Other,Sales,High School,2019-10-21,102000,rjones@gmail.com,001-244-600-4045x89996
53b3618b,Manuel Taylor,33,Other,Operations,PhD,2017-03-12,46000,maria67@parker.com,001-563-780-7451
6ef7ffc3,Anna Brown,63,Male,Finance,PhD,2022-06-04,41000,pamela37@gmail.com,(808)531-6972
e2ed8686,Nancy Rowland,40,Other,hr,Bachelor,2022-09-14,40000,ganderson@gmail.com,5009851685
1e69d7ef,John Todd,33,Other,Operations,Master,2020-08-09,97000,garciastacy@merritt-ortiz.info,469.196.6373x288
00926d61,Melissa Nguyen DVM,50,Female,Sales,PhD,2016-05-10,103000,fjohnson@gmail.com,3785857384
19ed59a5,Hunter Yang,50,Male,HR,Bachelor,2016-06-15,73000,nfernandez@gmail.com,(413)260-4943x529
1c24220e,Chris Lewis,44,Male,Sales,PhD,2023-10-26,62000,kerriking@harrison-kerr.biz,+1-016-651-5174x7723
18f1a1e4,Stanley Benson,62,Male,Marketing,PhD,2020-10-09,83000,znewman@keith.biz,001-314-356-0341x1462
2c8fabbc,Jordan Vasquez,48,Female,IT,Master,2023-08-13,119000,gpeters@thomas.com,(098)622-9671
7d7c59a5,Jonathon Kim,35,Female,Marketing,Master,2023-09-18,113000,vhanson@sullivan.com,+1-010-163-2900x0421
f44f5031,Brent Lewis,47,Male,IT,Bachelor,2019-07-03,61000,gknight@jones.com,+1-065-841-8174x342
67cbfc39,Melissa Wolf,46,Other,IT,Diploma,2019-10-08,82000,littleautumn@howard.com,+1-821-611-9958x824
50bf2995,Katherine Downs,25,Male,Operations,,2017-04-25,31000,fthompson@gmail.com,6563353685
77ed78d9,Jonathan Davis,50,Male,IT,Diploma,2020-11-11,107000,nicolehunter@wilson.com,(510)611-6389x449
6d1e0d7d,Brian Nichols,46,Male,Marketing,PhD,2018-04-13,58000,scottnathaniel@gmail.com,+1-919-303-1584x256
8412a335,Jacob Brewer,46,Male,Marketing,Master,2019-03-06,27000,aaron37@clark-mercado.info,758.130.1217
39b9c13a,Brian Taylor,29,Female,hr,Bachelor,2024-09-14,106000,stephenjimenez@graves.com,963.317.7633
8e4c3ab5,Joann Sanders,59,Other,,High School,2024-12-10,114000,christophertapia@yahoo.com,001-196-346-1087x598
5170a2ef,Shawn Patel,23,Female,finance,Bachelor,2019-01-30,68000,gonzalesbridget@jacobs-allen.com,001-691-372-7564x61404
ec1a86d3,John Stewart,29,Other,Admin,,2024-08-17,94000,kporter@fields.com,(778)236-8131
bf4113cb,Mr. Charles Young,24,Other,,Bachelor,2019-07-17,42000,lphelps@tucker-carroll.biz,(030)086-3864x99927
140642a8,Donna Reese,56,Other,It,PhD,2020-01-30,79000,ballardadam@russell-washington.info,748.510.1751x676
0cf173f9,Donald Coleman,23,Other,Admin,Master,2025-10-05,89000,james90@hotmail.com,7705772975
750acc98,Dean Harris,37,Female,IT,PhD,2022-04-14,105000,jkirby@yahoo.com,+1-582-943-8002
e27bb6c4,Jason Smith,27,Other,hr,Bachelor,2024-04-18,61000,wreilly@hotmail.com,885-344-4859
ec2a322b,Elizabeth Mccoy,60,Male,Marketing,,2015-12-20,96000,robert51@yahoo.com,9141762563
1a5165ca,Kristen Ray,,Other,Admin,Bachelor,2024-10-26,33000,stanleybryan@arnold.com,+1-859-787-1913
902f3465,Rebecca Houston,24,Other,hr,Master,2016-10-27,72000,melody90@hotmail.com,(382)389-2565
9a980457,Charles Rice,21,Female,It,,2017-03-20,106000,amber04@gmail.com,+1-051-230-3352x5114
6035d9af,Lisa Odonnell,43,Male,Admin,,2022-01-25,100000,cynthia35@hotmail.com,(744)475-2711x3037
3730dfba,Bethany Baxter MD,29,Male,Admin,Diploma,2017-11-09,76000,lgarrett@williams-mckinney.net,(876)756-6731
f481b9cb,David Mitchell,48,Other,IT,Bachelor,2023-08-13,68000,stevengibson@gmail.com,018-802-3259x73668
3b482d28,Jessica Thompson,25,Other,Finance,Bachelor,2019-12-22,118000,george09@yahoo.com,+1-091-763-5558x9479
696608aa,Elizabeth Thomas,46,Female,Finance,High School,2016-07-14,32000,khoward@yahoo.com,001-698-322-9918x12809
5c230306,Erica Turner,26,Female,Finance,PhD,2017-11-28,113000,brandon21@hotmail.com,361.237.7874x618
0d22af35,James Richardson,37,Female,hr,High School,2024-02-22,99000,zpitts@kirk.info,(088)500-2999x077
639c4c6c,Julie Padilla,40,Other,It,Bachelor,2024-09-08,49000,fholloway@hotmail.com,001-599-386-9383
8505d91d,Desiree Jimenez,51,Male,It,Diploma,2023-04-08,49000,maryfreeman@jones.com,386-364-5895x49671
fb8fe8c4,Mark Wilson,21,Female,finance,,2018-04-10,26000,dramirez@stewart-davis.org,(760)244-0114x3205
e9a1c6d5,Becky King,30,Male,IT,High School,2018-01-07,65000,austin63@gmail.com,346.526.7499x883
84a91789,Rhonda Allen,47,Female,,PhD,2018-09-03,74000,troy04@fry.com,126-035-4258x5958
0490eb68,Christina Davis,57,Other,Operations,Master,2021-11-18,112000,beckypierce@whitney.net,155-374-0076x58341
7a4c38ef,David Rivers,48,Female,Finance,PhD,2025-09-26,97000,michael43@key-trujillo.com,527.762.0090x036
f143262f,Dwayne Joseph,46,Male,HR,Master,2024-07-06,92000,andersonjason@yahoo.com,843.321.3300
774c0afa,Ashley Hunt,35,Male,finance,,2021-10-16,70000,ogarcia@yahoo.com,998-627-7028
c69e17c9,James Mckinney,26,Other,HR,,2018-06-09,111000,hancockmichael@hotmail.com,(249)304-5981
4ce09ecb,Elizabeth Skinner MD,26,Male,IT,PhD,2022-08-24,51000,kirkaustin@gmail.com,6057993412
794e0838,Laura Atkins,64,Male,Operations,,2019-07-18,107000,bmolina@hotmail.com,452.436.8017
f6f61488,Mandy Lee,29,Male,Operations,High School,2022-07-20,107000,haleydean@yahoo.com,628-347-5480
eb93f78c,Alison Zuniga,40,Other,Finance,High School,2023-04-11,91000,oholmes@gmail.com,+1-273-980-9988
436ae2bb,Julia Mullins,56,Other,,High School,2019-08-06,77000,msmith@yahoo.com,001-523-363-1454
420fd9a8,Lauren Marshall,28,Other,Operations,Bachelor,2024-12-08,77000,ocarroll@caldwell-avila.com,712.934.1455
ee6c69f7,Christopher Howard,50,Female,hr,Master,2023-11-05,116000,xdurham@huynh.info,802-366-1540
a46acc9a,Xavier Hanson,47,Male,hr,PhD,2025-09-18,84000,villanuevatodd@hess.com,(355)775-4372x95412
b69415c7,Mary Williams,50,Female,Admin,Bachelor,2018-02-19,94000,millermatthew@gmail.com,(476)859-0148x452
8855817d,Chad Taylor,54,Other,Marketing,Diploma,2024-03-30,96000,ricardohill@yahoo.com,3982002844
69c718ee,Lisa Morales,45,Female,finance,Master,2018-12-20,76000,gpugh@yahoo.com,001-502-121-6201x69675
5f89ed12,Janice Gilbert,48,Other,finance,Bachelor,2025-01-23,41000,kingyolanda@rich-hopkins.biz,001-266-695-9818
37f25d36,Dylan Johnston,51,Female,Operations,High School,2020-04-03,48000,jacobsjeffrey@yahoo.com,873-477-7842
06e3f949,Ronald Gonzalez,53,Male,,Master,2024-10-22,81000,greenchad@keith-martin.net,001-238-025-5578x179
d73aae7b,Jennifer Barrett,60,Other,Admin,High School,2017-01-30,82000,vsmith@nunez.com,(126)811-8249x32832
3facabcc,Joseph Edwards,21,Female,,Diploma,2022-08-25,91000,lmitchell@yahoo.com,001-079-638-5838x98333
be332380,Gary Myers,43,Male,Operations,High School,2015-10-29,59000,hensleyleslie@gmail.com,001-575-616-7322x71548
cf89569d,Connie Neal,35,Female,Sales,PhD,2025-05-04,47000,hduncan@gmail.com,+1-144-879-4769x32572
044251db,Susan Davis,41,Female,It,,2021-06-08,77000,mary33@yahoo.com,246.330.3458x4094
033d2bce,Sean Wagner,53,Other,finance,High School,2024-08-21,27000,aprilhouse@yahoo.com,001-453-656-0267x4121
b390b059,Jonathan Russell,25,Male,Marketing,Bachelor,2017-10-12,65000,gordonjason@yahoo.com,001-724-200-9299x695
39d11950,Miguel Smith,57,Other,finance,Bachelor,2022-11-23,74000,ahall@hotmail.com,+1-289-660-6475x32557
5ae0bb5a,Sarah Woods,47,Female,Sales,Diploma,2024-09-04,84000,elewis@carrillo.com,731.770.1577
8e2ac3ff,Greg Wood,28,Male,hr,,2019-09-04,40000,derek63@gmail.com,001-728-963-0812x1967
d25864f2,Crystal Davis,64,Female,Operations,High School,2024-09-11,63000,nhunt@dixon.com,001-884-377-2118
6c905f13,Vanessa Walker,57,Male,Marketing,High School,2020-03-14,62000,elizabeth97@yahoo.com,(526)820-2186
a50784cb,Benjamin Wilkinson,55,Male,,PhD,2023-04-30,46000,staceyrose@mcbride-wise.com,001-693-895-0200x5295
7580e4e9,Justin Hammond,59,Other,Operations,Diploma,2019-01-05,76000,caleb79@burton-moore.com,919.001.1284
6fa17735,David Armstrong,27,Female,Finance,Bachelor,2018-03-05,85000,dana66@garcia-gomez.com,970.163.1629
34afa2e1,Erik Williams,45,Female,Admin,Diploma,2016-05-09,78000,gabrielgoodman@phillips-hall.com,(763)953-2115x130
236e9007,Brandy Walter,42,Male,Sales,PhD,2017-10-07,112000,davidbrown@anderson.com,+1-088-438-3213x2131
60042231,Bradley Walker,21,Male,Operations,Master,2025-02-01,33000,nicholaswalker@smith.com,4867828853
4d747649,Scott Wade,55,Other,hr,High School,2022-10-03,50000,montgomeryjasmine@dougherty.biz,(387)372-0564x7592
a8702d97,Mark Boyle,22,Other,hr,PhD,2020-06-09,111000,rwilliams@peterson-greene.biz,+1-272-860-2773x05463
3f6eed9d,Richard Riley,52,Female,Finance,Diploma,2017-03-31,77000,woodsclarence@gmail.com,001-253-861-8173x143
9fbc879e,Nicole Sanchez,56,Female,Marketing,PhD,2016-07-26,62000,paulperez@schaefer.com,(978)280-7535
5df06e8c,Crystal Wallace,62,Female,HR,Bachelor,2016-12-23,40000,jessica54@gmail.com,682.054.2602x442
8567c805,Charles Ramos,40,Other,IT,Diploma,2016-10-06,31000,timothycampbell@hotmail.com,769.693.9110x989
a1ad9f14,Paula Roberts,58,Female,IT,High School,2020-01-07,118000,monica32@hotmail.com,853.275.8655
97f971d5,Tracy Mcguire,52,Female,Sales,Diploma,2019-01-24,92000,alexisbridges@gmail.com,+1-773-595-0849
f31046dc,Ryan Gonzalez,52,Other,Finance,,2024-07-09,40000,kim16@english.biz,001-846-858-5760
252151f9,Brooke Johnson,61,Other,Operations,High School,2022-05-07,26000,jacksonlauren@ray.info,(701)090-1609x3518
3487246c, christina roberts  ,40,Other,IT,Diploma,2024-05-01,26000,nancybridges@gmail.com,(206)339-9534
23d7e6a1,Maria Malone,44,Female,Operations,PhD,2020-11-28,86000,fmays@gmail.com,+1-718-551-6877x00184
c4f5b03e,Martin Elliott,53,Male,hr,PhD,2016-04-23,104000,thompsonevan@hotmail.com,(107)672-8095x0483
cb33478a,Latoya Fitzgerald,21,Male,Marketing,PhD,2021-03-01,68000,heather57@hotmail.com,494-094-9226x1611
e522266c,Jaime Lewis,36,Female,hr,,2019-03-02,37000,laurajackson@hotmail.com,(535)302-4324x295
2620f9a9,Jamie French,26,Male,Finance,,2022-07-10,57000,mscott@gmail.com,+1-406-470-8870x4491
bca83a82,Ashley Greene,64,Male,,PhD,2021-06-30,76000,christina73@robinson.net,017.650.1280
4242fc5c,Kurt Montgomery,45,Other,Sales,Master,2025-08-10,76000,pjones@coleman.com,430.354.4437
68e5c8cd,Austin Smith,52,Other,finance,Bachelor,2019-03-28,56000,mhancock@hotmail.com,1774950354
680bac63,Maria Myers,26,Male,Admin,High School,2022-08-12,33000,anna65@clark.biz,+1-749-383-4162x3252
c5c5b37a,Michelle Newman,31,Female,hr,Bachelor,2024-08-15,95000,elizabethburke@wall.com,211-218-2882x914
567e642e,Olivia Randolph,33,Male,Admin,Master,2025-10-14,87000,obullock@gmail.com,(887)132-2875x428
9e15ebcc,Thomas Mills,39,Other,Sales,Diploma,2018-11-17,36000,ehenry@gmail.com,951-294-2266x9198
0b90b03d,Ricky Munoz,23,Female,HR,PhD,2017-08-21,27000,leeelizabeth@wright.net,652.034.7551x723
730ad7de,Julie Johnson,43,Male,HR,Master,2020-06-14,62000,emichael@gmail.com,(933)729-7459
7d1d3494,Travis Hubbard,33,Other,finance,PhD,2017-01-26,47000,churley@hotmail.com,336-323-4581x1708
9dec2b83,Rachel Smith,59,Male,Admin,,2023-08-26,54000,jenniferjohnson@mcclain-fowler.info,105.953.2508
2877f5d9,Nathaniel Walter,22,Other,hr,High School,2022-03-30,25000,qcarpenter@gmail.com,+1-824-404-2832x42009
7d7ddbed,Todd Lutz,43,Male,Sales,High School,2018-10-29,43000,qhester@yahoo.com,(382)459-6223x9724
8623bc74,Eric Ponce,31,Other,It,Bachelor,2019-04-12,88000,vernon37@singleton-campos.net,(592)665-0937x30016
4b91b8cb,Henry Huerta,24,Other,Operations,Master,2018-07-20,49000,davisemily@gmail.com,001-573-033-4160
9fb886b2,John Hooper,58,Female,It,Master,2025-06-08,79000,johnjohnson@hotmail.com,+1-998-916-1905x811
69efafb1,Paul Wolf,55,Female,Admin,High School,2023-10-12,36000,jacob92@holland-lawrence.biz,(045)242-0526
2e0fb5b3,Cynthia Williams,59,Male,Operations,,2023-07-05,119000,michael87@yahoo.com,958.049.5660x356
e6b9f3a3,Monica Torres,35,Other,finance,Bachelor,2022-01-17,85000,zdavis@jones.org,(598)654-1785
85c53910,Kristie Hendrix MD,57,Female,IT,Diploma,2021-01-09,40000,kcamacho@hotmail.com,+1-013-742-5871
f60b9881,Lori Williams,39,Other,HR,Master,2020-06-20,71000,crystal02@smith.com,443-382-8545x8262
43c07d43,Kylie Bailey,34,Female,hr,,2021-07-03,75000,alvarezcrystal@thompson.com,001-423-653-7558x49128
fa3f012e,Natalie Stanley,26,Male,HR,High School,2017-11-09,78000,michellebecker@yahoo.com,+1-257-065-6320
164b85f0,Austin Taylor,20,Other,It,High School,2018-12-28,25000,ginacastro@hotmail.com,494.841.3529
946b4482,Jordan Mason,54,Male,HR,High School,2020-04-12,33000,finleywhitney@gmail.com,190.223.3348x4600
edb68b81, ryan santos  ,24,Female,Admin,Diploma,2018-05-06,102000,sydneycox@ramsey-stevenson.com,(825)857-7029
94fb09f0,Brandi Brown,,Other,hr,Master,2017-05-15,80000,margarettaylor@gmail.com,(196)971-6877x5411
1f89cec2,Brent Lopez,37,Female,hr,Diploma,2023-06-08,74000,peckvictoria@friedman-lynch.info,733-776-7476x727
c310d2a2,Robert James,58,Female,finance,,2020-04-23,41000,walterporter@hotmail.com,335-067-8642
a190aa44,Larry Pitts,61,Male,,High School,2017-12-02,51000,nguyenpatricia@yahoo.com,6936133614
b5ae2a56,Christopher Dalton,53,Other,hr,Master,2025-01-07,53000,walkercody@brown.com,+1-141-046-8715x61220
36fea0b4,Kathy Steele,62,Female,finance,,2022-04-18,98000,sethlynch@yahoo.com,0455252654
b1d81887,Jennifer Smith,36,Female,Sales,Master,2019-08-10,50000,bjohnson@mccoy.net,(283)751-9828
afcfea4d,Juan Chan,,Other,hr,,2017-07-05,77000,bonniejackson@hotmail.com,+1-354-927-1523x3619
ab7d09b2,Veronica Sweeney,63,Male,,High School,2016-09-11,64000,connie98@yahoo.com,7852433805
a8cfe589,Robert Bauer,21,Other,,Master,2020-06-03,109000,sanchezmegan@jones-johns.com,+1-601-313-2107x032
9347f486,Travis Hughes,57,Female,Sales,Master,2017-08-22,90000,lisahall@velasquez-wells.com,(555)355-3969x772
55f01600,Bryan Gonzalez MD,25,Female,Finance,High School,2024-06-01,86000,heatherwells@roberson.com,(129)906-5001x595
ddd1dfb2,Stephen Parks,20,Female,,Diploma,2015-12-02,110000,sharon78@hotmail.com,+1-675-957-9633x7119
c2e79a98,Steven King,54,Female,,High School,2021-10-24,90000,zperez@bell.info,+1-098-731-3312x568
5fed5cb7,Robert Foster,50,Female,Marketing,Bachelor,2024-05-15,76000,anthony03@stephens.info,+1-310-965-1725x72836
1e26ed31,Amanda Bishop,45,Male,Marketing,,2016-01-02,35000,reevesnicholas@bowers.biz,+1-316-755-0310x938
a0279a18,Daniel Merritt,35,Other,hr,,2017-08-19,59000,tina84@casey-nelson.info,(583)668-2406
39bfc9b6,Colleen Hernandez,42,Male,Marketing,Diploma,2016-05-31,93000,tsherman@hotmail.com,6336066027
3a9048cc,Larry Crawford,42,Male,Admin,Master,2023-04-29,,rdixon@yahoo.com,309-469-2696
c166a8b3,Matthew Farley,29,Male,Marketing,Master,2019-05-03,42000,bryan59@yahoo.com,001-835-620-4389x500
2851a8be,Tammy Daniel,41,Other,Operations,Diploma,2021-09-22,101000,jfernandez@hotmail.com,+1-216-722-3402x879
b0e6a969,Jeremiah Rowland,63,Other,hr,,2019-02-27,102000,nking@adams-king.com,+1-904-549-0654x78292
5c17ebb5,Kelly Rodriguez,43,Other,Marketing,Master,2019-07-03,61000,maria52@andrews.info,(783)123-4299
8c813e53,Michael Parker,22,Other,hr,High School,2018-03-02,93000,shannonsnyder@hotmail.com,001-483-021-0878x7044
72114575,James Hood,59,Female,Marketing,High School,2018-01-27,109000,ybrooks@garrison.biz,339.122.2462
70a32883,Sherry Miller,57,Female,Marketing,Diploma,2015-10-28,74000,karen59@gmail.com,+1-659-244-6026
df41e335,Linda Patrick,20,Other,Operations,,2022-03-17,92000,urobles@king.org,001-071-308-0287x852
cf1643a0,Michael Clay,27,Other,Sales,Master,2018-06-29,45000,sabrina01@gmail.com,6423218081
d4575305,Hannah Marquez,,Female,Operations,Diploma,2023-01-10,89000,hernandezricky@miles-payne.net,586.218.7540x657
c4605896,Sandra Ingram,64,Male,,Diploma,2025-09-07,94000,gjimenez@cabrera-cole.info,(161)060-6558
f10c718b,Christopher Farrell,55,Other,HR,Master,2022-11-20,89000,josephcoleman@hotmail.com,001-432-445-7434x2595
3fac4317,Heather Pittman,53,Male,It,High School,2021-06-11,68000,frankwilson@yahoo.com,+1-760-004-0839x36666
20733f6d,Stephanie Hernandez,22,Female,Admin,PhD,2019-08-24,64000,rpham@hotmail.com,(991)945-7634
816bcb9f,Steven Butler,57,Other,Admin,Master,2017-05-11,59000,shawnharris@yahoo.com,537-401-2684x9085
d9b59f84,Melinda Anderson,61,Female,Operations,High School,2022-01-10,109000,rojassteven@yahoo.com,(411)894-7471x79938
fbda05ae,Taylor Howard,54,Other,IT,Master,2021-07-23,98000,whitekelly@gmail.com,693.110.3100x2679
bd1116ee,Taylor Stark,64,Female,Sales,,2021-07-12,37000,duncanbobby@hotmail.com,085-070-8517x6751
4f842010,Amber Burns,60,Male,hr,Bachelor,2021-03-06,119000,gilmorejennifer@ayala.com,1828595868
d2e08e57,Amanda Brown,32,Female,Sales,High School,2020-12-30,83000,pcooper@gmail.com,168-645-7466x729
df9b141e,Angel Rojas,54,Other,Operations,Master,2017-01-29,60000,jacob39@horn.com,9164619158
8f964685,Timothy Sanchez,55,Female,hr,PhD,2017-02-03,70000,jacob79@kemp.com,922.282.1021
d56ce8ea,James Cummings,,Female,HR,Master,2020-04-02,112000,keith79@hotmail.com,(570)267-2182
d7be7b4f,Omar Weeks,46,Other,Operations,Diploma,2024-06-10,25000,bramirez@yahoo.com,683-447-8971x277
bcaff931,Frank Freeman,63,Other,hr,PhD,2025-05-15,106000,michaelnelson@hotmail.com,(437)826-2594x583
f3abea0d,Amy Adams,52,Female,,High School,2017-04-22,54000,rlynch@gmail.com,580.482.7642x33693
79ea5621,Jeffrey Watts,62,Female,IT,PhD,2025-08-23,57000,blake44@yahoo.com,523.035.2602x4869
5b951652,Clayton Jennings,40,Other,Operations,Diploma,2023-08-28,28000,srobinson@yahoo.com,0633388700
411920f6,Zachary Mckay,46,Female,,Master,2020-08-31,39000,stephensstacy@moore.net,(042)172-5401x48612
277529a2,Lisa Hendricks,59,Male,,Master,2024-05-12,42000,mia71@steele.net,982.700.6629
032a09e0,Ann Peterson,53,Female,HR,Bachelor,2025-08-12,62000,gonzalesholly@jones.org,485-312-4175x9164
a8761e85,Jean Murillo,39,Other,HR,,2021-09-12,109000,wpeters@yahoo.com,119.690.2138x686
